time,time_utc,date_eat,hour_eat,month_eat,day_of_year_eat,precipitation_probability,probability_of_rain_percent,rain_mm,cloud_cover,cloud_cover_total_percent,evapotranspiration_mm,soil_temperature_c,soil_moisture_m3m3,rain_occurrence
2026-03-02T03:00:00,2026-03-02T00:00:00Z,2026-03-02,3,3,61,18,18,0.0,88,88,0.0,,,0
2026-03-02T04:00:00,2026-03-02T01:00:00Z,2026-03-02,4,3,61,43,43,0.0,100,100,0.0,,,0
2026-03-02T05:00:00,2026-03-02T02:00:00Z,2026-03-02,5,3,61,77,77,0.0,100,100,0.01,17.1,0.287,0
2026-03-02T06:00:00,2026-03-02T03:00:00Z,2026-03-02,6,3,61,100,100,0.0,100,100,0.01,17.0,0.286,0
2026-03-02T07:00:00,2026-03-02T04:00:00Z,2026-03-02,7,3,61,99,99,0.0,100,100,0.01,16.8,0.284,0
2026-03-02T08:00:00,2026-03-02T05:00:00Z,2026-03-02,8,3,61,86,86,0.0,100,100,0.02,16.9,0.282,0
2026-03-02T09:00:00,2026-03-02T06:00:00Z,2026-03-02,9,3,61,78,78,0.0,67,67,0.12,18.0,0.28,0
2026-03-02T10:00:00,2026-03-02T07:00:00Z,2026-03-02,10,3,61,83,83,0.0,54,54,0.26,19.6,0.276,0
2026-03-02T11:00:00,2026-03-02T08:00:00Z,2026-03-02,11,3,61,92,92,0.0,68,68,0.36,21.4,0.272,0
2026-03-02T12:00:00,2026-03-02T09:00:00Z,2026-03-02,12,3,61,96,96,0.0,68,68,0.39,22.9,0.267,0
2026-03-02T13:00:00,2026-03-02T10:00:00Z,2026-03-02,13,3,61,87,87,0.0,72,72,0.38,24.0,0.265,0
2026-03-02T14:00:00,2026-03-02T11:00:00Z,2026-03-02,14,3,61,72,72,0.0,65,65,0.35,24.6,0.263,0
2026-03-02T15:00:00,2026-03-02T12:00:00Z,2026-03-02,15,3,61,63,63,0.0,81,81,0.34,25.5,0.259,0
2026-03-02T16:00:00,2026-03-02T13:00:00Z,2026-03-02,16,3,61,66,66,0.0,88,88,0.26,25.0,0.262,0
2026-03-02T17:00:00,2026-03-02T14:00:00Z,2026-03-02,17,3,61,75,75,0.0,82,82,0.19,24.1,0.26,0
2026-03-02T18:00:00,2026-03-02T15:00:00Z,2026-03-02,18,3,61,78,78,0.0,99,99,0.11,23.1,0.26,0
2026-03-02T19:00:00,2026-03-02T16:00:00Z,2026-03-02,19,3,61,67,67,0.0,100,100,0.04,21.8,0.34,0
2026-03-02T20:00:00,2026-03-02T17:00:00Z,2026-03-02,20,3,61,50,50,0.0,100,100,0.03,20.7,0.343,0
2026-03-02T21:00:00,2026-03-02T18:00:00Z,2026-03-02,21,3,61,41,41,0.0,45,45,0.02,20.3,0.295,0
2026-03-02T22:00:00,2026-03-02T19:00:00Z,2026-03-02,22,3,61,49,49,0.0,47,47,0.01,19.6,0.289,0
2026-03-02T23:00:00,2026-03-02T20:00:00Z,2026-03-02,23,3,61,64,64,0.0,65,65,0.01,19.0,0.285,0
2026-03-03T00:00:00,2026-03-02T21:00:00Z,2026-03-03,0,3,62,73,73,0.0,76,76,0.01,18.7,0.282,0
2026-03-03T01:00:00,2026-03-02T22:00:00Z,2026-03-03,1,3,62,67,67,0.0,79,79,0.01,18.4,0.28,0
2026-03-03T02:00:00,2026-03-02T23:00:00Z,2026-03-03,2,3,62,54,54,0.0,82,82,0.01,18.2,0.278,0
2026-03-03T03:00:00,2026-03-03T00:00:00Z,2026-03-03,3,3,62,45,45,0.0,92,92,-0.0,18.1,0.266,0
2026-03-03T04:00:00,2026-03-03T01:00:00Z,2026-03-03,4,3,62,47,47,0.0,80,80,-0.0,17.8,0.265,0
2026-03-03T05:00:00,2026-03-03T02:00:00Z,2026-03-03,5,3,62,53,53,0.0,86,86,-0.0,17.4,0.265,0
2026-03-03T06:00:00,2026-03-03T03:00:00Z,2026-03-03,6,3,62,57,57,0.0,91,91,-0.0,17.0,0.264,0
2026-03-03T07:00:00,2026-03-03T04:00:00Z,2026-03-03,7,3,62,55,55,0.0,90,90,-0.0,16.7,0.264,0
2026-03-03T08:00:00,2026-03-03T05:00:00Z,2026-03-03,8,3,62,52,52,0.0,81,81,0.01,17.0,0.263,0
2026-03-03T09:00:00,2026-03-03T06:00:00Z,2026-03-03,9,3,62,53,53,0.0,83,83,0.11,18.4,0.261,0
2026-03-03T10:00:00,2026-03-03T07:00:00Z,2026-03-03,10,3,62,65,65,0.0,68,68,0.21,20.1,0.257,0
2026-03-03T11:00:00,2026-03-03T08:00:00Z,2026-03-03,11,3,62,81,81,0.0,56,56,0.3,21.7,0.253,0
2026-03-03T12:00:00,2026-03-03T09:00:00Z,2026-03-03,12,3,62,92,92,0.0,45,45,0.36,23.4,0.248,0
2026-03-03T13:00:00,2026-03-03T10:00:00Z,2026-03-03,13,3,62,93,93,0.0,80,80,0.39,24.8,0.243,0
2026-03-03T14:00:00,2026-03-03T11:00:00Z,2026-03-03,14,3,62,88,88,0.0,91,91,0.32,25.0,0.244,0
2026-03-03T15:00:00,2026-03-03T12:00:00Z,2026-03-03,15,3,62,84,84,0.0,90,90,0.27,25.1,0.254,0
2026-03-03T16:00:00,2026-03-03T13:00:00Z,2026-03-03,16,3,62,83,83,0.0,84,84,0.25,25.1,0.252,0
2026-03-03T17:00:00,2026-03-03T14:00:00Z,2026-03-03,17,3,62,82,82,0.0,100,100,0.17,24.1,0.277,0
2026-03-03T18:00:00,2026-03-03T15:00:00Z,2026-03-03,18,3,62,80,80,0.0,100,100,0.09,22.9,0.287,0
2026-03-03T19:00:00,2026-03-03T16:00:00Z,2026-03-03,19,3,62,75,75,0.0,100,100,0.03,21.7,0.276,0
2026-03-03T20:00:00,2026-03-03T17:00:00Z,2026-03-03,20,3,62,68,68,0.0,100,100,0.01,20.7,0.271,0
2026-03-03T21:00:00,2026-03-03T18:00:00Z,2026-03-03,21,3,62,67,67,0.0,100,100,0.01,20.4,0.256,0
2026-03-03T22:00:00,2026-03-03T19:00:00Z,2026-03-03,22,3,62,78,78,0.0,100,100,0.01,19.8,0.263,0
2026-03-03T23:00:00,2026-03-03T20:00:00Z,2026-03-03,23,3,62,95,95,0.0,100,100,0.01,19.4,0.297,0
2026-03-04T00:00:00,2026-03-03T21:00:00Z,2026-03-04,0,3,63,98,98,0.0,100,100,0.01,19.1,0.314,0
2026-03-04T01:00:00,2026-03-03T22:00:00Z,2026-03-04,1,3,63,72,72,0.0,100,100,0.01,18.9,0.313,0
2026-03-04T02:00:00,2026-03-03T23:00:00Z,2026-03-04,2,3,63,32,32,0.2,100,100,0.01,18.8,0.33,1
2026-03-04T03:00:00,2026-03-04T00:00:00Z,2026-03-04,3,3,63,10,10,0.2,100,100,0.01,18.7,0.287,1
2026-03-04T04:00:00,2026-03-04T01:00:00Z,2026-03-04,4,3,63,23,23,0.6,100,100,0.01,18.5,0.3,1
2026-03-04T05:00:00,2026-03-04T02:00:00Z,2026-03-04,5,3,63,54,54,0.2,100,100,0.01,18.4,0.313,1
2026-03-04T06:00:00,2026-03-04T03:00:00Z,2026-03-04,6,3,63,78,78,0.1,100,100,0.01,18.2,0.313,1
2026-03-04T07:00:00,2026-03-04T04:00:00Z,2026-03-04,7,3,63,86,86,0.0,97,97,-0.0,18.0,0.302,0
2026-03-04T08:00:00,2026-03-04T05:00:00Z,2026-03-04,8,3,63,87,87,0.0,97,97,0.01,18.1,0.296,0
2026-03-04T09:00:00,2026-03-04T06:00:00Z,2026-03-04,9,3,63,84,84,0.0,81,81,0.07,18.9,0.293,0
2026-03-04T10:00:00,2026-03-04T07:00:00Z,2026-03-04,10,3,63,76,76,0.0,74,74,0.27,20.2,0.286,0
2026-03-04T11:00:00,2026-03-04T08:00:00Z,2026-03-04,11,3,63,64,64,0.0,98,98,0.41,21.7,0.28,0
2026-03-04T12:00:00,2026-03-04T09:00:00Z,2026-03-04,12,3,63,59,59,0.0,79,79,0.48,23.1,0.274,0
2026-03-04T13:00:00,2026-03-04T10:00:00Z,2026-03-04,13,3,63,69,69,0.0,77,77,0.47,24.5,0.269,0
2026-03-04T14:00:00,2026-03-04T11:00:00Z,2026-03-04,14,3,63,87,87,0.0,100,100,0.38,25.2,0.264,0
2026-03-04T15:00:00,2026-03-04T12:00:00Z,2026-03-04,15,3,63,100,100,0.0,100,100,0.29,24.5,0.284,0
2026-03-04T16:00:00,2026-03-04T13:00:00Z,2026-03-04,16,3,63,100,100,0.0,100,100,0.22,24.0,0.366,0
2026-03-04T17:00:00,2026-03-04T14:00:00Z,2026-03-04,17,3,63,100,100,0.0,100,100,0.16,22.7,0.367,0
2026-03-04T18:00:00,2026-03-04T15:00:00Z,2026-03-04,18,3,63,98,98,0.0,100,100,0.08,21.7,0.366,0
2026-03-04T19:00:00,2026-03-04T16:00:00Z,2026-03-04,19,3,63,94,94,0.0,100,100,0.04,20.9,0.369,0
2026-03-04T20:00:00,2026-03-04T17:00:00Z,2026-03-04,20,3,63,90,90,0.0,100,100,0.02,20.3,0.351,0
2026-03-04T21:00:00,2026-03-04T18:00:00Z,2026-03-04,21,3,63,88,88,0.0,100,100,0.02,19.6,0.315,0
2026-03-04T22:00:00,2026-03-04T19:00:00Z,2026-03-04,22,3,63,91,91,0.0,100,100,0.01,19.2,0.309,0
2026-03-04T23:00:00,2026-03-04T20:00:00Z,2026-03-04,23,3,63,97,97,0.0,100,100,0.01,18.9,0.304,0
2026-03-05T00:00:00,2026-03-04T21:00:00Z,2026-03-05,0,3,64,100,100,0.0,100,100,0.01,18.6,0.3,0
2026-03-05T01:00:00,2026-03-04T22:00:00Z,2026-03-05,1,3,64,98,98,0.0,100,100,-0.0,18.3,0.296,0
2026-03-05T02:00:00,2026-03-04T23:00:00Z,2026-03-05,2,3,64,93,93,0.0,100,100,-0.0,18.0,0.293,0
2026-03-05T03:00:00,2026-03-05T00:00:00Z,2026-03-05,3,3,64,82,82,0.0,98,98,-0.0,17.7,0.295,0
2026-03-05T04:00:00,2026-03-05T01:00:00Z,2026-03-05,4,3,64,61,61,0.0,100,100,-0.0,17.4,0.292,0
2026-03-05T05:00:00,2026-03-05T02:00:00Z,2026-03-05,5,3,64,36,36,0.0,100,100,-0.0,17.2,0.29,0
2026-03-05T06:00:00,2026-03-05T03:00:00Z,2026-03-05,6,3,64,18,18,0.0,100,100,-0.0,17.1,0.288,0
2026-03-05T07:00:00,2026-03-05T04:00:00Z,2026-03-05,7,3,64,14,14,0.0,100,100,-0.0,16.9,0.287,0
2026-03-05T08:00:00,2026-03-05T05:00:00Z,2026-03-05,8,3,64,17,17,0.0,100,100,0.02,17.2,0.285,0
2026-03-05T09:00:00,2026-03-05T06:00:00Z,2026-03-05,9,3,64,24,24,0.0,100,100,0.15,18.6,0.282,0
2026-03-05T10:00:00,2026-03-05T07:00:00Z,2026-03-05,10,3,64,35,35,0.1,100,100,0.34,20.3,0.278,1
2026-03-05T11:00:00,2026-03-05T08:00:00Z,2026-03-05,11,3,64,51,51,0.1,100,100,0.41,21.9,0.274,1
2026-03-05T12:00:00,2026-03-05T09:00:00Z,2026-03-05,12,3,64,65,65,0.1,98,98,0.43,23.5,0.269,1
2026-03-05T13:00:00,2026-03-05T10:00:00Z,2026-03-05,13,3,64,78,78,0.1,54,54,0.46,25.4,0.264,1
2026-03-05T14:00:00,2026-03-05T11:00:00Z,2026-03-05,14,3,64,90,90,0.2,81,81,0.4,26.1,0.26,1
2026-03-05T15:00:00,2026-03-05T12:00:00Z,2026-03-05,15,3,64,98,98,0.0,87,87,0.27,26.6,0.257,0
2026-03-05T16:00:00,2026-03-05T13:00:00Z,2026-03-05,16,3,64,100,100,0.3,60,60,0.17,24.8,0.358,1
2026-03-05T17:00:00,2026-03-05T14:00:00Z,2026-03-05,17,3,64,100,100,0.0,99,99,0.12,23.2,0.367,0
2026-03-05T18:00:00,2026-03-05T15:00:00Z,2026-03-05,18,3,64,100,100,0.3,100,100,0.08,22.1,0.334,1
2026-03-05T19:00:00,2026-03-05T16:00:00Z,2026-03-05,19,3,64,99,99,0.3,100,100,0.04,21.2,0.351,1
2026-03-05T20:00:00,2026-03-05T17:00:00Z,2026-03-05,20,3,64,99,99,0.1,100,100,0.02,20.4,0.343,1
2026-03-05T21:00:00,2026-03-05T18:00:00Z,2026-03-05,21,3,64,98,98,0.1,100,100,0.02,20.0,0.339,1
2026-03-05T22:00:00,2026-03-05T19:00:00Z,2026-03-05,22,3,64,98,98,2.6,100,100,0.01,19.6,0.348,1
2026-03-05T23:00:00,2026-03-05T20:00:00Z,2026-03-05,23,3,64,99,99,1.5,100,100,0.02,19.3,0.345,1
2026-03-06T00:00:00,2026-03-05T21:00:00Z,2026-03-06,0,3,65,100,100,1.4,100,100,0.02,19.1,0.354,1
2026-03-06T01:00:00,2026-03-05T22:00:00Z,2026-03-06,1,3,65,100,100,0.9,100,100,0.01,18.9,0.396,1
2026-03-06T02:00:00,2026-03-05T23:00:00Z,2026-03-06,2,3,65,100,100,0.3,100,100,0.01,18.8,0.402,1
2026-03-06T03:00:00,2026-03-06T00:00:00Z,2026-03-06,3,3,65,100,100,0.0,100,100,0.02,18.5,0.377,0
2026-03-06T04:00:00,2026-03-06T01:00:00Z,2026-03-06,4,3,65,95,95,0.6,100,100,0.01,18.3,0.365,1
2026-03-06T05:00:00,2026-03-06T02:00:00Z,2026-03-06,5,3,65,88,88,0.1,47,47,0.01,18.2,0.343,1
2026-03-06T06:00:00,2026-03-06T03:00:00Z,2026-03-06,6,3,65,82,82,0.0,100,100,0.01,18.1,0.334,0
2026-03-06T07:00:00,2026-03-06T04:00:00Z,2026-03-06,7,3,65,78,78,0.7,100,100,0.01,17.9,0.324,1
2026-03-06T08:00:00,2026-03-06T05:00:00Z,2026-03-06,8,3,65,75,75,1.7,100,100,0.02,17.9,0.316,1
2026-03-06T09:00:00,2026-03-06T06:00:00Z,2026-03-06,9,3,65,73,73,1.2,95,95,0.08,18.3,0.31,1
2026-03-06T10:00:00,2026-03-06T07:00:00Z,2026-03-06,10,3,65,71,71,0.1,95,95,0.16,19.3,0.304,1
2026-03-06T11:00:00,2026-03-06T08:00:00Z,2026-03-06,11,3,65,70,70,0.0,100,100,0.34,20.7,0.302,0
2026-03-06T12:00:00,2026-03-06T09:00:00Z,2026-03-06,12,3,65,71,71,0.0,100,100,0.53,22.1,0.3,0
2026-03-06T13:00:00,2026-03-06T10:00:00Z,2026-03-06,13,3,65,77,77,0.1,100,100,0.55,23.4,0.291,1
2026-03-06T14:00:00,2026-03-06T11:00:00Z,2026-03-06,14,3,65,86,86,0.3,68,68,0.43,24.5,0.287,1
2026-03-06T15:00:00,2026-03-06T12:00:00Z,2026-03-06,15,3,65,92,92,0.1,94,94,0.33,25.4,0.291,1
2026-03-06T16:00:00,2026-03-06T13:00:00Z,2026-03-06,16,3,65,92,92,0.0,76,76,0.23,24.7,0.354,0
2026-03-06T17:00:00,2026-03-06T14:00:00Z,2026-03-06,17,3,65,89,89,0.0,34,34,0.16,23.3,0.372,0
2026-03-06T18:00:00,2026-03-06T15:00:00Z,2026-03-06,18,3,65,88,88,0.1,81,81,0.09,22.1,0.366,1
2026-03-06T19:00:00,2026-03-06T16:00:00Z,2026-03-06,19,3,65,91,91,0.1,72,72,0.04,21.1,0.373,1
2026-03-06T20:00:00,2026-03-06T17:00:00Z,2026-03-06,20,3,65,96,96,0.1,78,78,0.04,20.4,0.364,1
2026-03-06T21:00:00,2026-03-06T18:00:00Z,2026-03-06,21,3,65,100,100,0.2,100,100,0.03,19.9,0.364,1
2026-03-06T22:00:00,2026-03-06T19:00:00Z,2026-03-06,22,3,65,100,100,0.4,100,100,0.02,19.5,0.376,1
2026-03-06T23:00:00,2026-03-06T20:00:00Z,2026-03-06,23,3,65,100,100,0.4,100,100,0.02,19.2,0.379,1
2026-03-07T00:00:00,2026-03-06T21:00:00Z,2026-03-07,0,3,66,100,100,0.6,100,100,0.02,18.9,0.364,1
2026-03-07T01:00:00,2026-03-06T22:00:00Z,2026-03-07,1,3,66,94,94,1.3,100,100,0.02,18.6,0.34,1
2026-03-07T02:00:00,2026-03-06T23:00:00Z,2026-03-07,2,3,66,85,85,0.5,100,100,0.01,18.4,0.325,1
2026-03-07T03:00:00,2026-03-07T00:00:00Z,2026-03-07,3,3,66,80,80,0.1,100,100,0.01,18.2,0.327,1
2026-03-07T04:00:00,2026-03-07T01:00:00Z,2026-03-07,4,3,66,84,84,0.0,100,100,0.01,18.0,0.319,0
2026-03-07T05:00:00,2026-03-07T02:00:00Z,2026-03-07,5,3,66,91,91,0.0,70,70,0.01,17.7,0.312,0
2026-03-07T06:00:00,2026-03-07T03:00:00Z,2026-03-07,6,3,66,90,90,0.0,71,71,0.01,17.3,0.306,0
2026-03-07T07:00:00,2026-03-07T04:00:00Z,2026-03-07,7,3,66,73,73,0.0,36,36,0.01,17.0,0.302,0
2026-03-07T08:00:00,2026-03-07T05:00:00Z,2026-03-07,8,3,66,48,48,0.0,59,59,0.03,17.0,0.299,0
2026-03-07T09:00:00,2026-03-07T06:00:00Z,2026-03-07,9,3,66,33,33,0.0,98,98,0.18,18.2,0.296,0
2026-03-07T10:00:00,2026-03-07T07:00:00Z,2026-03-07,10,3,66,35,35,0.0,100,100,0.37,19.8,0.292,0
2026-03-07T11:00:00,2026-03-07T08:00:00Z,2026-03-07,11,3,66,47,47,0.1,80,80,0.47,21.2,0.287,1
2026-03-07T12:00:00,2026-03-07T09:00:00Z,2026-03-07,12,3,66,59,59,0.0,92,92,0.46,22.6,0.283,0
2026-03-07T13:00:00,2026-03-07T10:00:00Z,2026-03-07,13,3,66,70,70,0.2,57,57,0.41,23.8,0.279,1
2026-03-07T14:00:00,2026-03-07T11:00:00Z,2026-03-07,14,3,66,81,81,0.1,72,72,0.4,24.8,0.275,1
2026-03-07T15:00:00,2026-03-07T12:00:00Z,2026-03-07,15,3,66,90,90,0.0,35,35,0.31,24.6,0.277,0
2026-03-07T16:00:00,2026-03-07T13:00:00Z,2026-03-07,16,3,66,96,96,0.0,94,94,0.19,23.8,0.275,0
2026-03-07T17:00:00,2026-03-07T14:00:00Z,2026-03-07,17,3,66,98,98,0.2,98,98,0.1,23.1,0.277,1
2026-03-07T18:00:00,2026-03-07T15:00:00Z,2026-03-07,18,3,66,96,96,0.3,99,99,0.07,22.4,0.277,1
2026-03-07T19:00:00,2026-03-07T16:00:00Z,2026-03-07,19,3,66,86,86,0.2,100,100,0.03,21.5,0.278,1
2026-03-07T20:00:00,2026-03-07T17:00:00Z,2026-03-07,20,3,66,71,71,0.2,99,99,0.02,20.6,0.278,1
2026-03-07T21:00:00,2026-03-07T18:00:00Z,2026-03-07,21,3,66,57,57,0.0,99,99,0.01,19.9,0.278,0
2026-03-07T22:00:00,2026-03-07T19:00:00Z,2026-03-07,22,3,66,47,47,0.0,96,96,0.01,19.3,0.278,0
2026-03-07T23:00:00,2026-03-07T20:00:00Z,2026-03-07,23,3,66,39,39,0.0,99,99,0.01,18.8,0.278,0
2026-03-08T00:00:00,2026-03-07T21:00:00Z,2026-03-08,0,3,67,31,31,0.0,100,100,0.01,18.4,0.278,0
2026-03-08T01:00:00,2026-03-07T22:00:00Z,2026-03-08,1,3,67,21,21,0.0,100,100,0.01,18.0,0.277,0
2026-03-08T02:00:00,2026-03-07T23:00:00Z,2026-03-08,2,3,67,10,10,0.0,100,100,0.01,17.6,0.277,0
2026-03-08T03:00:00,2026-03-08T00:00:00Z,2026-03-08,3,3,67,2,2,0.0,100,100,0.01,17.4,0.28,0
2026-03-08T04:00:00,2026-03-08T01:00:00Z,2026-03-08,4,3,67,0,0,0.0,96,96,0.01,17.1,0.28,0
2026-03-08T05:00:00,2026-03-08T02:00:00Z,2026-03-08,5,3,67,0,0,0.0,50,50,0.01,16.9,0.279,0
2026-03-08T06:00:00,2026-03-08T03:00:00Z,2026-03-08,6,3,67,0,0,0.0,85,85,0.01,16.6,0.278,0
2026-03-08T07:00:00,2026-03-08T04:00:00Z,2026-03-08,7,3,67,0,0,0.0,88,88,0.01,16.3,0.278,0
2026-03-08T08:00:00,2026-03-08T05:00:00Z,2026-03-08,8,3,67,0,0,0.0,6,6,0.02,16.6,0.277,0
2026-03-08T09:00:00,2026-03-08T06:00:00Z,2026-03-08,9,3,67,0,0,0.0,95,95,0.11,18.2,0.274,0
2026-03-08T10:00:00,2026-03-08T07:00:00Z,2026-03-08,10,3,67,7,7,0.0,59,59,0.3,20.5,0.27,0
2026-03-08T11:00:00,2026-03-08T08:00:00Z,2026-03-08,11,3,67,17,17,0.0,73,73,0.4,22.6,0.265,0
2026-03-08T12:00:00,2026-03-08T09:00:00Z,2026-03-08,12,3,67,31,31,0.1,26,26,0.42,24.3,0.261,1
2026-03-08T13:00:00,2026-03-08T10:00:00Z,2026-03-08,13,3,67,51,51,0.1,55,55,0.44,25.6,0.256,1
2026-03-08T14:00:00,2026-03-08T11:00:00Z,2026-03-08,14,3,67,75,75,0.1,100,100,0.4,26.1,0.253,1
2026-03-08T15:00:00,2026-03-08T12:00:00Z,2026-03-08,15,3,67,90,90,0.1,100,100,0.34,26.2,0.251,1
2026-03-08T16:00:00,2026-03-08T13:00:00Z,2026-03-08,16,3,67,89,89,0.0,100,100,0.28,25.8,0.251,0
2026-03-08T17:00:00,2026-03-08T14:00:00Z,2026-03-08,17,3,67,79,79,0.2,98,98,0.14,24.2,0.373,1
2026-03-08T18:00:00,2026-03-08T15:00:00Z,2026-03-08,18,3,67,73,73,0.1,98,98,0.09,22.7,0.361,1
2026-03-08T19:00:00,2026-03-08T16:00:00Z,2026-03-08,19,3,67,75,75,0.3,100,100,0.05,21.6,0.363,1
2026-03-08T20:00:00,2026-03-08T17:00:00Z,2026-03-08,20,3,67,80,80,0.1,98,98,0.03,20.8,0.35,1
2026-03-08T21:00:00,2026-03-08T18:00:00Z,2026-03-08,21,3,67,86,86,0.3,100,100,0.02,20.6,0.317,1
2026-03-08T22:00:00,2026-03-08T19:00:00Z,2026-03-08,22,3,67,94,94,0.3,100,100,0.02,20.1,0.31,1
2026-03-08T23:00:00,2026-03-08T20:00:00Z,2026-03-08,23,3,67,100,100,0.2,100,100,0.01,19.7,0.304,1
2026-03-09T00:00:00,2026-03-08T21:00:00Z,2026-03-09,0,3,68,100,100,0.3,100,100,0.01,19.3,0.302,1
2026-03-09T01:00:00,2026-03-08T22:00:00Z,2026-03-09,1,3,68,80,80,0.1,99,99,0.01,19.0,0.298,1
2026-03-09T02:00:00,2026-03-08T23:00:00Z,2026-03-09,2,3,68,51,51,0.0,100,100,-0.0,18.7,0.295,0
2026-03-09T03:00:00,2026-03-09T00:00:00Z,2026-03-09,3,3,68,35,35,0.0,100,100,-0.0,18.2,0.292,0
2026-03-09T04:00:00,2026-03-09T01:00:00Z,2026-03-09,4,3,68,46,46,0.0,100,100,-0.0,17.9,0.29,0
2026-03-09T05:00:00,2026-03-09T02:00:00Z,2026-03-09,5,3,68,70,70,0.0,100,100,-0.0,17.5,0.289,0
2026-03-09T06:00:00,2026-03-09T03:00:00Z,2026-03-09,6,3,68,80,80,0.0,100,100,-0.0,17.1,0.287,0
2026-03-09T07:00:00,2026-03-09T04:00:00Z,2026-03-09,7,3,68,58,58,0.0,100,100,0.01,16.8,0.287,0
2026-03-09T08:00:00,2026-03-09T05:00:00Z,2026-03-09,8,3,68,24,24,0.0,97,97,0.03,17.1,0.286,0
2026-03-09T09:00:00,2026-03-09T06:00:00Z,2026-03-09,9,3,68,6,6,0.0,88,88,0.12,18.4,0.282,0
2026-03-09T10:00:00,2026-03-09T07:00:00Z,2026-03-09,10,3,68,25,25,0.1,52,52,0.27,20.0,0.279,1
2026-03-09T11:00:00,2026-03-09T08:00:00Z,2026-03-09,11,3,68,61,61,0.0,55,55,0.41,21.5,0.276,0
2026-03-09T12:00:00,2026-03-09T09:00:00Z,2026-03-09,12,3,68,86,86,0.0,46,46,0.46,23.1,0.271,0
2026-03-09T13:00:00,2026-03-09T10:00:00Z,2026-03-09,13,3,68,85,85,0.0,98,98,0.45,24.6,0.267,0
2026-03-09T14:00:00,2026-03-09T11:00:00Z,2026-03-09,14,3,68,72,72,0.0,75,75,0.47,26.0,0.262,0
2026-03-09T15:00:00,2026-03-09T12:00:00Z,2026-03-09,15,3,68,65,65,0.1,82,82,0.4,26.1,0.259,1
2026-03-09T16:00:00,2026-03-09T13:00:00Z,2026-03-09,16,3,68,73,73,0.0,99,99,0.29,25.4,0.258,0
2026-03-09T17:00:00,2026-03-09T14:00:00Z,2026-03-09,17,3,68,87,87,0.1,99,99,0.18,24.3,0.258,1
2026-03-09T18:00:00,2026-03-09T15:00:00Z,2026-03-09,18,3,68,96,96,0.0,88,88,0.1,23.2,0.263,0
2026-03-09T19:00:00,2026-03-09T16:00:00Z,2026-03-09,19,3,68,95,95,0.0,100,100,0.03,21.9,0.287,0
2026-03-09T20:00:00,2026-03-09T17:00:00Z,2026-03-09,20,3,68,88,88,0.2,95,95,0.02,20.8,0.309,1
2026-03-09T21:00:00,2026-03-09T18:00:00Z,2026-03-09,21,3,68,84,84,0.1,100,100,0.01,20.4,0.316,1
2026-03-09T22:00:00,2026-03-09T19:00:00Z,2026-03-09,22,3,68,86,86,0.0,100,100,0.02,19.9,0.351,0
2026-03-09T23:00:00,2026-03-09T20:00:00Z,2026-03-09,23,3,68,91,91,0.2,100,100,0.02,19.6,0.354,1
2026-03-10T00:00:00,2026-03-09T21:00:00Z,2026-03-10,0,3,69,88,88,0.1,100,100,0.02,19.3,0.35,1
2026-03-10T01:00:00,2026-03-09T22:00:00Z,2026-03-10,1,3,69,70,70,0.1,100,100,0.01,19.0,0.343,1
2026-03-10T02:00:00,2026-03-09T23:00:00Z,2026-03-10,2,3,69,45,45,0.1,100,100,0.02,18.8,0.33,1
2026-03-10T03:00:00,2026-03-10T00:00:00Z,2026-03-10,3,3,69,31,31,0.1,100,100,0.01,18.5,0.312,1
2026-03-10T04:00:00,2026-03-10T01:00:00Z,2026-03-10,4,3,69,43,43,0.3,100,100,0.01,18.2,0.305,1
2026-03-10T05:00:00,2026-03-10T02:00:00Z,2026-03-10,5,3,69,66,66,0.3,100,100,0.01,18.0,0.301,1
2026-03-10T06:00:00,2026-03-10T03:00:00Z,2026-03-10,6,3,69,78,78,0.0,99,99,-0.0,17.7,0.297,0
2026-03-10T07:00:00,2026-03-10T04:00:00Z,2026-03-10,7,3,69,65,65,0.0,86,86,-0.0,17.5,0.295,0
2026-03-10T08:00:00,2026-03-10T05:00:00Z,2026-03-10,8,3,69,42,42,0.0,24,24,0.03,17.7,0.292,0
2026-03-10T09:00:00,2026-03-10T06:00:00Z,2026-03-10,9,3,69,24,24,0.0,18,18,0.14,19.0,0.288,0
2026-03-10T10:00:00,2026-03-10T07:00:00Z,2026-03-10,10,3,69,18,18,0.1,23,23,0.28,20.3,0.285,1
2026-03-10T11:00:00,2026-03-10T08:00:00Z,2026-03-10,11,3,69,18,18,0.1,43,43,0.4,21.8,0.28,1
2026-03-10T12:00:00,2026-03-10T09:00:00Z,2026-03-10,12,3,69,25,25,0.0,98,98,0.44,23.3,0.276,0
2026-03-10T13:00:00,2026-03-10T10:00:00Z,2026-03-10,13,3,69,42,42,0.0,100,100,0.44,24.7,0.271,0
2026-03-10T14:00:00,2026-03-10T11:00:00Z,2026-03-10,14,3,69,64,64,0.1,100,100,0.45,25.9,0.271,1
2026-03-10T15:00:00,2026-03-10T12:00:00Z,2026-03-10,15,3,69,82,82,0.3,93,93,0.34,26.2,0.271,1
2026-03-10T16:00:00,2026-03-10T13:00:00Z,2026-03-10,16,3,69,91,91,0.0,100,100,0.26,24.9,0.355,0
2026-03-10T17:00:00,2026-03-10T14:00:00Z,2026-03-10,17,3,69,95,95,0.0,99,99,0.15,23.4,0.321,0
2026-03-10T18:00:00,2026-03-10T15:00:00Z,2026-03-10,18,3,69,94,94,0.0,84,84,0.09,22.4,0.331,0
2026-03-10T19:00:00,2026-03-10T16:00:00Z,2026-03-10,19,3,69,82,82,0.2,92,92,0.05,21.5,0.356,1
2026-03-10T20:00:00,2026-03-10T17:00:00Z,2026-03-10,20,3,69,64,64,0.0,89,89,0.03,20.7,0.351,0
2026-03-10T21:00:00,2026-03-10T18:00:00Z,2026-03-10,21,3,69,55,55,0.1,97,97,0.02,20.3,0.348,1
2026-03-10T22:00:00,2026-03-10T19:00:00Z,2026-03-10,22,3,69,66,66,0.2,100,100,0.02,19.8,0.353,1
2026-03-10T23:00:00,2026-03-10T20:00:00Z,2026-03-10,23,3,69,85,85,0.1,100,100,0.02,19.5,0.348,1
2026-03-11T00:00:00,2026-03-10T21:00:00Z,2026-03-11,0,3,70,90,90,0.2,100,100,0.02,19.2,0.328,1
2026-03-11T01:00:00,2026-03-10T22:00:00Z,2026-03-11,1,3,70,63,63,0.2,96,96,0.01,19.0,0.313,1
2026-03-11T02:00:00,2026-03-10T23:00:00Z,2026-03-11,2,3,70,23,23,0.0,100,100,-0.0,18.7,0.306,0
2026-03-11T03:00:00,2026-03-11T00:00:00Z,2026-03-11,3,3,70,0,0,0.0,98,98,-0.0,18.4,0.314,0
2026-03-11T04:00:00,2026-03-11T01:00:00Z,2026-03-11,4,3,70,18,18,0.0,86,86,-0.0,18.2,0.305,0
2026-03-11T05:00:00,2026-03-11T02:00:00Z,2026-03-11,5,3,70,53,53,0.0,62,62,-0.0,17.9,0.3,0
2026-03-11T06:00:00,2026-03-11T03:00:00Z,2026-03-11,6,3,70,73,73,0.0,45,45,-0.0,17.6,0.296,0
2026-03-11T07:00:00,2026-03-11T04:00:00Z,2026-03-11,7,3,70,54,54,0.0,52,52,0.0,17.2,0.293,0
2026-03-11T08:00:00,2026-03-11T05:00:00Z,2026-03-11,8,3,70,19,19,0.0,41,41,0.01,17.5,0.291,0
2026-03-11T09:00:00,2026-03-11T06:00:00Z,2026-03-11,9,3,70,0,0,0.0,23,23,0.15,19.0,0.287,0
2026-03-11T10:00:00,2026-03-11T07:00:00Z,2026-03-11,10,3,70,18,18,0.0,35,35,0.36,20.6,0.283,0
2026-03-11T11:00:00,2026-03-11T08:00:00Z,2026-03-11,11,3,70,52,52,0.0,79,79,0.49,22.1,0.278,0
2026-03-11T12:00:00,2026-03-11T09:00:00Z,2026-03-11,12,3,70,76,76,0.1,99,99,0.5,23.6,0.273,1
2026-03-11T13:00:00,2026-03-11T10:00:00Z,2026-03-11,13,3,70,74,74,0.0,100,100,0.51,25.5,0.267,0
2026-03-11T14:00:00,2026-03-11T11:00:00Z,2026-03-11,14,3,70,60,60,0.0,100,100,0.49,26.7,0.262,0
2026-03-11T15:00:00,2026-03-11T12:00:00Z,2026-03-11,15,3,70,53,53,0.0,100,100,0.41,27.5,0.257,0
2026-03-11T16:00:00,2026-03-11T13:00:00Z,2026-03-11,16,3,70,63,63,0.1,98,98,0.31,26.8,0.257,1
2026-03-11T17:00:00,2026-03-11T14:00:00Z,2026-03-11,17,3,70,78,78,0.1,95,95,0.24,26.2,0.256,1
2026-03-11T18:00:00,2026-03-11T15:00:00Z,2026-03-11,18,3,70,86,86,0.0,91,91,0.1,24.7,0.274,0
2026-03-11T19:00:00,2026-03-11T16:00:00Z,2026-03-11,19,3,70,76,76,0.0,85,85,0.04,23.3,0.275,0
2026-03-11T20:00:00,2026-03-11T17:00:00Z,2026-03-11,20,3,70,57,57,0.0,73,73,0.02,22.2,0.348,0
2026-03-11T21:00:00,2026-03-11T18:00:00Z,2026-03-11,21,3,70,45,45,0.0,49,49,0.03,21.1,0.353,0
2026-03-11T22:00:00,2026-03-11T19:00:00Z,2026-03-11,22,3,70,50,50,0.0,100,100,0.02,20.5,0.343,0
2026-03-11T23:00:00,2026-03-11T20:00:00Z,2026-03-11,23,3,70,62,62,0.1,100,100,0.02,20.1,0.331,1
2026-03-12T00:00:00,2026-03-11T21:00:00Z,2026-03-12,0,3,71,65,65,0.1,81,81,0.02,19.8,0.324,1
2026-03-12T01:00:00,2026-03-11T22:00:00Z,2026-03-12,1,3,71,46,46,0.0,85,85,0.01,19.5,0.324,0
2026-03-12T02:00:00,2026-03-11T23:00:00Z,2026-03-12,2,3,71,17,17,0.0,82,82,0.01,19.3,0.326,0
2026-03-12T03:00:00,2026-03-12T00:00:00Z,2026-03-12,3,3,71,0,0,0.0,100,100,0.01,18.8,0.323,0
2026-03-12T04:00:00,2026-03-12T01:00:00Z,2026-03-12,4,3,71,10,10,0.0,100,100,0.01,18.6,0.338,0
2026-03-12T05:00:00,2026-03-12T02:00:00Z,2026-03-12,5,3,71,32,32,0.0,99,99,0.01,18.4,0.34,0
2026-03-12T06:00:00,2026-03-12T03:00:00Z,2026-03-12,6,3,71,45,45,0.0,89,89,0.01,18.2,0.322,0
2026-03-12T07:00:00,2026-03-12T04:00:00Z,2026-03-12,7,3,71,35,35,0.0,94,94,0.01,17.9,0.312,0
2026-03-12T08:00:00,2026-03-12T05:00:00Z,2026-03-12,8,3,71,15,15,0.0,82,82,0.03,18.1,0.306,0
2026-03-12T09:00:00,2026-03-12T06:00:00Z,2026-03-12,9,3,71,6,6,0.0,71,71,0.19,19.4,0.296,0
2026-03-12T10:00:00,2026-03-12T07:00:00Z,2026-03-12,10,3,71,21,21,0.0,95,95,0.36,20.9,0.291,0
2026-03-12T11:00:00,2026-03-12T08:00:00Z,2026-03-12,11,3,71,47,47,0.0,71,71,0.46,22.8,0.285,0
2026-03-12T12:00:00,2026-03-12T09:00:00Z,2026-03-12,12,3,71,67,67,0.0,49,49,0.52,24.8,0.279,0
2026-03-12T13:00:00,2026-03-12T10:00:00Z,2026-03-12,13,3,71,74,74,0.0,52,52,0.52,26.3,0.274,0
2026-03-12T14:00:00,2026-03-12T11:00:00Z,2026-03-12,14,3,71,73,73,0.0,88,88,0.52,27.4,0.269,0
2026-03-12T15:00:00,2026-03-12T12:00:00Z,2026-03-12,15,3,71,67,67,0.0,86,86,0.44,27.9,0.268,0
2026-03-12T16:00:00,2026-03-12T13:00:00Z,2026-03-12,16,3,71,49,49,0.0,79,79,0.37,27.6,0.266,0
2026-03-12T17:00:00,2026-03-12T14:00:00Z,2026-03-12,17,3,71,26,26,0.0,28,28,0.24,26.6,0.266,0
2026-03-12T18:00:00,2026-03-12T15:00:00Z,2026-03-12,18,3,71,10,10,0.0,92,92,0.12,25.1,0.306,0
2026-03-12T19:00:00,2026-03-12T16:00:00Z,2026-03-12,19,3,71,10,10,0.0,100,100,0.05,23.5,0.316,0
2026-03-12T20:00:00,2026-03-12T17:00:00Z,2026-03-12,20,3,71,19,19,0.0,99,99,0.03,22.4,0.335,0
2026-03-12T21:00:00,2026-03-12T18:00:00Z,2026-03-12,21,3,71,27,27,0.0,98,98,0.02,21.7,0.344,0
2026-03-12T22:00:00,2026-03-12T19:00:00Z,2026-03-12,22,3,71,34,34,0.0,99,99,0.02,21.1,0.313,0
2026-03-12T23:00:00,2026-03-12T20:00:00Z,2026-03-12,23,3,71,40,40,0.0,97,97,0.01,20.5,0.305,0
2026-03-13T00:00:00,2026-03-12T21:00:00Z,2026-03-13,0,3,72,43,43,0.0,90,90,-0.0,20.0,0.301,0
2026-03-13T01:00:00,2026-03-12T22:00:00Z,2026-03-13,1,3,72,37,37,0.0,98,98,-0.0,19.6,0.297,0
2026-03-13T02:00:00,2026-03-12T23:00:00Z,2026-03-13,2,3,72,27,27,0.0,97,97,-0.0,19.3,0.295,0
2026-03-13T03:00:00,2026-03-13T00:00:00Z,2026-03-13,3,3,72,24,24,0.0,55,55,-0.0,18.8,0.29,0
2026-03-13T04:00:00,2026-03-13T01:00:00Z,2026-03-13,4,3,72,37,37,0.0,98,98,-0.0,18.3,0.288,0
2026-03-13T05:00:00,2026-03-13T02:00:00Z,2026-03-13,5,3,72,57,57,0.0,97,97,-0.0,17.8,0.287,0
2026-03-13T06:00:00,2026-03-13T03:00:00Z,2026-03-13,6,3,72,65,65,0.0,98,98,-0.0,17.3,0.286,0
2026-03-13T07:00:00,2026-03-13T04:00:00Z,2026-03-13,7,3,72,49,49,0.0,98,98,0.01,16.8,0.285,0
2026-03-13T08:00:00,2026-03-13T05:00:00Z,2026-03-13,8,3,72,21,21,0.0,100,100,0.03,17.1,0.283,0
2026-03-13T09:00:00,2026-03-13T06:00:00Z,2026-03-13,9,3,72,0,0,0.0,30,30,0.15,19.1,0.28,0
2026-03-13T10:00:00,2026-03-13T07:00:00Z,2026-03-13,10,3,72,0,0,0.0,70,70,0.38,21.3,0.276,0
2026-03-13T11:00:00,2026-03-13T08:00:00Z,2026-03-13,11,3,72,0,0,0.0,90,90,0.5,23.5,0.27,0
2026-03-13T12:00:00,2026-03-13T09:00:00Z,2026-03-13,12,3,72,2,2,0.0,88,88,0.56,25.6,0.264,0
2026-03-13T13:00:00,2026-03-13T10:00:00Z,2026-03-13,13,3,72,3,3,0.0,100,100,0.59,27.4,0.258,0
2026-03-13T14:00:00,2026-03-13T11:00:00Z,2026-03-13,14,3,72,4,4,0.0,100,100,0.59,28.6,0.252,0
2026-03-13T15:00:00,2026-03-13T12:00:00Z,2026-03-13,15,3,72,4,4,0.0,100,100,0.53,29.4,0.248,0
2026-03-13T16:00:00,2026-03-13T13:00:00Z,2026-03-13,16,3,72,2,2,0.0,100,100,0.43,28.9,0.246,0
2026-03-13T17:00:00,2026-03-13T14:00:00Z,2026-03-13,17,3,72,0,0,0.0,100,100,0.27,27.7,0.246,0
2026-03-13T18:00:00,2026-03-13T15:00:00Z,2026-03-13,18,3,72,0,0,0.0,100,100,0.13,26.1,0.247,0
2026-03-13T19:00:00,2026-03-13T16:00:00Z,2026-03-13,19,3,72,5,5,0.0,100,100,0.04,24.4,0.261,0
2026-03-13T20:00:00,2026-03-13T17:00:00Z,2026-03-13,20,3,72,12,12,0.0,98,98,0.02,23.0,0.264,0
2026-03-13T21:00:00,2026-03-13T18:00:00Z,2026-03-13,21,3,72,20,20,0.0,84,84,0.02,22.2,0.286,0
2026-03-13T22:00:00,2026-03-13T19:00:00Z,2026-03-13,22,3,72,32,32,0.2,86,86,0.02,21.6,0.256,1
2026-03-13T23:00:00,2026-03-13T20:00:00Z,2026-03-13,23,3,72,44,44,0.0,99,99,0.01,20.9,0.256,0
2026-03-14T00:00:00,2026-03-13T21:00:00Z,2026-03-14,0,3,73,49,49,0.0,100,100,0.01,20.4,0.256,0
2026-03-14T01:00:00,2026-03-13T22:00:00Z,2026-03-14,1,3,73,38,38,0.0,100,100,-0.0,19.9,0.259,0
2026-03-14T02:00:00,2026-03-13T23:00:00Z,2026-03-14,2,3,73,19,19,0.0,83,83,-0.0,19.6,0.262,0
2026-03-14T03:00:00,2026-03-14T00:00:00Z,2026-03-14,3,3,73,10,10,0.0,100,100,-0.0,19.0,0.25,0
2026-03-14T04:00:00,2026-03-14T01:00:00Z,2026-03-14,4,3,73,22,22,0.0,100,100,-0.0,18.7,0.25,0
2026-03-14T05:00:00,2026-03-14T02:00:00Z,2026-03-14,5,3,73,43,43,0.0,99,99,-0.0,18.3,0.251,0
2026-03-14T06:00:00,2026-03-14T03:00:00Z,2026-03-14,6,3,73,53,53,0.0,100,100,-0.0,18.1,0.251,0
2026-03-14T07:00:00,2026-03-14T04:00:00Z,2026-03-14,7,3,73,38,38,0.0,100,100,-0.0,17.7,0.252,0
2026-03-14T08:00:00,2026-03-14T05:00:00Z,2026-03-14,8,3,73,13,13,0.0,100,100,0.01,18.0,0.252,0
2026-03-14T09:00:00,2026-03-14T06:00:00Z,2026-03-14,9,3,73,0,0,0.0,100,100,0.1,19.6,0.249,0
2026-03-14T10:00:00,2026-03-14T07:00:00Z,2026-03-14,10,3,73,13,13,0.1,100,100,0.3,21.9,0.246,1
2026-03-14T11:00:00,2026-03-14T08:00:00Z,2026-03-14,11,3,73,39,39,0.0,100,100,0.42,23.9,0.241,0
2026-03-14T12:00:00,2026-03-14T09:00:00Z,2026-03-14,12,3,73,61,61,0.0,100,100,0.46,25.6,0.236,0
2026-03-14T13:00:00,2026-03-14T10:00:00Z,2026-03-14,13,3,73,74,74,0.0,100,100,0.47,26.9,0.231,0
2026-03-14T14:00:00,2026-03-14T11:00:00Z,2026-03-14,14,3,73,84,84,0.2,100,100,0.46,27.7,0.227,1
2026-03-14T15:00:00,2026-03-14T12:00:00Z,2026-03-14,15,3,73,90,90,0.0,100,100,0.38,27.7,0.224,0
2026-03-14T16:00:00,2026-03-14T13:00:00Z,2026-03-14,16,3,73,93,93,0.3,100,100,0.31,26.9,0.224,1
2026-03-14T17:00:00,2026-03-14T14:00:00Z,2026-03-14,17,3,73,92,92,0.1,100,100,0.17,25.3,0.263,1
2026-03-14T18:00:00,2026-03-14T15:00:00Z,2026-03-14,18,3,73,88,88,0.0,97,97,0.11,24.0,0.321,0
2026-03-14T19:00:00,2026-03-14T16:00:00Z,2026-03-14,19,3,73,80,80,0.0,100,100,0.06,22.6,0.349,0
2026-03-14T20:00:00,2026-03-14T17:00:00Z,2026-03-14,20,3,73,69,69,0.0,100,100,0.04,21.6,0.36,0
2026-03-14T21:00:00,2026-03-14T18:00:00Z,2026-03-14,21,3,73,61,61,0.0,100,100,0.03,21.3,0.357,0
2026-03-14T22:00:00,2026-03-14T19:00:00Z,2026-03-14,22,3,73,59,59,0.0,100,100,0.03,20.8,0.341,0
2026-03-14T23:00:00,2026-03-14T20:00:00Z,2026-03-14,23,3,73,59,59,0.0,100,100,0.03,20.3,0.342,0
2026-03-15T00:00:00,2026-03-14T21:00:00Z,2026-03-15,0,3,74,59,59,0.1,100,100,0.03,20.0,0.342,1
2026-03-15T01:00:00,2026-03-14T22:00:00Z,2026-03-15,1,3,74,57,57,0.0,100,100,0.02,19.7,0.326,0
2026-03-15T02:00:00,2026-03-14T23:00:00Z,2026-03-15,2,3,74,54,54,0.1,100,100,0.02,19.4,0.314,1
2026-03-15T03:00:00,2026-03-15T00:00:00Z,2026-03-15,3,3,74,51,51,0.1,97,97,0.01,18.8,0.301,1
2026-03-15T04:00:00,2026-03-15T01:00:00Z,2026-03-15,4,3,74,47,47,0.0,100,100,-0.0,18.4,0.297,0
2026-03-15T05:00:00,2026-03-15T02:00:00Z,2026-03-15,5,3,74,42,42,0.0,100,100,-0.0,17.9,0.295,0
2026-03-15T06:00:00,2026-03-15T03:00:00Z,2026-03-15,6,3,74,37,37,0.0,100,100,-0.0,17.3,0.292,0
2026-03-15T07:00:00,2026-03-15T04:00:00Z,2026-03-15,7,3,74,30,30,0.0,100,100,0.0,16.9,0.29,0
2026-03-15T08:00:00,2026-03-15T05:00:00Z,2026-03-15,8,3,74,24,24,0.1,100,100,0.02,17.3,0.288,1
2026-03-15T09:00:00,2026-03-15T06:00:00Z,2026-03-15,9,3,74,24,24,0.1,100,100,0.16,19.1,0.284,1
2026-03-15T10:00:00,2026-03-15T07:00:00Z,2026-03-15,10,3,74,37,37,0.1,95,95,0.41,21.1,0.279,1
2026-03-15T11:00:00,2026-03-15T08:00:00Z,2026-03-15,11,3,74,56,56,0.1,98,98,0.57,22.4,0.274,1
2026-03-15T12:00:00,2026-03-15T09:00:00Z,2026-03-15,12,3,74,71,71,0.1,68,68,0.54,24.1,0.268,1
2026-03-15T13:00:00,2026-03-15T10:00:00Z,2026-03-15,13,3,74,78,78,0.1,76,76,0.49,25.1,0.263,1
2026-03-15T14:00:00,2026-03-15T11:00:00Z,2026-03-15,14,3,74,81,81,0.0,95,95,0.45,25.8,0.259,0
2026-03-15T15:00:00,2026-03-15T12:00:00Z,2026-03-15,15,3,74,75,75,0.0,56,56,0.4,26.2,0.255,0
2026-03-15T16:00:00,2026-03-15T13:00:00Z,2026-03-15,16,3,74,53,53,0.0,45,45,0.24,25.2,0.255,0
2026-03-15T17:00:00,2026-03-15T14:00:00Z,2026-03-15,17,3,74,22,22,0.0,43,43,0.1,23.7,0.257,0
2026-03-15T18:00:00,2026-03-15T15:00:00Z,2026-03-15,18,3,74,0,0,0.0,41,41,0.08,22.8,0.257,0
2026-03-15T19:00:00,2026-03-15T16:00:00Z,2026-03-15,19,3,74,0,0,0.0,86,86,0.03,21.8,0.258,0
2026-03-15T20:00:00,2026-03-15T17:00:00Z,2026-03-15,20,3,74,0,0,0.0,92,92,0.02,20.9,0.266,0
2026-03-15T21:00:00,2026-03-15T18:00:00Z,2026-03-15,21,3,74,0,0,0.0,34,34,0.01,20.3,0.276,0
2026-03-15T22:00:00,2026-03-15T19:00:00Z,2026-03-15,22,3,74,0,0,0.0,10,10,0.01,19.7,0.278,0
2026-03-15T23:00:00,2026-03-15T20:00:00Z,2026-03-15,23,3,74,0,0,0.0,13,13,0.01,19.2,0.276,0
2026-03-16T00:00:00,2026-03-15T21:00:00Z,2026-03-16,0,3,75,0,0,0.0,48,48,-0.0,18.6,0.274,0
2026-03-16T01:00:00,2026-03-15T22:00:00Z,2026-03-16,1,3,75,2,2,0.0,73,73,-0.0,18.2,0.273,0
2026-03-16T02:00:00,2026-03-15T23:00:00Z,2026-03-16,2,3,75,5,5,0.0,44,44,-0.0,17.7,0.272,0
2026-03-16T03:00:00,2026-03-16T00:00:00Z,2026-03-16,3,3,75,6,6,0.0,39,39,-0.0,17.1,0.272,0
2026-03-16T04:00:00,2026-03-16T01:00:00Z,2026-03-16,4,3,75,5,5,0.0,48,48,0.01,16.5,0.271,0
2026-03-16T05:00:00,2026-03-16T02:00:00Z,2026-03-16,5,3,75,4,4,0.0,29,29,0.01,15.9,0.27,0
2026-03-16T06:00:00,2026-03-16T03:00:00Z,2026-03-16,6,3,75,2,2,0.0,2,2,0.01,15.4,0.269,0
2026-03-16T07:00:00,2026-03-16T04:00:00Z,2026-03-16,7,3,75,1,1,0.0,2,2,0.01,15.0,0.269,0
2026-03-16T08:00:00,2026-03-16T05:00:00Z,2026-03-16,8,3,75,0,0,0.0,1,1,0.03,15.5,0.268,0
2026-03-16T09:00:00,2026-03-16T06:00:00Z,2026-03-16,9,3,75,0,0,0.0,0,0,0.14,17.6,0.265,0
2026-03-16T10:00:00,2026-03-16T07:00:00Z,2026-03-16,10,3,75,0,0,0.0,0,0,0.36,20.1,0.26,0
2026-03-16T11:00:00,2026-03-16T08:00:00Z,2026-03-16,11,3,75,0,0,0.0,9,9,0.47,22.5,0.254,0
2026-03-16T12:00:00,2026-03-16T09:00:00Z,2026-03-16,12,3,75,0,0,0.0,20,20,0.54,24.7,0.247,0
2026-03-16T13:00:00,2026-03-16T10:00:00Z,2026-03-16,13,3,75,3,3,0.0,16,16,0.57,26.5,0.24,0
2026-03-16T14:00:00,2026-03-16T11:00:00Z,2026-03-16,14,3,75,6,6,0.0,18,18,0.55,27.4,0.235,0
2026-03-16T15:00:00,2026-03-16T12:00:00Z,2026-03-16,15,3,75,8,8,0.0,56,56,0.5,27.1,0.231,0
2026-03-16T16:00:00,2026-03-16T13:00:00Z,2026-03-16,16,3,75,7,7,0.0,78,78,0.38,26.9,0.229,0
2026-03-16T17:00:00,2026-03-16T14:00:00Z,2026-03-16,17,3,75,4,4,0.0,90,90,0.26,26.0,0.231,0
2026-03-16T18:00:00,2026-03-16T15:00:00Z,2026-03-16,18,3,75,2,2,0.0,93,93,0.13,24.5,0.252,0
2026-03-16T19:00:00,2026-03-16T16:00:00Z,2026-03-16,19,3,75,2,2,0.0,80,80,0.04,23.0,0.246,0
2026-03-16T20:00:00,2026-03-16T17:00:00Z,2026-03-16,20,3,75,3,3,0.0,59,59,0.02,21.6,0.245,0
2026-03-16T21:00:00,2026-03-16T18:00:00Z,2026-03-16,21,3,75,4,4,0.0,40,40,0.02,21.0,0.238,0
2026-03-16T22:00:00,2026-03-16T19:00:00Z,2026-03-16,22,3,75,5,5,0.0,27,27,0.01,20.3,0.24,0
2026-03-16T23:00:00,2026-03-16T20:00:00Z,2026-03-16,23,3,75,6,6,0.0,26,26,0.01,19.7,0.241,0
2026-03-17T00:00:00,2026-03-16T21:00:00Z,2026-03-17,0,3,76,6,6,0.0,20,20,0.01,19.2,0.242,0
2026-03-17T01:00:00,2026-03-16T22:00:00Z,2026-03-17,1,3,76,4,4,0.0,13,13,-0.0,18.7,0.242,0
2026-03-17T02:00:00,2026-03-16T23:00:00Z,2026-03-17,2,3,76,2,2,0.0,34,34,-0.0,18.2,0.243,0
2026-03-17T03:00:00,2026-03-17T00:00:00Z,2026-03-17,3,3,76,0,0,0.0,42,42,-0.0,17.8,0.244,0
2026-03-17T04:00:00,2026-03-17T01:00:00Z,2026-03-17,4,3,76,0,0,0.0,45,45,-0.0,17.4,0.244,0
2026-03-17T05:00:00,2026-03-17T02:00:00Z,2026-03-17,5,3,76,0,0,0.0,14,14,0.01,17.0,0.245,0
2026-03-17T06:00:00,2026-03-17T03:00:00Z,2026-03-17,6,3,76,0,0,0.0,100,100,0.01,16.6,0.245,0
2026-03-17T07:00:00,2026-03-17T04:00:00Z,2026-03-17,7,3,76,0,0,0.0,100,100,0.01,16.2,0.245,0
2026-03-17T08:00:00,2026-03-17T05:00:00Z,2026-03-17,8,3,76,0,0,0.0,98,98,0.03,16.7,0.245,0
2026-03-17T09:00:00,2026-03-17T06:00:00Z,2026-03-17,9,3,76,0,0,0.0,0,0,0.15,18.8,0.242,0
2026-03-17T10:00:00,2026-03-17T07:00:00Z,2026-03-17,10,3,76,0,0,0.0,0,0,0.37,21.2,0.237,0
2026-03-17T11:00:00,2026-03-17T08:00:00Z,2026-03-17,11,3,76,1,1,0.0,64,64,0.49,23.1,0.23,0
2026-03-17T12:00:00,2026-03-17T09:00:00Z,2026-03-17,12,3,76,6,6,0.0,77,77,0.55,24.9,0.223,0
2026-03-17T13:00:00,2026-03-17T10:00:00Z,2026-03-17,13,3,76,18,18,0.0,91,91,0.57,26.5,0.217,0
2026-03-17T14:00:00,2026-03-17T11:00:00Z,2026-03-17,14,3,76,34,34,0.0,98,98,0.55,27.7,0.21,0
2026-03-17T15:00:00,2026-03-17T12:00:00Z,2026-03-17,15,3,76,45,45,0.0,95,95,0.48,27.7,0.215,0
2026-03-17T16:00:00,2026-03-17T13:00:00Z,2026-03-17,16,3,76,47,47,0.0,91,91,0.38,27.3,0.211,0
2026-03-17T17:00:00,2026-03-17T14:00:00Z,2026-03-17,17,3,76,45,45,0.0,89,89,0.28,26.4,0.213,0
2026-03-17T18:00:00,2026-03-17T15:00:00Z,2026-03-17,18,3,76,41,41,0.0,89,89,0.14,25.1,0.219,0
2026-03-17T19:00:00,2026-03-17T16:00:00Z,2026-03-17,19,3,76,36,36,0.0,80,80,0.05,23.6,0.224,0
2026-03-17T20:00:00,2026-03-17T17:00:00Z,2026-03-17,20,3,76,29,29,0.0,94,94,0.02,22.2,0.224,0
2026-03-17T21:00:00,2026-03-17T18:00:00Z,2026-03-17,21,3,76,24,24,0.0,97,97,0.02,21.1,0.262,0
2026-03-17T22:00:00,2026-03-17T19:00:00Z,2026-03-17,22,3,76,24,24,0.0,96,96,0.02,20.4,0.252,0
2026-03-17T23:00:00,2026-03-17T20:00:00Z,2026-03-17,23,3,76,25,25,0.0,88,88,0.02,19.8,0.252,0
2026-03-18T00:00:00,2026-03-17T21:00:00Z,2026-03-18,0,3,77,25,25,0.0,94,94,0.02,19.3,0.262,0
2026-03-18T01:00:00,2026-03-17T22:00:00Z,2026-03-18,1,3,77,20,20,0.0,100,100,0.01,18.9,0.272,0
2026-03-18T02:00:00,2026-03-17T23:00:00Z,2026-03-18,2,3,77,13,13,0.0,100,100,0.01,18.6,0.262,0
2026-03-18T03:00:00,2026-03-18T00:00:00Z,2026-03-18,3,3,77,8,8,0.0,93,93,0.01,18.2,0.254,0
2026-03-18T04:00:00,2026-03-18T01:00:00Z,2026-03-18,4,3,77,9,9,0.0,95,95,-0.0,17.8,0.252,0
2026-03-18T05:00:00,2026-03-18T02:00:00Z,2026-03-18,5,3,77,12,12,0.0,93,93,-0.0,17.5,0.251,0
2026-03-18T06:00:00,2026-03-18T03:00:00Z,2026-03-18,6,3,77,14,14,0.0,93,93,-0.0,17.1,0.249,0
2026-03-18T07:00:00,2026-03-18T04:00:00Z,2026-03-18,7,3,77,11,11,0.0,92,92,-0.0,16.7,0.249,0
2026-03-18T08:00:00,2026-03-18T05:00:00Z,2026-03-18,8,3,77,7,7,0.0,98,98,0.03,17.2,0.247,0
2026-03-18T09:00:00,2026-03-18T06:00:00Z,2026-03-18,9,3,77,4,4,0.0,100,100,0.15,19.2,0.243,0
2026-03-18T10:00:00,2026-03-18T07:00:00Z,2026-03-18,10,3,77,3,3,0.0,98,98,0.33,21.2,0.238,0
2026-03-18T11:00:00,2026-03-18T08:00:00Z,2026-03-18,11,3,77,3,3,0.0,98,98,0.47,23.2,0.231,0
2026-03-18T12:00:00,2026-03-18T09:00:00Z,2026-03-18,12,3,77,6,6,0.0,96,96,0.55,25.2,0.224,0
2026-03-18T13:00:00,2026-03-18T10:00:00Z,2026-03-18,13,3,77,12,12,0.0,98,98,0.58,26.5,0.218,0
2026-03-18T14:00:00,2026-03-18T11:00:00Z,2026-03-18,14,3,77,20,20,0.0,98,98,0.56,27.0,0.211,0
2026-03-18T15:00:00,2026-03-18T12:00:00Z,2026-03-18,15,3,77,31,31,0.0,100,100,0.47,27.0,0.216,0
2026-03-18T16:00:00,2026-03-18T13:00:00Z,2026-03-18,16,3,77,49,49,0.1,99,99,0.32,26.1,0.233,1
2026-03-18T17:00:00,2026-03-18T14:00:00Z,2026-03-18,17,3,77,69,69,0.0,100,100,0.22,25.0,0.238,0
2026-03-18T18:00:00,2026-03-18T15:00:00Z,2026-03-18,18,3,77,82,82,0.1,100,100,0.12,23.9,0.265,1
2026-03-18T19:00:00,2026-03-18T16:00:00Z,2026-03-18,19,3,77,80,80,0.0,100,100,0.05,22.5,0.266,0
2026-03-18T20:00:00,2026-03-18T17:00:00Z,2026-03-18,20,3,77,72,72,0.0,100,100,0.03,21.4,0.258,0
2026-03-18T21:00:00,2026-03-18T18:00:00Z,2026-03-18,21,3,77,67,67,0.0,100,100,0.02,20.5,0.271,0
2026-03-18T22:00:00,2026-03-18T19:00:00Z,2026-03-18,22,3,77,75,75,0.0,100,100,0.02,20.0,0.262,0
2026-03-18T23:00:00,2026-03-18T20:00:00Z,2026-03-18,23,3,77,87,87,0.0,100,100,0.01,19.6,0.286,0
2026-03-19T00:00:00,2026-03-18T21:00:00Z,2026-03-19,0,3,78,90,90,0.1,100,100,0.01,19.3,0.297,1
2026-03-19T01:00:00,2026-03-18T22:00:00Z,2026-03-19,1,3,78,74,74,0.0,100,100,0.02,18.9,0.298,0
2026-03-19T02:00:00,2026-03-18T23:00:00Z,2026-03-19,2,3,78,50,50,0.0,100,100,0.01,18.6,0.296,0
2026-03-19T03:00:00,2026-03-19T00:00:00Z,2026-03-19,3,3,78,35,35,0.0,100,100,0.01,18.5,0.313,0
2026-03-19T04:00:00,2026-03-19T01:00:00Z,2026-03-19,4,3,78,42,42,0.2,100,100,0.01,18.3,0.31,1
2026-03-19T05:00:00,2026-03-19T02:00:00Z,2026-03-19,5,3,78,58,58,0.2,100,100,-0.0,17.9,0.298,1
2026-03-19T06:00:00,2026-03-19T03:00:00Z,2026-03-19,6,3,78,67,67,0.1,100,100,-0.0,17.6,0.293,1
2026-03-19T07:00:00,2026-03-19T04:00:00Z,2026-03-19,7,3,78,60,60,0.0,100,100,-0.0,17.2,0.289,0
2026-03-19T08:00:00,2026-03-19T05:00:00Z,2026-03-19,8,3,78,46,46,0.0,100,100,0.02,17.5,0.286,0
2026-03-19T09:00:00,2026-03-19T06:00:00Z,2026-03-19,9,3,78,37,37,0.1,99,99,0.15,19.0,0.281,1
2026-03-19T10:00:00,2026-03-19T07:00:00Z,2026-03-19,10,3,78,36,36,0.1,100,100,0.33,20.6,0.276,1
2026-03-19T11:00:00,2026-03-19T08:00:00Z,2026-03-19,11,3,78,38,38,0.1,100,100,0.43,22.1,0.271,1
2026-03-19T12:00:00,2026-03-19T09:00:00Z,2026-03-19,12,3,78,45,45,0.0,100,100,0.47,23.6,0.266,0
2026-03-19T13:00:00,2026-03-19T10:00:00Z,2026-03-19,13,3,78,57,57,0.0,100,100,0.53,25.2,0.259,0
2026-03-19T14:00:00,2026-03-19T11:00:00Z,2026-03-19,14,3,78,73,73,0.0,100,100,0.53,26.2,0.253,0
2026-03-19T15:00:00,2026-03-19T12:00:00Z,2026-03-19,15,3,78,86,86,0.2,100,100,0.41,25.9,0.261,1
2026-03-19T16:00:00,2026-03-19T13:00:00Z,2026-03-19,16,3,78,93,93,0.1,100,100,0.36,25.1,0.356,1
2026-03-19T17:00:00,2026-03-19T14:00:00Z,2026-03-19,17,3,78,97,97,0.0,100,100,0.23,23.7,0.373,0
2026-03-19T18:00:00,2026-03-19T15:00:00Z,2026-03-19,18,3,78,96,96,0.0,100,100,0.11,22.4,0.36,0
2026-03-19T19:00:00,2026-03-19T16:00:00Z,2026-03-19,19,3,78,89,89,0.1,100,100,0.06,21.4,0.361,1
2026-03-19T20:00:00,2026-03-19T17:00:00Z,2026-03-19,20,3,78,77,77,0.0,100,100,0.03,20.7,0.358,0
2026-03-19T21:00:00,2026-03-19T18:00:00Z,2026-03-19,21,3,78,67,67,0.0,100,100,0.03,20.3,0.353,0
2026-03-19T22:00:00,2026-03-19T19:00:00Z,2026-03-19,22,3,78,64,64,0.0,100,100,0.02,19.9,0.356,0
2026-03-19T23:00:00,2026-03-19T20:00:00Z,2026-03-19,23,3,78,63,63,0.0,100,100,0.02,19.6,0.361,0
2026-03-20T00:00:00,2026-03-19T21:00:00Z,2026-03-20,0,3,79,57,57,0.0,100,100,0.02,19.4,0.358,0
2026-03-20T01:00:00,2026-03-19T22:00:00Z,2026-03-20,1,3,79,36,36,0.0,100,100,0.02,19.2,0.354,0
2026-03-20T02:00:00,2026-03-19T23:00:00Z,2026-03-20,2,3,79,10,10,0.0,100,100,0.02,18.9,0.338,0
2026-03-20T03:00:00,2026-03-20T00:00:00Z,2026-03-20,3,3,79,0,0,0.0,100,100,0.01,18.7,0.336,0
2026-03-20T04:00:00,2026-03-20T01:00:00Z,2026-03-20,4,3,79,21,21,0.0,100,100,0.01,18.4,0.328,0
2026-03-20T05:00:00,2026-03-20T02:00:00Z,2026-03-20,5,3,79,57,57,0.1,100,100,0.01,18.1,0.321,1
2026-03-20T06:00:00,2026-03-20T03:00:00Z,2026-03-20,6,3,79,84,84,0.2,100,100,-0.0,17.8,0.315,1
2026-03-20T07:00:00,2026-03-20T04:00:00Z,2026-03-20,7,3,79,89,89,0.1,100,100,-0.0,17.7,0.31,1
2026-03-20T08:00:00,2026-03-20T05:00:00Z,2026-03-20,8,3,79,84,84,0.2,100,100,0.02,17.9,0.31,1
2026-03-20T09:00:00,2026-03-20T06:00:00Z,2026-03-20,9,3,79,78,78,0.9,99,99,0.1,19.2,0.306,1
2026-03-20T10:00:00,2026-03-20T07:00:00Z,2026-03-20,10,3,79,74,74,0.1,100,100,0.29,20.5,0.302,1
2026-03-20T11:00:00,2026-03-20T08:00:00Z,2026-03-20,11,3,79,69,69,0.0,100,100,0.46,21.8,0.298,0
2026-03-20T12:00:00,2026-03-20T09:00:00Z,2026-03-20,12,3,79,65,65,0.0,100,100,0.52,23.0,0.296,0
2026-03-20T13:00:00,2026-03-20T10:00:00Z,2026-03-20,13,3,79,62,62,0.0,100,100,0.5,23.7,0.311,0
2026-03-20T14:00:00,2026-03-20T11:00:00Z,2026-03-20,14,3,79,61,61,0.0,100,100,0.43,23.9,0.302,0
2026-03-20T15:00:00,2026-03-20T12:00:00Z,2026-03-20,15,3,79,63,63,0.1,100,100,0.37,24.6,0.307,1
2026-03-20T16:00:00,2026-03-20T13:00:00Z,2026-03-20,16,3,79,73,73,0.1,100,100,0.3,23.9,0.328,1
2026-03-20T17:00:00,2026-03-20T14:00:00Z,2026-03-20,17,3,79,88,88,0.0,100,100,0.17,22.8,0.331,0
2026-03-20T18:00:00,2026-03-20T15:00:00Z,2026-03-20,18,3,79,98,98,0.4,100,100,0.09,21.8,0.349,1
2026-03-20T19:00:00,2026-03-20T16:00:00Z,2026-03-20,19,3,79,100,100,0.3,100,100,0.05,20.9,0.35,1
2026-03-20T20:00:00,2026-03-20T17:00:00Z,2026-03-20,20,3,79,99,99,0.5,100,100,0.03,20.2,0.353,1
2026-03-20T21:00:00,2026-03-20T18:00:00Z,2026-03-20,21,3,79,98,98,0.2,100,100,0.02,19.5,0.345,1
2026-03-20T22:00:00,2026-03-20T19:00:00Z,2026-03-20,22,3,79,99,99,0.8,100,100,0.03,19.3,0.362,1
2026-03-20T23:00:00,2026-03-20T20:00:00Z,2026-03-20,23,3,79,100,100,0.9,100,100,0.02,19.0,0.374,1
2026-03-21T00:00:00,2026-03-20T21:00:00Z,2026-03-21,0,3,80,100,100,0.6,100,100,0.02,18.8,0.371,1
2026-03-21T01:00:00,2026-03-20T22:00:00Z,2026-03-21,1,3,80,99,99,1.4,100,100,0.02,18.5,0.351,1
2026-03-21T02:00:00,2026-03-20T23:00:00Z,2026-03-21,2,3,80,98,98,1.0,100,100,0.02,18.3,0.336,1
2026-03-21T03:00:00,2026-03-21T00:00:00Z,2026-03-21,3,3,80,96,96,0.3,100,100,0.02,17.9,0.343,1
2026-03-21T04:00:00,2026-03-21T01:00:00Z,2026-03-21,4,3,80,94,94,0.1,100,100,0.02,17.8,0.336,1
2026-03-21T05:00:00,2026-03-21T02:00:00Z,2026-03-21,5,3,80,91,91,0.1,100,100,0.02,17.7,0.326,1
2026-03-21T06:00:00,2026-03-21T03:00:00Z,2026-03-21,6,3,80,88,88,0.1,100,100,0.01,17.5,0.318,1
2026-03-21T07:00:00,2026-03-21T04:00:00Z,2026-03-21,7,3,80,87,87,0.3,100,100,0.01,17.3,0.314,1
2026-03-21T08:00:00,2026-03-21T05:00:00Z,2026-03-21,8,3,80,85,85,0.4,100,100,0.02,17.4,0.311,1
2026-03-21T09:00:00,2026-03-21T06:00:00Z,2026-03-21,9,3,80,82,82,0.1,99,99,0.1,18.0,0.308,1
2026-03-21T10:00:00,2026-03-21T07:00:00Z,2026-03-21,10,3,80,74,74,0.1,100,100,0.28,19.2,0.304,1
2026-03-21T11:00:00,2026-03-21T08:00:00Z,2026-03-21,11,3,80,64,64,0.1,100,100,0.5,20.9,0.3,1
2026-03-21T12:00:00,2026-03-21T09:00:00Z,2026-03-21,12,3,80,57,57,0.1,100,100,0.58,22.3,0.296,1
2026-03-21T13:00:00,2026-03-21T10:00:00Z,2026-03-21,13,3,80,54,54,0.0,100,100,0.56,23.6,0.291,0
2026-03-21T14:00:00,2026-03-21T11:00:00Z,2026-03-21,14,3,80,54,54,0.0,19,19,0.52,24.4,0.288,0
2026-03-21T15:00:00,2026-03-21T12:00:00Z,2026-03-21,15,3,80,57,57,0.1,26,26,0.42,24.4,0.286,1
2026-03-21T16:00:00,2026-03-21T13:00:00Z,2026-03-21,16,3,80,65,65,0.1,45,45,0.36,24.1,0.285,1
2026-03-21T17:00:00,2026-03-21T14:00:00Z,2026-03-21,17,3,80,76,76,0.1,53,53,0.23,23.3,0.285,1
2026-03-21T18:00:00,2026-03-21T15:00:00Z,2026-03-21,18,3,80,84,84,0.0,52,52,0.16,22.7,0.285,0
2026-03-21T19:00:00,2026-03-21T16:00:00Z,2026-03-21,19,3,80,84,84,0.1,86,86,0.05,21.6,0.286,1
2026-03-21T20:00:00,2026-03-21T17:00:00Z,2026-03-21,20,3,80,80,80,0.0,83,83,0.03,20.5,0.286,0
2026-03-21T21:00:00,2026-03-21T18:00:00Z,2026-03-21,21,3,80,78,78,0.0,99,99,0.02,19.7,0.287,0
2026-03-21T22:00:00,2026-03-21T19:00:00Z,2026-03-21,22,3,80,82,82,0.1,100,100,0.02,19.1,0.293,1
2026-03-21T23:00:00,2026-03-21T20:00:00Z,2026-03-21,23,3,80,87,87,0.1,100,100,0.01,18.8,0.312,1
2026-03-22T00:00:00,2026-03-21T21:00:00Z,2026-03-22,0,3,81,92,92,0.1,100,100,0.01,18.7,0.328,1
2026-03-22T01:00:00,2026-03-21T22:00:00Z,2026-03-22,1,3,81,95,95,0.1,100,100,0.01,18.5,0.323,1
2026-03-22T02:00:00,2026-03-21T23:00:00Z,2026-03-22,2,3,81,96,96,1.6,100,100,0.01,18.3,0.319,1
2026-03-22T03:00:00,2026-03-22T00:00:00Z,2026-03-22,3,3,81,96,96,9.3,100,100,0.01,18.2,0.324,1
2026-03-22T04:00:00,2026-03-22T01:00:00Z,2026-03-22,4,3,81,94,94,0.4,100,100,0.01,18.0,0.314,1
2026-03-22T05:00:00,2026-03-22T02:00:00Z,2026-03-22,5,3,81,91,91,0.2,100,100,0.01,17.8,0.308,1
2026-03-22T06:00:00,2026-03-22T03:00:00Z,2026-03-22,6,3,81,84,84,0.1,100,100,0.01,17.6,0.305,1
2026-03-22T07:00:00,2026-03-22T04:00:00Z,2026-03-22,7,3,81,71,71,0.0,100,100,-0.0,17.5,0.303,0
2026-03-22T08:00:00,2026-03-22T05:00:00Z,2026-03-22,8,3,81,55,55,0.0,100,100,0.03,17.7,0.305,0
2026-03-22T09:00:00,2026-03-22T06:00:00Z,2026-03-22,9,3,81,45,45,0.1,87,87,0.1,18.6,0.297,1
2026-03-22T10:00:00,2026-03-22T07:00:00Z,2026-03-22,10,3,81,45,45,0.0,95,95,0.24,19.8,0.294,0
2026-03-22T11:00:00,2026-03-22T08:00:00Z,2026-03-22,11,3,81,51,51,0.0,55,55,0.38,21.4,0.29,0
2026-03-22T12:00:00,2026-03-22T09:00:00Z,2026-03-22,12,3,81,59,59,0.1,58,58,0.45,22.9,0.285,1
2026-03-22T13:00:00,2026-03-22T10:00:00Z,2026-03-22,13,3,81,72,72,0.0,98,98,0.52,24.6,0.282,0
2026-03-22T14:00:00,2026-03-22T11:00:00Z,2026-03-22,14,3,81,87,87,0.0,70,70,0.44,25.1,0.288,0
2026-03-22T15:00:00,2026-03-22T12:00:00Z,2026-03-22,15,3,81,98,98,0.6,88,88,0.35,24.2,0.31,1
2026-03-22T16:00:00,2026-03-22T13:00:00Z,2026-03-22,16,3,81,100,100,0.1,91,91,0.3,23.6,0.306,1
2026-03-22T17:00:00,2026-03-22T14:00:00Z,2026-03-22,17,3,81,97,97,0.0,66,66,0.17,22.7,0.355,0
2026-03-22T18:00:00,2026-03-22T15:00:00Z,2026-03-22,18,3,81,94,94,0.0,59,59,0.09,21.4,0.343,0
2026-03-22T19:00:00,2026-03-22T16:00:00Z,2026-03-22,19,3,81,91,91,0.0,93,93,0.05,20.4,0.344,0
2026-03-22T20:00:00,2026-03-22T17:00:00Z,2026-03-22,20,3,81,87,87,0.0,100,100,0.03,19.8,0.343,0
2026-03-22T21:00:00,2026-03-22T18:00:00Z,2026-03-22,21,3,81,86,86,0.0,100,100,0.03,19.5,0.336,0
2026-03-22T22:00:00,2026-03-22T19:00:00Z,2026-03-22,22,3,81,90,90,0.0,100,100,0.02,19.1,0.343,0
2026-03-22T23:00:00,2026-03-22T20:00:00Z,2026-03-22,23,3,81,97,97,0.1,100,100,0.02,18.9,0.36,1
2026-03-23T00:00:00,2026-03-22T21:00:00Z,2026-03-23,0,3,82,98,98,0.2,100,100,0.01,18.7,0.356,1
2026-03-23T01:00:00,2026-03-22T22:00:00Z,2026-03-23,1,3,82,88,88,0.1,100,100,0.01,18.5,0.36,1
2026-03-23T02:00:00,2026-03-22T23:00:00Z,2026-03-23,2,3,82,73,73,0.4,100,100,0.01,18.4,0.365,1
2026-03-23T03:00:00,2026-03-23T00:00:00Z,2026-03-23,3,3,82,65,65,0.0,99,99,0.01,18.2,0.358,0
2026-03-23T04:00:00,2026-03-23T01:00:00Z,2026-03-23,4,3,82,71,71,0.2,100,100,0.02,18.1,0.342,1
2026-03-23T05:00:00,2026-03-23T02:00:00Z,2026-03-23,5,3,82,84,84,0.3,100,100,0.01,17.9,0.332,1
2026-03-23T06:00:00,2026-03-23T03:00:00Z,2026-03-23,6,3,82,92,92,0.2,100,100,-0.0,17.8,0.325,1
2026-03-23T07:00:00,2026-03-23T04:00:00Z,2026-03-23,7,3,82,89,89,0.1,100,100,0.01,17.7,0.32,1
2026-03-23T08:00:00,2026-03-23T05:00:00Z,2026-03-23,8,3,82,82,82,0.2,100,100,0.03,17.9,0.324,1
2026-03-23T09:00:00,2026-03-23T06:00:00Z,2026-03-23,9,3,82,78,78,0.1,100,100,0.11,18.7,0.328,1
2026-03-23T10:00:00,2026-03-23T07:00:00Z,2026-03-23,10,3,82,84,84,0.1,100,100,0.23,19.5,0.32,1
2026-03-23T11:00:00,2026-03-23T08:00:00Z,2026-03-23,11,3,82,95,95,0.2,92,92,0.34,20.2,0.326,1
2026-03-23T12:00:00,2026-03-23T09:00:00Z,2026-03-23,12,3,82,100,100,0.4,46,46,0.35,20.5,0.335,1
2026-03-23T13:00:00,2026-03-23T10:00:00Z,2026-03-23,13,3,82,95,95,0.1,100,100,0.33,20.8,0.325,1
2026-03-23T14:00:00,2026-03-23T11:00:00Z,2026-03-23,14,3,82,85,85,0.0,95,95,0.43,21.7,0.33,0
2026-03-23T15:00:00,2026-03-23T12:00:00Z,2026-03-23,15,3,82,78,78,0.0,18,18,0.35,22.2,0.316,0
2026-03-23T16:00:00,2026-03-23T13:00:00Z,2026-03-23,16,3,82,78,78,0.1,68,68,0.28,22.1,0.351,1
2026-03-23T17:00:00,2026-03-23T14:00:00Z,2026-03-23,17,3,82,81,81,0.0,100,100,0.21,21.5,0.337,0
2026-03-23T18:00:00,2026-03-23T15:00:00Z,2026-03-23,18,3,82,84,84,0.0,100,100,0.1,20.8,0.328,0
2026-03-23T19:00:00,2026-03-23T16:00:00Z,2026-03-23,19,3,82,85,85,0.0,100,100,0.04,20.1,0.318,0
2026-03-23T20:00:00,2026-03-23T17:00:00Z,2026-03-23,20,3,82,87,87,0.0,95,95,0.01,19.3,0.313,0
2026-03-23T21:00:00,2026-03-23T18:00:00Z,2026-03-23,21,3,82,88,88,0.0,100,100,0.01,18.6,0.31,0
2026-03-23T22:00:00,2026-03-23T19:00:00Z,2026-03-23,22,3,82,91,91,0.1,94,94,0.01,18.2,0.307,1
2026-03-23T23:00:00,2026-03-23T20:00:00Z,2026-03-23,23,3,82,94,94,0.1,100,100,0.01,17.9,0.305,1
2026-03-24T00:00:00,2026-03-23T21:00:00Z,2026-03-24,0,3,83,94,94,0.0,100,100,0.01,17.6,0.303,0
2026-03-24T01:00:00,2026-03-23T22:00:00Z,2026-03-24,1,3,83,85,85,0.0,100,100,0.01,17.4,0.302,0
2026-03-24T02:00:00,2026-03-23T23:00:00Z,2026-03-24,2,3,83,73,73,0.0,100,100,0.01,17.3,0.301,0
2026-03-24T03:00:00,2026-03-24T00:00:00Z,2026-03-24,3,3,83,67,67,0.1,100,100,0.01,17.2,0.295,1
2026-03-24T04:00:00,2026-03-24T01:00:00Z,2026-03-24,4,3,83,75,75,0.1,100,100,0.01,17.1,0.295,1
2026-03-24T05:00:00,2026-03-24T02:00:00Z,2026-03-24,5,3,83,89,89,0.1,100,100,0.02,17.1,0.294,1
2026-03-24T06:00:00,2026-03-24T03:00:00Z,2026-03-24,6,3,83,100,100,0.0,100,100,0.01,17.0,0.293,0
2026-03-24T07:00:00,2026-03-24T04:00:00Z,2026-03-24,7,3,83,100,100,0.0,100,100,0.01,17.0,0.294,0
2026-03-24T08:00:00,2026-03-24T05:00:00Z,2026-03-24,8,3,83,100,100,0.1,100,100,0.02,17.2,0.293,1
2026-03-24T09:00:00,2026-03-24T06:00:00Z,2026-03-24,9,3,83,100,100,0.1,77,77,0.1,17.5,0.292,1
2026-03-24T10:00:00,2026-03-24T07:00:00Z,2026-03-24,10,3,83,100,100,0.0,67,67,0.24,18.7,0.29,0
2026-03-24T11:00:00,2026-03-24T08:00:00Z,2026-03-24,11,3,83,99,99,0.0,36,36,0.33,19.9,0.287,0
2026-03-24T12:00:00,2026-03-24T09:00:00Z,2026-03-24,12,3,83,96,96,0.1,38,38,0.41,21.2,0.283,1
2026-03-24T13:00:00,2026-03-24T10:00:00Z,2026-03-24,13,3,83,88,88,0.1,51,51,0.43,22.2,0.28,1
2026-03-24T14:00:00,2026-03-24T11:00:00Z,2026-03-24,14,3,83,78,78,0.0,88,88,0.46,23.1,0.277,0
2026-03-24T15:00:00,2026-03-24T12:00:00Z,2026-03-24,15,3,83,65,65,0.0,33,33,0.42,22.5,0.276,0
2026-03-24T16:00:00,2026-03-24T13:00:00Z,2026-03-24,16,3,83,48,48,0.0,41,41,0.34,22.4,0.274,0
2026-03-24T17:00:00,2026-03-24T14:00:00Z,2026-03-24,17,3,83,29,29,0.0,100,100,0.29,22.0,0.273,0
2026-03-24T18:00:00,2026-03-24T15:00:00Z,2026-03-24,18,3,83,14,14,0.0,45,45,0.17,21.2,0.273,0
2026-03-24T19:00:00,2026-03-24T16:00:00Z,2026-03-24,19,3,83,7,7,0.0,91,91,0.06,20.2,0.274,0
2026-03-24T20:00:00,2026-03-24T17:00:00Z,2026-03-24,20,3,83,6,6,0.0,95,95,0.03,19.2,0.275,0
2026-03-24T21:00:00,2026-03-24T18:00:00Z,2026-03-24,21,3,83,6,6,0.0,99,99,0.02,18.4,0.277,0
2026-03-24T22:00:00,2026-03-24T19:00:00Z,2026-03-24,22,3,83,8,8,0.0,100,100,0.02,18.0,0.278,0
2026-03-24T23:00:00,2026-03-24T20:00:00Z,2026-03-24,23,3,83,13,13,0.0,100,100,0.02,17.6,0.279,0
2026-03-25T00:00:00,2026-03-24T21:00:00Z,2026-03-25,0,3,84,18,18,0.0,100,100,0.01,17.3,0.279,0
2026-03-25T01:00:00,2026-03-24T22:00:00Z,2026-03-25,1,3,84,22,22,0.0,100,100,0.01,16.9,0.279,0
2026-03-25T02:00:00,2026-03-24T23:00:00Z,2026-03-25,2,3,84,27,27,0.0,100,100,0.01,16.6,0.28,0
2026-03-25T03:00:00,2026-03-25T00:00:00Z,2026-03-25,3,3,84,35,35,0.1,100,100,0.01,16.5,0.28,1
2026-03-25T04:00:00,2026-03-25T01:00:00Z,2026-03-25,4,3,84,50,50,0.2,100,100,0.01,16.2,0.28,1
2026-03-25T05:00:00,2026-03-25T02:00:00Z,2026-03-25,5,3,84,68,68,0.1,100,100,0.01,15.9,0.28,1
2026-03-25T06:00:00,2026-03-25T03:00:00Z,2026-03-25,6,3,84,76,76,0.1,100,100,-0.0,15.6,0.28,1
2026-03-25T07:00:00,2026-03-25T04:00:00Z,2026-03-25,7,3,84,66,66,0.0,100,100,-0.0,15.3,0.281,0
2026-03-25T08:00:00,2026-03-25T05:00:00Z,2026-03-25,8,3,84,47,47,0.0,100,100,0.03,15.7,0.28,0
2026-03-25T09:00:00,2026-03-25T06:00:00Z,2026-03-25,9,3,84,33,33,0.0,100,100,0.18,17.3,0.278,0
2026-03-25T10:00:00,2026-03-25T07:00:00Z,2026-03-25,10,3,84,31,31,0.0,100,100,0.32,18.6,0.275,0
2026-03-25T11:00:00,2026-03-25T08:00:00Z,2026-03-25,11,3,84,35,35,0.0,100,100,0.44,20.2,0.271,0
2026-03-25T12:00:00,2026-03-25T09:00:00Z,2026-03-25,12,3,84,41,41,0.0,50,50,0.45,21.2,0.268,0
2026-03-25T13:00:00,2026-03-25T10:00:00Z,2026-03-25,13,3,84,48,48,0.0,27,27,0.52,22.3,0.264,0
2026-03-25T14:00:00,2026-03-25T11:00:00Z,2026-03-25,14,3,84,56,56,0.0,30,30,0.53,23.1,0.261,0
2026-03-25T15:00:00,2026-03-25T12:00:00Z,2026-03-25,15,3,84,63,63,0.0,41,41,0.49,23.4,0.265,0
2026-03-25T16:00:00,2026-03-25T13:00:00Z,2026-03-25,16,3,84,68,68,0.0,13,13,0.41,23.2,0.265,0
2026-03-25T17:00:00,2026-03-25T14:00:00Z,2026-03-25,17,3,84,71,71,0.0,47,47,0.33,22.8,0.262,0
2026-03-25T18:00:00,2026-03-25T15:00:00Z,2026-03-25,18,3,84,67,67,0.0,87,87,0.17,21.9,0.262,0
2026-03-25T19:00:00,2026-03-25T16:00:00Z,2026-03-25,19,3,84,48,48,0.0,89,89,0.06,20.7,0.264,0
2026-03-25T20:00:00,2026-03-25T17:00:00Z,2026-03-25,20,3,84,20,20,0.0,91,91,0.03,19.6,0.266,0
2026-03-25T21:00:00,2026-03-25T18:00:00Z,2026-03-25,21,3,84,2,2,0.0,35,35,0.02,18.8,0.265,0
2026-03-25T22:00:00,2026-03-25T19:00:00Z,2026-03-25,22,3,84,2,2,0.0,76,76,0.01,18.1,0.266,0
2026-03-25T23:00:00,2026-03-25T20:00:00Z,2026-03-25,23,3,84,10,10,0.0,100,100,0.01,17.5,0.267,0
2026-03-26T00:00:00,2026-03-25T21:00:00Z,2026-03-26,0,3,85,16,16,0.0,100,100,-0.0,17.1,0.267,0
2026-03-26T01:00:00,2026-03-25T22:00:00Z,2026-03-26,1,3,85,14,14,0.0,100,100,-0.0,16.8,0.268,0
2026-03-26T02:00:00,2026-03-25T23:00:00Z,2026-03-26,2,3,85,9,9,0.0,100,100,-0.0,16.6,0.268,0
2026-03-26T03:00:00,2026-03-26T00:00:00Z,2026-03-26,3,3,85,6,6,0.0,100,100,-0.0,16.4,0.265,0
2026-03-26T04:00:00,2026-03-26T01:00:00Z,2026-03-26,4,3,85,5,5,0.0,100,100,-0.0,16.1,0.266,0
2026-03-26T05:00:00,2026-03-26T02:00:00Z,2026-03-26,5,3,85,6,6,0.0,91,91,-0.0,15.9,0.266,0
2026-03-26T06:00:00,2026-03-26T03:00:00Z,2026-03-26,6,3,85,6,6,0.0,98,98,-0.0,15.7,0.266,0
2026-03-26T07:00:00,2026-03-26T04:00:00Z,2026-03-26,7,3,85,2,2,0.0,100,100,-0.0,15.5,0.267,0
2026-03-26T08:00:00,2026-03-26T05:00:00Z,2026-03-26,8,3,85,0,0,0.0,88,88,0.03,16.0,0.266,0
2026-03-26T09:00:00,2026-03-26T06:00:00Z,2026-03-26,9,3,85,2,2,0.0,76,76,0.14,17.8,0.264,0
2026-03-26T10:00:00,2026-03-26T07:00:00Z,2026-03-26,10,3,85,21,21,0.0,89,89,0.32,19.6,0.26,0
2026-03-26T11:00:00,2026-03-26T08:00:00Z,2026-03-26,11,3,85,48,48,0.1,98,98,0.44,21.3,0.257,1
2026-03-26T12:00:00,2026-03-26T09:00:00Z,2026-03-26,12,3,85,69,69,0.1,100,100,0.52,22.7,0.253,1
2026-03-26T13:00:00,2026-03-26T10:00:00Z,2026-03-26,13,3,85,77,77,0.1,95,95,0.5,23.6,0.252,1
2026-03-26T14:00:00,2026-03-26T11:00:00Z,2026-03-26,14,3,85,80,80,0.0,100,100,0.55,24.8,0.249,0
2026-03-26T15:00:00,2026-03-26T12:00:00Z,2026-03-26,15,3,85,80,80,0.0,100,100,0.5,24.5,0.257,0
2026-03-26T16:00:00,2026-03-26T13:00:00Z,2026-03-26,16,3,85,81,81,0.0,100,100,0.33,24.3,0.265,0
2026-03-26T17:00:00,2026-03-26T14:00:00Z,2026-03-26,17,3,85,81,81,0.1,100,100,0.23,23.3,0.307,1
2026-03-26T18:00:00,2026-03-26T15:00:00Z,2026-03-26,18,3,85,76,76,0.0,98,98,0.12,22.1,0.325,0
2026-03-26T19:00:00,2026-03-26T16:00:00Z,2026-03-26,19,3,85,62,62,0.0,41,41,0.06,20.9,0.298,0
2026-03-26T20:00:00,2026-03-26T17:00:00Z,2026-03-26,20,3,85,43,43,0.0,30,30,0.04,19.9,0.294,0
2026-03-26T21:00:00,2026-03-26T18:00:00Z,2026-03-26,21,3,85,35,35,0.0,73,73,0.03,19.5,0.283,0
2026-03-26T22:00:00,2026-03-26T19:00:00Z,2026-03-26,22,3,85,48,48,0.0,100,100,0.02,18.9,0.28,0
2026-03-26T23:00:00,2026-03-26T20:00:00Z,2026-03-26,23,3,85,70,70,0.2,100,100,0.01,18.4,0.279,1
2026-03-27T00:00:00,2026-03-26T21:00:00Z,2026-03-27,0,3,86,86,86,0.3,100,100,0.01,18.2,0.277,1
2026-03-27T01:00:00,2026-03-26T22:00:00Z,2026-03-27,1,3,86,85,85,0.0,100,100,0.01,17.9,0.276,0
2026-03-27T02:00:00,2026-03-26T23:00:00Z,2026-03-27,2,3,86,78,78,0.0,100,100,0.01,17.6,0.276,0
2026-03-27T03:00:00,2026-03-27T00:00:00Z,2026-03-27,3,3,86,73,73,0.0,84,84,0.01,17.5,0.265,0
2026-03-27T04:00:00,2026-03-27T01:00:00Z,2026-03-27,4,3,86,77,77,0.1,100,100,0.01,17.3,0.265,1
2026-03-27T05:00:00,2026-03-27T02:00:00Z,2026-03-27,5,3,86,84,84,0.8,100,100,0.01,17.1,0.265,1
2026-03-27T06:00:00,2026-03-27T03:00:00Z,2026-03-27,6,3,86,88,88,0.5,100,100,0.01,17.0,0.265,1
2026-03-27T07:00:00,2026-03-27T04:00:00Z,2026-03-27,7,3,86,85,85,0.0,100,100,0.01,16.9,0.265,0
2026-03-27T08:00:00,2026-03-27T05:00:00Z,2026-03-27,8,3,86,78,78,0.0,100,100,0.04,17.2,0.265,0
2026-03-27T09:00:00,2026-03-27T06:00:00Z,2026-03-27,9,3,86,75,75,0.0,98,98,0.15,18.1,0.263,0
2026-03-27T10:00:00,2026-03-27T07:00:00Z,2026-03-27,10,3,86,80,80,0.0,99,99,0.27,19.3,0.26,0
2026-03-27T11:00:00,2026-03-27T08:00:00Z,2026-03-27,11,3,86,88,88,0.0,92,92,0.38,20.7,0.257,0
2026-03-27T12:00:00,2026-03-27T09:00:00Z,2026-03-27,12,3,86,94,94,0.1,65,65,0.43,21.8,0.257,1
2026-03-27T13:00:00,2026-03-27T10:00:00Z,2026-03-27,13,3,86,94,94,0.0,52,52,0.38,22.2,0.26,0
2026-03-27T14:00:00,2026-03-27T11:00:00Z,2026-03-27,14,3,86,90,90,0.1,77,77,0.43,23.0,0.262,1
2026-03-27T15:00:00,2026-03-27T12:00:00Z,2026-03-27,15,3,86,88,88,0.1,84,84,0.38,23.2,0.252,1
2026-03-27T16:00:00,2026-03-27T13:00:00Z,2026-03-27,16,3,86,87,87,0.0,56,56,0.32,23.0,0.258,0
2026-03-27T17:00:00,2026-03-27T14:00:00Z,2026-03-27,17,3,86,88,88,0.0,42,42,0.19,22.2,0.268,0
2026-03-27T18:00:00,2026-03-27T15:00:00Z,2026-03-27,18,3,86,88,88,0.0,59,59,0.09,21.1,0.265,0
2026-03-27T19:00:00,2026-03-27T16:00:00Z,2026-03-27,19,3,86,89,89,0.1,97,97,0.03,20.0,0.265,1
2026-03-27T20:00:00,2026-03-27T17:00:00Z,2026-03-27,20,3,86,90,90,0.0,100,100,0.01,19.1,0.263,0
2026-03-27T21:00:00,2026-03-27T18:00:00Z,2026-03-27,21,3,86,90,90,0.1,100,100,0.01,18.7,0.258,1
2026-03-27T22:00:00,2026-03-27T19:00:00Z,2026-03-27,22,3,86,87,87,0.0,100,100,0.01,18.3,0.258,0
2026-03-27T23:00:00,2026-03-27T20:00:00Z,2026-03-27,23,3,86,83,83,0.0,100,100,0.01,18.0,0.258,0
2026-03-28T00:00:00,2026-03-27T21:00:00Z,2026-03-28,0,3,87,80,80,0.1,100,100,0.01,17.7,0.258,1
2026-03-28T01:00:00,2026-03-27T22:00:00Z,2026-03-28,1,3,87,81,81,0.0,100,100,0.01,17.4,0.258,0
2026-03-28T02:00:00,2026-03-27T23:00:00Z,2026-03-28,2,3,87,84,84,0.1,100,100,0.01,17.2,0.258,1
2026-03-28T03:00:00,2026-03-28T00:00:00Z,2026-03-28,3,3,87,84,84,0.1,100,100,0.01,17.1,0.257,1
2026-03-28T04:00:00,2026-03-28T01:00:00Z,2026-03-28,4,3,87,79,79,0.1,100,100,0.01,17.0,0.257,1
2026-03-28T05:00:00,2026-03-28T02:00:00Z,2026-03-28,5,3,87,72,72,0.1,65,65,0.01,16.8,0.257,1
2026-03-28T06:00:00,2026-03-28T03:00:00Z,2026-03-28,6,3,87,65,65,0.0,39,39,0.01,16.7,0.257,0
2026-03-28T07:00:00,2026-03-28T04:00:00Z,2026-03-28,7,3,87,61,61,0.1,99,99,0.01,16.7,0.257,1
2026-03-28T08:00:00,2026-03-28T05:00:00Z,2026-03-28,8,3,87,57,57,0.0,92,92,0.05,17.0,0.257,0
2026-03-28T09:00:00,2026-03-28T06:00:00Z,2026-03-28,9,3,87,53,53,0.0,99,99,0.14,17.8,0.255,0
2026-03-28T10:00:00,2026-03-28T07:00:00Z,2026-03-28,10,3,87,46,46,0.0,78,78,0.28,19.2,0.252,0
2026-03-28T11:00:00,2026-03-28T08:00:00Z,2026-03-28,11,3,87,38,38,0.0,100,100,0.4,20.7,0.248,0
2026-03-28T12:00:00,2026-03-28T09:00:00Z,2026-03-28,12,3,87,31,31,0.0,98,98,0.44,22.0,0.244,0
2026-03-28T13:00:00,2026-03-28T10:00:00Z,2026-03-28,13,3,87,28,28,0.0,29,29,0.48,23.1,0.24,0
2026-03-28T14:00:00,2026-03-28T11:00:00Z,2026-03-28,14,3,87,27,27,0.0,26,26,0.48,23.8,0.236,0
2026-03-28T15:00:00,2026-03-28T12:00:00Z,2026-03-28,15,3,87,24,24,0.0,76,76,0.44,24.0,0.234,0
2026-03-28T16:00:00,2026-03-28T13:00:00Z,2026-03-28,16,3,87,18,18,0.0,36,36,0.35,23.7,0.232,0
2026-03-28T17:00:00,2026-03-28T14:00:00Z,2026-03-28,17,3,87,10,10,0.0,24,24,0.26,23.0,0.232,0
2026-03-28T18:00:00,2026-03-28T15:00:00Z,2026-03-28,18,3,87,4,4,0.0,50,50,0.16,22.2,0.233,0
2026-03-28T19:00:00,2026-03-28T16:00:00Z,2026-03-28,19,3,87,1,1,0.0,95,95,0.05,20.9,0.235,0
2026-03-28T20:00:00,2026-03-28T17:00:00Z,2026-03-28,20,3,87,0,0,0.0,98,98,0.03,19.7,0.236,0
2026-03-28T21:00:00,2026-03-28T18:00:00Z,2026-03-28,21,3,87,0,0,0.0,100,100,0.02,19.0,0.238,0
2026-03-28T22:00:00,2026-03-28T19:00:00Z,2026-03-28,22,3,87,0,0,0.0,100,100,0.02,18.4,0.239,0
2026-03-28T23:00:00,2026-03-28T20:00:00Z,2026-03-28,23,3,87,0,0,0.0,49,49,0.01,17.8,0.24,0
2026-03-29T00:00:00,2026-03-28T21:00:00Z,2026-03-29,0,3,88,0,0,0.0,16,16,0.01,17.2,0.241,0
2026-03-29T01:00:00,2026-03-28T22:00:00Z,2026-03-29,1,3,88,0,0,0.0,30,30,-0.0,16.7,0.242,0
2026-03-29T02:00:00,2026-03-28T23:00:00Z,2026-03-29,2,3,88,0,0,0.0,40,40,-0.0,16.3,0.243,0
2026-03-29T03:00:00,2026-03-29T00:00:00Z,2026-03-29,3,3,88,0,0,0.0,99,99,-0.0,16.1,0.242,0
2026-03-29T04:00:00,2026-03-29T01:00:00Z,2026-03-29,4,3,88,0,0,0.0,86,86,0.01,15.9,0.242,0
2026-03-29T05:00:00,2026-03-29T02:00:00Z,2026-03-29,5,3,88,0,0,0.0,36,36,-0.0,15.6,0.243,0
2026-03-29T06:00:00,2026-03-29T03:00:00Z,2026-03-29,6,3,88,0,0,0.0,37,37,-0.0,15.3,0.243,0
2026-03-29T07:00:00,2026-03-29T04:00:00Z,2026-03-29,7,3,88,0,0,0.0,27,27,-0.0,14.9,0.244,0
2026-03-29T08:00:00,2026-03-29T05:00:00Z,2026-03-29,8,3,88,0,0,0.0,17,17,0.02,15.5,0.243,0
2026-03-29T09:00:00,2026-03-29T06:00:00Z,2026-03-29,9,3,88,0,0,0.0,6,6,0.16,17.7,0.24,0
2026-03-29T10:00:00,2026-03-29T07:00:00Z,2026-03-29,10,3,88,0,0,0.0,2,2,0.35,19.9,0.236,0
2026-03-29T11:00:00,2026-03-29T08:00:00Z,2026-03-29,11,3,88,0,0,0.0,7,7,0.47,21.9,0.231,0
2026-03-29T12:00:00,2026-03-29T09:00:00Z,2026-03-29,12,3,88,4,4,0.0,25,25,0.51,23.4,0.226,0
2026-03-29T13:00:00,2026-03-29T10:00:00Z,2026-03-29,13,3,88,28,28,0.3,42,42,0.51,24.3,0.221,1
2026-03-29T14:00:00,2026-03-29T11:00:00Z,2026-03-29,14,3,88,59,59,0.3,57,57,0.47,24.7,0.218,1
2026-03-29T15:00:00,2026-03-29T12:00:00Z,2026-03-29,15,3,88,75,75,0.1,11,11,0.37,24.5,0.217,1
2026-03-29T16:00:00,2026-03-29T13:00:00Z,2026-03-29,16,3,88,61,61,0.0,19,19,0.34,24.2,0.218,0
2026-03-29T17:00:00,2026-03-29T14:00:00Z,2026-03-29,17,3,88,31,31,0.1,32,32,0.26,23.6,0.23,1
2026-03-29T18:00:00,2026-03-29T15:00:00Z,2026-03-29,18,3,88,8,8,0.1,23,23,0.13,22.5,0.234,1
2026-03-29T19:00:00,2026-03-29T16:00:00Z,2026-03-29,19,3,88,0,0,0.0,29,29,0.04,21.2,0.232,0
2026-03-29T20:00:00,2026-03-29T17:00:00Z,2026-03-29,20,3,88,0,0,0.0,61,61,0.03,20.1,0.231,0
2026-03-29T21:00:00,2026-03-29T18:00:00Z,2026-03-29,21,3,88,0,0,0.0,59,59,0.02,19.2,0.227,0
2026-03-29T22:00:00,2026-03-29T19:00:00Z,2026-03-29,22,3,88,31,31,0.1,100,100,0.01,18.5,0.228,1
2026-03-29T23:00:00,2026-03-29T20:00:00Z,2026-03-29,23,3,88,73,73,0.3,95,95,0.01,17.9,0.23,1
2026-03-30T00:00:00,2026-03-29T21:00:00Z,2026-03-30,0,3,89,96,96,0.0,98,98,-0.0,17.4,0.231,0
2026-03-30T01:00:00,2026-03-29T22:00:00Z,2026-03-30,1,3,89,79,79,0.0,93,93,-0.0,17.0,0.231,0
2026-03-30T02:00:00,2026-03-29T23:00:00Z,2026-03-30,2,3,89,42,42,0.0,99,99,-0.0,16.8,0.232,0
2026-03-30T03:00:00,2026-03-30T00:00:00Z,2026-03-30,3,3,89,18,18,0.0,100,100,-0.0,16.8,0.23,0
2026-03-30T04:00:00,2026-03-30T01:00:00Z,2026-03-30,4,3,89,22,22,0.0,100,100,-0.0,16.6,0.23,0
2026-03-30T05:00:00,2026-03-30T02:00:00Z,2026-03-30,5,3,89,39,39,0.1,100,100,-0.0,16.4,0.231,1
2026-03-30T06:00:00,2026-03-30T03:00:00Z,2026-03-30,6,3,89,51,51,0.0,100,100,-0.0,16.2,0.231,0
2026-03-30T07:00:00,2026-03-30T04:00:00Z,2026-03-30,7,3,89,52,52,0.1,100,100,-0.0,16.0,0.233,1
2026-03-30T08:00:00,2026-03-30T05:00:00Z,2026-03-30,8,3,89,48,48,0.0,98,98,0.02,16.5,0.233,0
2026-03-30T09:00:00,2026-03-30T06:00:00Z,2026-03-30,9,3,89,47,47,0.0,98,98,0.13,18.3,0.229,0
2026-03-30T10:00:00,2026-03-30T07:00:00Z,2026-03-30,10,3,89,52,52,0.0,85,85,0.27,19.8,0.226,0
2026-03-30T11:00:00,2026-03-30T08:00:00Z,2026-03-30,11,3,89,59,59,0.0,89,89,0.4,21.5,0.221,0
2026-03-30T12:00:00,2026-03-30T09:00:00Z,2026-03-30,12,3,89,67,67,0.2,66,66,0.44,22.8,0.217,1
2026-03-30T13:00:00,2026-03-30T10:00:00Z,2026-03-30,13,3,89,78,78,0.2,38,38,0.49,24.1,0.214,1
2026-03-30T14:00:00,2026-03-30T11:00:00Z,2026-03-30,14,3,89,91,91,0.0,57,57,0.45,24.4,0.212,0
2026-03-30T15:00:00,2026-03-30T12:00:00Z,2026-03-30,15,3,89,96,96,0.1,38,38,0.35,23.9,0.209,1
2026-03-30T16:00:00,2026-03-30T13:00:00Z,2026-03-30,16,3,89,90,90,0.2,91,91,0.25,23.4,0.214,1
2026-03-30T17:00:00,2026-03-30T14:00:00Z,2026-03-30,17,3,89,78,78,0.1,99,99,0.15,22.5,0.217,1
2026-03-30T18:00:00,2026-03-30T15:00:00Z,2026-03-30,18,3,89,63,63,0.0,99,99,0.1,21.7,0.216,0
2026-03-30T19:00:00,2026-03-30T16:00:00Z,2026-03-30,19,3,89,43,43,0.0,100,100,0.04,20.7,0.217,0
2026-03-30T20:00:00,2026-03-30T17:00:00Z,2026-03-30,20,3,89,21,21,0.0,98,98,0.02,19.7,0.217,0
2026-03-30T21:00:00,2026-03-30T18:00:00Z,2026-03-30,21,3,89,12,12,0.0,99,99,0.02,18.8,0.216,0
2026-03-30T22:00:00,2026-03-30T19:00:00Z,2026-03-30,22,3,89,30,30,0.0,90,90,0.01,18.3,0.217,0
2026-03-30T23:00:00,2026-03-30T20:00:00Z,2026-03-30,23,3,89,60,60,0.0,98,98,0.01,18.1,0.218,0
2026-03-31T00:00:00,2026-03-30T21:00:00Z,2026-03-31,0,3,90,78,78,0.1,100,100,0.01,17.7,0.219,1
2026-03-31T01:00:00,2026-03-30T22:00:00Z,2026-03-31,1,3,90,67,67,0.0,100,100,0.01,17.4,0.22,0
2026-03-31T02:00:00,2026-03-30T23:00:00Z,2026-03-31,2,3,90,43,43,0.0,100,100,-0.0,17.1,0.221,0
2026-03-31T03:00:00,2026-03-31T00:00:00Z,2026-03-31,3,3,90,25,25,0.0,100,100,0.01,17.1,0.219,0
2026-03-31T04:00:00,2026-03-31T01:00:00Z,2026-03-31,4,3,90,21,21,0.0,100,100,0.01,16.8,0.219,0
2026-03-31T05:00:00,2026-03-31T02:00:00Z,2026-03-31,5,3,90,23,23,0.0,100,100,-0.0,16.4,0.22,0
2026-03-31T06:00:00,2026-03-31T03:00:00Z,2026-03-31,6,3,90,25,25,0.0,100,100,-0.0,16.1,0.22,0
2026-03-31T07:00:00,2026-03-31T04:00:00Z,2026-03-31,7,3,90,23,23,0.0,100,100,-0.0,15.9,0.221,0
2026-03-31T08:00:00,2026-03-31T05:00:00Z,2026-03-31,8,3,90,22,22,0.0,99,99,0.03,16.4,0.22,0
2026-03-31T09:00:00,2026-03-31T06:00:00Z,2026-03-31,9,3,90,27,27,0.1,100,100,0.13,17.9,0.218,1
2026-03-31T10:00:00,2026-03-31T07:00:00Z,2026-03-31,10,3,90,46,46,0.1,78,78,0.28,19.6,0.214,1
2026-03-31T11:00:00,2026-03-31T08:00:00Z,2026-03-31,11,3,90,71,71,0.0,81,81,0.36,20.9,0.211,0
2026-03-31T12:00:00,2026-03-31T09:00:00Z,2026-03-31,12,3,90,90,90,0.0,100,100,0.39,22.0,0.215,0
2026-03-31T13:00:00,2026-03-31T10:00:00Z,2026-03-31,13,3,90,96,96,0.0,100,100,0.33,22.1,0.238,0
2026-03-31T14:00:00,2026-03-31T11:00:00Z,2026-03-31,14,3,90,96,96,0.1,93,93,0.32,22.3,0.23,1
2026-03-31T15:00:00,2026-03-31T12:00:00Z,2026-03-31,15,3,90,92,92,0.1,77,77,0.3,23.4,0.245,1
2026-03-31T16:00:00,2026-03-31T13:00:00Z,2026-03-31,16,3,90,85,85,0.0,85,85,0.27,22.8,0.304,0
2026-03-31T17:00:00,2026-03-31T14:00:00Z,2026-03-31,17,3,90,75,75,0.0,82,82,0.19,22.0,0.301,0
2026-03-31T18:00:00,2026-03-31T15:00:00Z,2026-03-31,18,3,90,63,63,0.0,89,89,0.1,21.0,0.282,0
2026-03-31T19:00:00,2026-03-31T16:00:00Z,2026-03-31,19,3,90,46,46,0.1,84,84,0.04,20.1,0.272,1
2026-03-31T20:00:00,2026-03-31T17:00:00Z,2026-03-31,20,3,90,28,28,0.0,84,84,0.02,19.3,0.266,0
2026-03-31T21:00:00,2026-03-31T18:00:00Z,2026-03-31,21,3,90,14,14,0.0,100,100,0.01,18.7,0.274,0
2026-03-31T22:00:00,2026-03-31T19:00:00Z,2026-03-31,22,3,90,9,9,0.0,97,97,0.01,18.3,0.27,0
2026-03-31T23:00:00,2026-03-31T20:00:00Z,2026-03-31,23,3,90,10,10,0.0,78,78,0.01,17.8,0.268,0
2026-04-01T00:00:00,2026-03-31T21:00:00Z,2026-04-01,0,4,91,10,10,0.0,95,95,0.01,17.4,0.266,0
2026-04-01T01:00:00,2026-03-31T22:00:00Z,2026-04-01,1,4,91,8,8,0.0,99,99,-0.0,17.0,0.265,0
2026-04-01T02:00:00,2026-03-31T23:00:00Z,2026-04-01,2,4,91,5,5,0.0,100,100,-0.0,16.6,0.263,0
2026-04-01T03:00:00,2026-04-01T00:00:00Z,2026-04-01,3,4,91,6,6,0.0,100,100,-0.0,16.5,0.255,0
2026-04-01T04:00:00,2026-04-01T01:00:00Z,2026-04-01,4,4,91,14,14,0.0,100,100,0.01,16.1,0.255,0
2026-04-01T05:00:00,2026-04-01T02:00:00Z,2026-04-01,5,4,91,24,24,0.0,100,100,-0.0,15.7,0.254,0
2026-04-01T06:00:00,2026-04-01T03:00:00Z,2026-04-01,6,4,91,31,31,0.0,100,100,-0.0,15.4,0.253,0
2026-04-01T07:00:00,2026-04-01T04:00:00Z,2026-04-01,7,4,91,27,27,0.0,100,100,-0.0,15.0,0.253,0
2026-04-01T08:00:00,2026-04-01T05:00:00Z,2026-04-01,8,4,91,20,20,0.0,100,100,0.02,15.5,0.252,0
2026-04-01T09:00:00,2026-04-01T06:00:00Z,2026-04-01,9,4,91,18,18,0.0,100,100,0.12,17.5,0.249,0
2026-04-01T10:00:00,2026-04-01T07:00:00Z,2026-04-01,10,4,91,29,29,0.0,98,98,0.3,19.6,0.244,0
2026-04-01T11:00:00,2026-04-01T08:00:00Z,2026-04-01,11,4,91,47,47,0.1,93,93,0.42,21.6,0.239,1
2026-04-01T12:00:00,2026-04-01T09:00:00Z,2026-04-01,12,4,91,61,61,0.1,100,100,0.48,23.4,0.233,1
2026-04-01T13:00:00,2026-04-01T10:00:00Z,2026-04-01,13,4,91,68,68,0.0,100,100,0.49,24.5,0.228,0
2026-04-01T14:00:00,2026-04-01T11:00:00Z,2026-04-01,14,4,91,72,72,0.0,99,99,0.46,25.2,0.224,0
2026-04-01T15:00:00,2026-04-01T12:00:00Z,2026-04-01,15,4,91,73,73,0.1,98,98,0.39,25.7,0.22,1
2026-04-01T16:00:00,2026-04-01T13:00:00Z,2026-04-01,16,4,91,71,71,0.0,100,100,0.3,24.9,0.223,0
2026-04-01T17:00:00,2026-04-01T14:00:00Z,2026-04-01,17,4,91,66,66,0.0,100,100,0.24,24.0,0.253,0
2026-04-01T18:00:00,2026-04-01T15:00:00Z,2026-04-01,18,4,91,59,59,0.0,98,98,0.13,22.7,0.264,0
2026-04-01T19:00:00,2026-04-01T16:00:00Z,2026-04-01,19,4,91,49,49,0.0,71,71,0.04,21.2,0.252,0
2026-04-01T20:00:00,2026-04-01T17:00:00Z,2026-04-01,20,4,91,37,37,0.0,55,55,0.02,20.0,0.249,0
2026-04-01T21:00:00,2026-04-01T18:00:00Z,2026-04-01,21,4,91,27,27,0.0,96,96,0.01,19.7,0.235,0
2026-04-01T22:00:00,2026-04-01T19:00:00Z,2026-04-01,22,4,91,21,21,0.0,75,75,0.01,19.0,0.234,0
2026-04-01T23:00:00,2026-04-01T20:00:00Z,2026-04-01,23,4,91,17,17,0.0,70,70,0.01,18.4,0.234,0
2026-04-02T00:00:00,2026-04-01T21:00:00Z,2026-04-02,0,4,92,14,14,0.0,97,97,0.01,18.0,0.234,0
2026-04-02T01:00:00,2026-04-01T22:00:00Z,2026-04-02,1,4,92,11,11,0.0,93,93,0.01,17.8,0.234,0
2026-04-02T02:00:00,2026-04-01T23:00:00Z,2026-04-02,2,4,92,8,8,0.0,98,98,-0.0,17.4,0.234,0
2026-04-02T03:00:00,2026-04-02T00:00:00Z,2026-04-02,3,4,92,6,6,0.0,100,100,-0.0,16.7,0.233,0
2026-04-02T04:00:00,2026-04-02T01:00:00Z,2026-04-02,4,4,92,5,5,0.0,92,92,-0.0,16.5,0.233,0
2026-04-02T05:00:00,2026-04-02T02:00:00Z,2026-04-02,5,4,92,5,5,0.0,99,99,-0.0,16.2,0.233,0
2026-04-02T06:00:00,2026-04-02T03:00:00Z,2026-04-02,6,4,92,6,6,0.0,100,100,-0.0,16.0,0.233,0
2026-04-02T07:00:00,2026-04-02T04:00:00Z,2026-04-02,7,4,92,5,5,0.0,100,100,-0.0,15.7,0.233,0
2026-04-02T08:00:00,2026-04-02T05:00:00Z,2026-04-02,8,4,92,4,4,0.0,100,100,0.03,16.3,0.233,0
2026-04-02T09:00:00,2026-04-02T06:00:00Z,2026-04-02,9,4,92,10,10,0.0,100,100,0.15,18.1,0.23,0
2026-04-02T10:00:00,2026-04-02T07:00:00Z,2026-04-02,10,4,92,32,32,0.0,100,100,0.29,20.1,0.226,0
2026-04-02T11:00:00,2026-04-02T08:00:00Z,2026-04-02,11,4,92,61,61,0.1,50,50,0.41,22.3,0.22,1
2026-04-02T12:00:00,2026-04-02T09:00:00Z,2026-04-02,12,4,92,80,80,0.1,36,36,0.49,24.2,0.214,1
2026-04-02T13:00:00,2026-04-02T10:00:00Z,2026-04-02,13,4,92,77,77,0.0,60,60,0.51,25.7,0.208,0
2026-04-02T14:00:00,2026-04-02T11:00:00Z,2026-04-02,14,4,92,64,64,0.0,20,20,0.47,26.4,0.204,0
2026-04-02T15:00:00,2026-04-02T12:00:00Z,2026-04-02,15,4,92,53,53,0.0,61,61,0.36,25.8,0.204,0
2026-04-02T16:00:00,2026-04-02T13:00:00Z,2026-04-02,16,4,92,50,50,0.1,55,55,0.23,24.5,0.238,1
2026-04-02T17:00:00,2026-04-02T14:00:00Z,2026-04-02,17,4,92,50,50,0.0,35,35,0.17,23.7,0.226,0
2026-04-02T18:00:00,2026-04-02T15:00:00Z,2026-04-02,18,4,92,45,45,0.0,40,40,0.09,22.8,0.223,0
2026-04-02T19:00:00,2026-04-02T16:00:00Z,2026-04-02,19,4,92,30,30,0.0,17,17,0.03,21.6,0.222,0
2026-04-02T20:00:00,2026-04-02T17:00:00Z,2026-04-02,20,4,92,11,11,0.0,25,25,0.02,20.5,0.222,0
2026-04-02T21:00:00,2026-04-02T18:00:00Z,2026-04-02,21,4,92,0,0,0.0,47,47,0.02,19.8,0.24,0
2026-04-02T22:00:00,2026-04-02T19:00:00Z,2026-04-02,22,4,92,5,5,0.0,59,59,0.02,19.1,0.233,0
2026-04-02T23:00:00,2026-04-02T20:00:00Z,2026-04-02,23,4,92,18,18,0.0,34,34,0.01,18.6,0.231,0
2026-04-03T00:00:00,2026-04-02T21:00:00Z,2026-04-03,0,4,93,27,27,0.0,37,37,0.01,18.2,0.23,0
2026-04-03T01:00:00,2026-04-02T22:00:00Z,2026-04-03,1,4,93,26,26,0.0,95,95,0.01,17.9,0.23,0
2026-04-03T02:00:00,2026-04-02T23:00:00Z,2026-04-03,2,4,93,20,20,0.0,94,94,-0.0,17.6,0.229,0
2026-04-03T03:00:00,2026-04-03T00:00:00Z,2026-04-03,3,4,93,16,16,0.0,99,99,-0.0,17.3,0.228,0
2026-04-03T04:00:00,2026-04-03T01:00:00Z,2026-04-03,4,4,93,18,18,0.0,98,98,-0.0,16.9,0.228,0
2026-04-03T05:00:00,2026-04-03T02:00:00Z,2026-04-03,5,4,93,21,21,0.0,100,100,-0.0,16.6,0.227,0
2026-04-03T06:00:00,2026-04-03T03:00:00Z,2026-04-03,6,4,93,22,22,0.0,100,100,-0.0,16.3,0.227,0
2026-04-03T07:00:00,2026-04-03T04:00:00Z,2026-04-03,7,4,93,15,15,0.0,100,100,-0.0,16.0,0.227,0
2026-04-03T08:00:00,2026-04-03T05:00:00Z,2026-04-03,8,4,93,6,6,0.0,73,73,0.03,16.7,0.226,0
2026-04-03T09:00:00,2026-04-03T06:00:00Z,2026-04-03,9,4,93,6,6,0.0,92,92,0.13,18.4,0.223,0
2026-04-03T10:00:00,2026-04-03T07:00:00Z,2026-04-03,10,4,93,25,25,0.0,74,74,0.32,20.6,0.219,0
2026-04-03T11:00:00,2026-04-03T08:00:00Z,2026-04-03,11,4,93,53,53,0.0,98,98,0.43,22.7,0.213,0
2026-04-03T12:00:00,2026-04-03T09:00:00Z,2026-04-03,12,4,93,73,73,0.0,96,96,0.5,24.8,0.206,0
2026-04-03T13:00:00,2026-04-03T10:00:00Z,2026-04-03,13,4,93,75,75,0.0,97,97,0.52,26.3,0.2,0
2026-04-03T14:00:00,2026-04-03T11:00:00Z,2026-04-03,14,4,93,68,68,0.0,94,94,0.44,26.5,0.196,0
2026-04-03T15:00:00,2026-04-03T12:00:00Z,2026-04-03,15,4,93,65,65,0.0,94,94,0.29,26.5,0.197,0
2026-04-03T16:00:00,2026-04-03T13:00:00Z,2026-04-03,16,4,93,74,74,0.0,95,95,0.25,25.4,0.203,0
2026-04-03T17:00:00,2026-04-03T14:00:00Z,2026-04-03,17,4,93,87,87,0.0,93,93,0.15,24.2,0.223,0
2026-04-03T18:00:00,2026-04-03T15:00:00Z,2026-04-03,18,4,93,90,90,0.0,93,93,0.07,22.8,0.225,0
2026-04-03T19:00:00,2026-04-03T16:00:00Z,2026-04-03,19,4,93,70,70,0.0,93,93,0.04,21.6,0.221,0
2026-04-03T20:00:00,2026-04-03T17:00:00Z,2026-04-03,20,4,93,39,39,0.0,91,91,0.02,20.5,0.264,0
2026-04-03T21:00:00,2026-04-03T18:00:00Z,2026-04-03,21,4,93,20,20,0.0,53,53,0.02,20.0,0.284,0
2026-04-03T22:00:00,2026-04-03T19:00:00Z,2026-04-03,22,4,93,29,29,0.0,54,54,0.02,19.3,0.282,0
2026-04-03T23:00:00,2026-04-03T20:00:00Z,2026-04-03,23,4,93,49,49,0.0,98,98,0.02,18.8,0.266,0
2026-04-04T00:00:00,2026-04-03T21:00:00Z,2026-04-04,0,4,94,61,61,0.0,96,96,0.01,18.4,0.259,0
2026-04-04T01:00:00,2026-04-03T22:00:00Z,2026-04-04,1,4,94,50,50,0.0,94,94,0.01,18.0,0.254,0
2026-04-04T02:00:00,2026-04-03T23:00:00Z,2026-04-04,2,4,94,30,30,0.0,91,91,0.01,17.6,0.251,0
2026-04-04T03:00:00,2026-04-04T00:00:00Z,2026-04-04,3,4,94,18,18,0.0,100,100,-0.0,17.3,0.258,0
2026-04-04T04:00:00,2026-04-04T01:00:00Z,2026-04-04,4,4,94,26,26,0.0,100,100,0.01,17.0,0.256,0
2026-04-04T05:00:00,2026-04-04T02:00:00Z,2026-04-04,5,4,94,43,43,0.0,99,99,0.01,16.5,0.255,0
2026-04-04T06:00:00,2026-04-04T03:00:00Z,2026-04-04,6,4,94,51,51,0.1,79,79,-0.0,16.1,0.254,1
2026-04-04T07:00:00,2026-04-04T04:00:00Z,2026-04-04,7,4,94,37,37,0.0,97,97,-0.0,15.7,0.253,0
2026-04-04T08:00:00,2026-04-04T05:00:00Z,2026-04-04,8,4,94,15,15,0.0,91,91,0.03,16.3,0.251,0
2026-04-04T09:00:00,2026-04-04T06:00:00Z,2026-04-04,9,4,94,2,2,0.0,100,100,0.17,18.5,0.247,0
2026-04-04T10:00:00,2026-04-04T07:00:00Z,2026-04-04,10,4,94,12,12,0.0,91,91,0.35,20.5,0.243,0
2026-04-04T11:00:00,2026-04-04T08:00:00Z,2026-04-04,11,4,94,32,32,0.0,84,84,0.45,22.6,0.237,0
2026-04-04T12:00:00,2026-04-04T09:00:00Z,2026-04-04,12,4,94,45,45,0.0,48,48,0.53,24.7,0.23,0
2026-04-04T13:00:00,2026-04-04T10:00:00Z,2026-04-04,13,4,94,43,43,0.0,29,29,0.56,26.2,0.223,0
2026-04-04T14:00:00,2026-04-04T11:00:00Z,2026-04-04,14,4,94,35,35,0.0,90,90,0.46,26.3,0.22,0
2026-04-04T15:00:00,2026-04-04T12:00:00Z,2026-04-04,15,4,94,29,29,0.0,96,96,0.32,26.6,0.215,0
2026-04-04T16:00:00,2026-04-04T13:00:00Z,2026-04-04,16,4,94,30,30,0.0,98,98,0.25,25.3,0.228,0
2026-04-04T17:00:00,2026-04-04T14:00:00Z,2026-04-04,17,4,94,34,34,0.0,95,95,0.17,24.2,0.234,0
2026-04-04T18:00:00,2026-04-04T15:00:00Z,2026-04-04,18,4,94,35,35,0.0,98,98,0.11,23.2,0.235,0
2026-04-04T19:00:00,2026-04-04T16:00:00Z,2026-04-04,19,4,94,31,31,0.0,92,92,0.04,22.0,0.24,0
2026-04-04T20:00:00,2026-04-04T17:00:00Z,2026-04-04,20,4,94,25,25,0.0,91,91,0.02,20.7,0.237,0
2026-04-04T21:00:00,2026-04-04T18:00:00Z,2026-04-04,21,4,94,20,20,0.0,62,62,0.01,19.7,0.249,0
2026-04-04T22:00:00,2026-04-04T19:00:00Z,2026-04-04,22,4,94,18,18,0.0,42,42,0.01,19.1,0.246,0
2026-04-04T23:00:00,2026-04-04T20:00:00Z,2026-04-04,23,4,94,17,17,0.0,90,90,0.01,18.7,0.244,0
2026-04-05T00:00:00,2026-04-04T21:00:00Z,2026-04-05,0,4,95,16,16,0.0,89,89,0.01,18.4,0.243,0
2026-04-05T01:00:00,2026-04-04T22:00:00Z,2026-04-05,1,4,95,15,15,0.0,92,92,0.01,18.0,0.242,0
2026-04-05T02:00:00,2026-04-04T23:00:00Z,2026-04-05,2,4,95,15,15,0.0,95,95,-0.0,17.7,0.241,0
2026-04-05T03:00:00,2026-04-05T00:00:00Z,2026-04-05,3,4,95,14,14,0.0,100,100,-0.0,17.3,0.243,0
2026-04-05T04:00:00,2026-04-05T01:00:00Z,2026-04-05,4,4,95,13,13,0.0,100,100,-0.0,16.9,0.243,0
2026-04-05T05:00:00,2026-04-05T02:00:00Z,2026-04-05,5,4,95,11,11,0.0,98,98,-0.0,16.6,0.243,0
2026-04-05T06:00:00,2026-04-05T03:00:00Z,2026-04-05,6,4,95,10,10,0.1,100,100,-0.0,16.3,0.242,1
2026-04-05T07:00:00,2026-04-05T04:00:00Z,2026-04-05,7,4,95,8,8,0.2,100,100,-0.0,16.2,0.242,1
2026-04-05T08:00:00,2026-04-05T05:00:00Z,2026-04-05,8,4,95,6,6,0.1,100,100,0.03,16.8,0.241,1
2026-04-05T09:00:00,2026-04-05T06:00:00Z,2026-04-05,9,4,95,10,10,0.0,92,92,0.13,18.6,0.237,0
2026-04-05T10:00:00,2026-04-05T07:00:00Z,2026-04-05,10,4,95,25,25,0.1,100,100,0.29,20.4,0.232,1
2026-04-05T11:00:00,2026-04-05T08:00:00Z,2026-04-05,11,4,95,45,45,0.0,100,100,0.4,22.1,0.227,0
2026-04-05T12:00:00,2026-04-05T09:00:00Z,2026-04-05,12,4,95,61,61,0.0,92,92,0.46,23.6,0.221,0
2026-04-05T13:00:00,2026-04-05T10:00:00Z,2026-04-05,13,4,95,69,69,0.0,99,99,0.38,23.9,0.218,0
2026-04-05T14:00:00,2026-04-05T11:00:00Z,2026-04-05,14,4,95,73,73,0.0,99,99,0.31,23.5,0.216,0
2026-04-05T15:00:00,2026-04-05T12:00:00Z,2026-04-05,15,4,95,76,76,0.1,100,100,0.31,24.1,0.219,1
2026-04-05T16:00:00,2026-04-05T13:00:00Z,2026-04-05,16,4,95,79,79,0.0,100,100,0.25,23.4,0.227,0
2026-04-05T17:00:00,2026-04-05T14:00:00Z,2026-04-05,17,4,95,80,80,0.0,100,100,0.19,22.8,0.234,0
2026-04-05T18:00:00,2026-04-05T15:00:00Z,2026-04-05,18,4,95,76,76,0.0,100,100,0.1,22.0,0.266,0
2026-04-05T19:00:00,2026-04-05T16:00:00Z,2026-04-05,19,4,95,61,61,0.0,95,95,0.04,20.9,0.265,0
2026-04-05T20:00:00,2026-04-05T17:00:00Z,2026-04-05,20,4,95,40,40,0.0,95,95,0.02,19.7,0.256,0
2026-04-05T21:00:00,2026-04-05T18:00:00Z,2026-04-05,21,4,95,25,25,0.0,98,98,0.01,18.7,0.252,0
2026-04-05T22:00:00,2026-04-05T19:00:00Z,2026-04-05,22,4,95,22,22,0.1,99,99,0.01,18.0,0.248,1
2026-04-05T23:00:00,2026-04-05T20:00:00Z,2026-04-05,23,4,95,25,25,0.0,88,88,-0.0,17.5,0.246,0
2026-04-06T00:00:00,2026-04-05T21:00:00Z,2026-04-06,0,4,96,27,27,0.1,52,52,-0.0,17.1,0.244,1
2026-04-06T01:00:00,2026-04-05T22:00:00Z,2026-04-06,1,4,96,24,24,0.0,23,23,-0.0,16.8,0.243,0
2026-04-06T02:00:00,2026-04-05T23:00:00Z,2026-04-06,2,4,96,20,20,0.0,32,32,-0.0,16.6,0.242,0
2026-04-06T03:00:00,2026-04-06T00:00:00Z,2026-04-06,3,4,96,16,16,0.0,95,95,-0.0,16.5,0.242,0
2026-04-06T04:00:00,2026-04-06T01:00:00Z,2026-04-06,4,4,96,11,11,0.0,28,28,-0.0,16.1,0.241,0
2026-04-06T05:00:00,2026-04-06T02:00:00Z,2026-04-06,5,4,96,5,5,0.0,64,64,-0.0,15.8,0.24,0
2026-04-06T06:00:00,2026-04-06T03:00:00Z,2026-04-06,6,4,96,2,2,0.2,41,41,-0.0,15.4,0.24,1
2026-04-06T07:00:00,2026-04-06T04:00:00Z,2026-04-06,7,4,96,1,1,0.0,39,39,-0.0,15.1,0.239,0
2026-04-06T08:00:00,2026-04-06T05:00:00Z,2026-04-06,8,4,96,3,3,0.0,8,8,0.03,15.8,0.238,0
2026-04-06T09:00:00,2026-04-06T06:00:00Z,2026-04-06,9,4,96,8,8,0.0,48,48,0.16,18.1,0.234,0
2026-04-06T10:00:00,2026-04-06T07:00:00Z,2026-04-06,10,4,96,19,19,0.0,41,41,0.36,20.3,0.228,0
2026-04-06T11:00:00,2026-04-06T08:00:00Z,2026-04-06,11,4,96,34,34,0.0,11,11,0.47,22.2,0.222,0
2026-04-06T12:00:00,2026-04-06T09:00:00Z,2026-04-06,12,4,96,49,49,0.0,45,45,0.55,24.0,0.214,0
2026-04-06T13:00:00,2026-04-06T10:00:00Z,2026-04-06,13,4,96,64,64,0.1,50,50,0.58,25.4,0.207,1
2026-04-06T14:00:00,2026-04-06T11:00:00Z,2026-04-06,14,4,96,79,79,0.0,46,46,0.49,25.8,0.202,0
2026-04-06T15:00:00,2026-04-06T12:00:00Z,2026-04-06,15,4,96,90,90,0.0,51,51,0.4,26.6,0.196,0
2026-04-06T16:00:00,2026-04-06T13:00:00Z,2026-04-06,16,4,96,96,96,0.0,49,49,0.32,25.5,0.196,0
2026-04-06T17:00:00,2026-04-06T14:00:00Z,2026-04-06,17,4,96,98,98,0.1,19,19,0.21,24.3,0.204,1
2026-04-06T18:00:00,2026-04-06T15:00:00Z,2026-04-06,18,4,96,90,90,0.0,45,45,0.11,23.1,0.253,0
2026-04-06T19:00:00,2026-04-06T16:00:00Z,2026-04-06,19,4,96,61,61,0.0,52,52,0.05,21.6,0.298,0
2026-04-06T20:00:00,2026-04-06T17:00:00Z,2026-04-06,20,4,96,23,23,0.0,96,96,0.03,20.3,0.29,0
2026-04-06T21:00:00,2026-04-06T18:00:00Z,2026-04-06,21,4,96,4,4,0.0,100,100,0.02,20.1,0.27,0
2026-04-06T22:00:00,2026-04-06T19:00:00Z,2026-04-06,22,4,96,25,25,0.0,100,100,0.02,19.4,0.267,0
2026-04-06T23:00:00,2026-04-06T20:00:00Z,2026-04-06,23,4,96,64,64,0.0,100,100,0.02,18.9,0.26,0
2026-04-07T00:00:00,2026-04-06T21:00:00Z,2026-04-07,0,4,97,86,86,0.0,100,100,0.01,18.5,0.255,0
2026-04-07T01:00:00,2026-04-06T22:00:00Z,2026-04-07,1,4,97,66,66,0.0,98,98,0.01,18.1,0.252,0
2026-04-07T02:00:00,2026-04-06T23:00:00Z,2026-04-07,2,4,97,28,28,0.0,100,100,0.01,17.8,0.25,0
2026-04-07T03:00:00,2026-04-07T00:00:00Z,2026-04-07,3,4,97,8,8,0.0,100,100,-0.0,17.5,0.25,0
2026-04-07T04:00:00,2026-04-07T01:00:00Z,2026-04-07,4,4,97,27,27,0.2,100,100,-0.0,17.0,0.248,1
2026-04-07T05:00:00,2026-04-07T02:00:00Z,2026-04-07,5,4,97,65,65,0.1,100,100,-0.0,16.6,0.247,1
2026-04-07T06:00:00,2026-04-07T03:00:00Z,2026-04-07,6,4,97,90,90,0.0,100,100,-0.0,16.3,0.247,0
2026-04-07T07:00:00,2026-04-07T04:00:00Z,2026-04-07,7,4,97,89,89,0.0,100,100,-0.0,16.1,0.247,0
2026-04-07T08:00:00,2026-04-07T05:00:00Z,2026-04-07,8,4,97,76,76,0.2,95,95,0.03,16.8,0.245,1
2026-04-07T09:00:00,2026-04-07T06:00:00Z,2026-04-07,9,4,97,67,67,0.3,26,26,0.15,18.3,0.241,1
2026-04-07T10:00:00,2026-04-07T07:00:00Z,2026-04-07,10,4,97,67,67,0.1,17,17,0.31,20.0,0.237,1
2026-04-07T11:00:00,2026-04-07T08:00:00Z,2026-04-07,11,4,97,70,70,0.0,20,20,0.38,21.5,0.232,0
2026-04-07T12:00:00,2026-04-07T09:00:00Z,2026-04-07,12,4,97,73,73,0.0,21,21,0.45,23.3,0.225,0
2026-04-07T13:00:00,2026-04-07T10:00:00Z,2026-04-07,13,4,97,75,75,0.0,23,23,0.46,24.5,0.22,0
2026-04-07T14:00:00,2026-04-07T11:00:00Z,2026-04-07,14,4,97,76,76,0.0,16,16,0.48,25.5,0.214,0
2026-04-07T15:00:00,2026-04-07T12:00:00Z,2026-04-07,15,4,97,73,73,0.0,14,14,0.43,25.9,0.209,0
2026-04-07T16:00:00,2026-04-07T13:00:00Z,2026-04-07,16,4,97,64,64,0.0,27,27,0.37,25.6,0.206,0
2026-04-07T17:00:00,2026-04-07T14:00:00Z,2026-04-07,17,4,97,52,52,0.0,12,12,0.28,24.8,0.205,0
2026-04-07T18:00:00,2026-04-07T15:00:00Z,2026-04-07,18,4,97,39,39,0.0,27,27,0.14,23.6,0.206,0
2026-04-07T19:00:00,2026-04-07T16:00:00Z,2026-04-07,19,4,97,22,22,0.0,76,76,0.05,22.1,0.208,0
2026-04-07T20:00:00,2026-04-07T17:00:00Z,2026-04-07,20,4,97,4,4,0.0,41,41,0.03,20.6,0.209,0
2026-04-07T21:00:00,2026-04-07T18:00:00Z,2026-04-07,21,4,97,0,0,0.0,73,73,0.02,19.5,0.211,0
2026-04-07T22:00:00,2026-04-07T19:00:00Z,2026-04-07,22,4,97,23,23,0.0,34,34,0.02,18.7,0.212,0
2026-04-07T23:00:00,2026-04-07T20:00:00Z,2026-04-07,23,4,97,60,60,0.0,29,29,0.01,18.3,0.213,0
2026-04-08T00:00:00,2026-04-07T21:00:00Z,2026-04-08,0,4,98,82,82,0.0,48,48,0.01,17.9,0.213,0
2026-04-08T01:00:00,2026-04-07T22:00:00Z,2026-04-08,1,4,98,74,74,0.0,98,98,0.01,17.6,0.214,0
2026-04-08T02:00:00,2026-04-07T23:00:00Z,2026-04-08,2,4,98,52,52,0.0,100,100,-0.0,17.3,0.215,0
2026-04-08T03:00:00,2026-04-08T00:00:00Z,2026-04-08,3,4,98,35,35,0.0,99,99,-0.0,17.3,0.215,0
2026-04-08T04:00:00,2026-04-08T01:00:00Z,2026-04-08,4,4,98,33,33,0.0,100,100,-0.0,17.0,0.215,0
2026-04-08T05:00:00,2026-04-08T02:00:00Z,2026-04-08,5,4,98,36,36,0.0,100,100,-0.0,16.7,0.216,0
2026-04-08T06:00:00,2026-04-08T03:00:00Z,2026-04-08,6,4,98,37,37,0.0,100,100,-0.0,16.4,0.216,0
2026-04-08T07:00:00,2026-04-08T04:00:00Z,2026-04-08,7,4,98,31,31,0.0,75,75,-0.0,16.1,0.216,0
2026-04-08T08:00:00,2026-04-08T05:00:00Z,2026-04-08,8,4,98,24,24,0.0,83,83,0.03,16.7,0.215,0
2026-04-08T09:00:00,2026-04-08T06:00:00Z,2026-04-08,9,4,98,22,22,0.0,89,89,0.16,18.4,0.212,0
2026-04-08T10:00:00,2026-04-08T07:00:00Z,2026-04-08,10,4,98,33,33,0.1,99,99,0.3,20.2,0.208,1
2026-04-08T11:00:00,2026-04-08T08:00:00Z,2026-04-08,11,4,98,50,50,0.1,98,98,0.4,22.0,0.202,1
2026-04-08T12:00:00,2026-04-08T09:00:00Z,2026-04-08,12,4,98,61,61,0.1,76,76,0.45,23.4,0.196,1
2026-04-08T13:00:00,2026-04-08T10:00:00Z,2026-04-08,13,4,98,59,59,0.1,12,12,0.44,24.4,0.191,1
2026-04-08T14:00:00,2026-04-08T11:00:00Z,2026-04-08,14,4,98,52,52,0.0,44,44,0.45,25.1,0.196,0
2026-04-08T15:00:00,2026-04-08T12:00:00Z,2026-04-08,15,4,98,47,47,0.0,28,28,0.4,24.8,0.192,0
2026-04-08T16:00:00,2026-04-08T13:00:00Z,2026-04-08,16,4,98,52,52,0.0,39,39,0.29,24.3,0.205,0
2026-04-08T17:00:00,2026-04-08T14:00:00Z,2026-04-08,17,4,98,61,61,0.0,34,34,0.17,23.1,0.214,0
2026-04-08T18:00:00,2026-04-08T15:00:00Z,2026-04-08,18,4,98,61,61,0.1,16,16,0.11,21.7,0.264,1
2026-04-08T19:00:00,2026-04-08T16:00:00Z,2026-04-08,19,4,98,44,44,0.0,27,27,0.06,20.6,0.27,0
2026-04-08T20:00:00,2026-04-08T17:00:00Z,2026-04-08,20,4,98,20,20,0.0,28,28,0.04,19.7,0.281,0
2026-04-08T21:00:00,2026-04-08T18:00:00Z,2026-04-08,21,4,98,4,4,0.0,80,80,0.02,19.1,0.315,0
2026-04-08T22:00:00,2026-04-08T19:00:00Z,2026-04-08,22,4,98,7,7,0.0,58,58,0.02,18.6,0.306,0
2026-04-08T23:00:00,2026-04-08T20:00:00Z,2026-04-08,23,4,98,20,20,0.0,100,100,0.02,18.2,0.298,0
2026-04-09T00:00:00,2026-04-08T21:00:00Z,2026-04-09,0,4,99,27,27,0.0,93,93,0.02,17.9,0.285,0
2026-04-09T01:00:00,2026-04-08T22:00:00Z,2026-04-09,1,4,99,22,22,0.0,87,87,0.02,17.7,0.277,0
2026-04-09T02:00:00,2026-04-08T23:00:00Z,2026-04-09,2,4,99,13,13,0.0,100,100,0.01,17.5,0.273,0
2026-04-09T03:00:00,2026-04-09T00:00:00Z,2026-04-09,3,4,99,6,6,0.0,100,100,0.01,17.3,0.25,0
2026-04-09T04:00:00,2026-04-09T01:00:00Z,2026-04-09,4,4,99,4,4,0.1,100,100,-0.0,17.1,0.248,1
2026-04-09T05:00:00,2026-04-09T02:00:00Z,2026-04-09,5,4,99,6,6,0.1,100,100,-0.0,16.8,0.247,1
2026-04-09T06:00:00,2026-04-09T03:00:00Z,2026-04-09,6,4,99,10,10,0.0,100,100,-0.0,16.6,0.246,0
2026-04-09T07:00:00,2026-04-09T04:00:00Z,2026-04-09,7,4,99,20,20,0.0,100,100,-0.0,16.4,0.244,0
2026-04-09T08:00:00,2026-04-09T05:00:00Z,2026-04-09,8,4,99,32,32,0.0,62,62,0.05,17.0,0.243,0
2026-04-09T09:00:00,2026-04-09T06:00:00Z,2026-04-09,9,4,99,41,41,0.0,70,70,0.18,18.2,0.239,0
2026-04-09T10:00:00,2026-04-09T07:00:00Z,2026-04-09,10,4,99,40,40,0.0,72,72,0.33,19.8,0.234,0
2026-04-09T11:00:00,2026-04-09T08:00:00Z,2026-04-09,11,4,99,36,36,0.0,82,82,0.41,21.4,0.228,0
2026-04-09T12:00:00,2026-04-09T09:00:00Z,2026-04-09,12,4,99,35,35,0.0,79,79,0.45,22.9,0.222,0
2026-04-09T13:00:00,2026-04-09T10:00:00Z,2026-04-09,13,4,99,44,44,0.0,72,72,0.42,23.7,0.218,0
2026-04-09T14:00:00,2026-04-09T11:00:00Z,2026-04-09,14,4,99,58,58,0.0,88,88,0.41,24.3,0.213,0
2026-04-09T15:00:00,2026-04-09T12:00:00Z,2026-04-09,15,4,99,65,65,0.0,98,98,0.36,24.4,0.217,0
2026-04-09T16:00:00,2026-04-09T13:00:00Z,2026-04-09,16,4,99,60,60,0.0,99,99,0.33,24.4,0.222,0
2026-04-09T17:00:00,2026-04-09T14:00:00Z,2026-04-09,17,4,99,49,49,0.0,100,100,0.23,23.4,0.239,0
2026-04-09T18:00:00,2026-04-09T15:00:00Z,2026-04-09,18,4,99,37,37,0.0,98,98,0.12,22.2,0.24,0
2026-04-09T19:00:00,2026-04-09T16:00:00Z,2026-04-09,19,4,99,24,24,0.0,89,89,0.04,20.9,0.237,0
2026-04-09T20:00:00,2026-04-09T17:00:00Z,2026-04-09,20,4,99,10,10,0.0,98,98,0.03,20.0,0.244,0
2026-04-09T21:00:00,2026-04-09T18:00:00Z,2026-04-09,21,4,99,6,6,0.0,99,99,0.03,19.4,0.227,0
2026-04-09T22:00:00,2026-04-09T19:00:00Z,2026-04-09,22,4,99,23,23,0.0,99,99,0.02,18.9,0.226,0
2026-04-09T23:00:00,2026-04-09T20:00:00Z,2026-04-09,23,4,99,50,50,0.0,99,99,0.01,18.4,0.225,0
2026-04-10T00:00:00,2026-04-09T21:00:00Z,2026-04-10,0,4,100,65,65,0.0,98,98,0.01,18.0,0.225,0
2026-04-10T01:00:00,2026-04-09T22:00:00Z,2026-04-10,1,4,100,53,53,0.0,98,98,0.01,17.7,0.224,0
2026-04-10T02:00:00,2026-04-09T23:00:00Z,2026-04-10,2,4,100,29,29,0.0,98,98,0.01,17.5,0.224,0
2026-04-10T03:00:00,2026-04-10T00:00:00Z,2026-04-10,3,4,100,14,14,0.0,99,99,0.01,17.4,0.217,0
2026-04-10T04:00:00,2026-04-10T01:00:00Z,2026-04-10,4,4,100,18,18,0.0,100,100,0.01,17.2,0.217,0
2026-04-10T05:00:00,2026-04-10T02:00:00Z,2026-04-10,5,4,100,32,32,0.0,100,100,0.01,17.0,0.217,0
2026-04-10T06:00:00,2026-04-10T03:00:00Z,2026-04-10,6,4,100,47,47,0.1,100,100,0.01,16.8,0.217,1
2026-04-10T07:00:00,2026-04-10T04:00:00Z,2026-04-10,7,4,100,63,63,0.0,100,100,0.01,16.6,0.217,0
2026-04-10T08:00:00,2026-04-10T05:00:00Z,2026-04-10,8,4,100,81,81,0.1,100,100,0.04,17.0,0.216,1
2026-04-10T09:00:00,2026-04-10T06:00:00Z,2026-04-10,9,4,100,94,94,0.5,88,88,0.13,18.3,0.213,1
2026-04-10T10:00:00,2026-04-10T07:00:00Z,2026-04-10,10,4,100,100,100,0.2,98,98,0.27,19.9,0.209,1
2026-04-10T11:00:00,2026-04-10T08:00:00Z,2026-04-10,11,4,100,100,100,0.1,99,99,0.37,21.5,0.204,1
2026-04-10T12:00:00,2026-04-10T09:00:00Z,2026-04-10,12,4,100,98,98,0.1,100,100,0.41,22.9,0.198,1
2026-04-10T13:00:00,2026-04-10T10:00:00Z,2026-04-10,13,4,100,90,90,0.0,99,99,0.45,24.2,0.192,0
2026-04-10T14:00:00,2026-04-10T11:00:00Z,2026-04-10,14,4,100,77,77,0.0,98,98,0.43,25.0,0.187,0
2026-04-10T15:00:00,2026-04-10T12:00:00Z,2026-04-10,15,4,100,61,61,0.1,100,100,0.37,24.4,0.184,1
2026-04-10T16:00:00,2026-04-10T13:00:00Z,2026-04-10,16,4,100,40,40,0.0,100,100,0.33,24.2,0.181,0
2026-04-10T17:00:00,2026-04-10T14:00:00Z,2026-04-10,17,4,100,17,17,0.0,100,100,0.25,23.6,0.18,0
2026-04-10T18:00:00,2026-04-10T15:00:00Z,2026-04-10,18,4,100,0,0,0.0,100,100,0.14,22.6,0.181,0
2026-04-10T19:00:00,2026-04-10T16:00:00Z,2026-04-10,19,4,100,0,0,0.0,100,100,0.05,21.2,0.183,0
2026-04-10T20:00:00,2026-04-10T17:00:00Z,2026-04-10,20,4,100,0,0,0.0,99,99,0.03,20.0,0.184,0
2026-04-10T21:00:00,2026-04-10T18:00:00Z,2026-04-10,21,4,100,0,0,0.0,100,100,0.02,19.3,0.186,0
2026-04-10T22:00:00,2026-04-10T19:00:00Z,2026-04-10,22,4,100,10,10,0.0,100,100,0.02,18.6,0.187,0
2026-04-10T23:00:00,2026-04-10T20:00:00Z,2026-04-10,23,4,100,23,23,0.0,99,99,0.02,18.1,0.188,0
2026-04-11T00:00:00,2026-04-10T21:00:00Z,2026-04-11,0,4,101,29,29,0.0,100,100,0.01,17.6,0.189,0
2026-04-11T01:00:00,2026-04-10T22:00:00Z,2026-04-11,1,4,101,22,22,0.0,99,99,0.01,17.2,0.191,0
2026-04-11T02:00:00,2026-04-10T23:00:00Z,2026-04-11,2,4,101,9,9,0.0,100,100,0.01,17.0,0.191,0
2026-04-11T03:00:00,2026-04-11T00:00:00Z,2026-04-11,3,4,101,0,0,0.0,100,100,0.01,16.8,0.192,0
2026-04-11T04:00:00,2026-04-11T01:00:00Z,2026-04-11,4,4,101,1,1,0.0,100,100,0.01,16.5,0.192,0
2026-04-11T05:00:00,2026-04-11T02:00:00Z,2026-04-11,5,4,101,6,6,0.0,100,100,0.01,16.1,0.193,0
2026-04-11T06:00:00,2026-04-11T03:00:00Z,2026-04-11,6,4,101,10,10,0.0,100,100,-0.0,15.7,0.194,0
2026-04-11T07:00:00,2026-04-11T04:00:00Z,2026-04-11,7,4,101,11,11,0.0,100,100,-0.0,15.3,0.194,0
2026-04-11T08:00:00,2026-04-11T05:00:00Z,2026-04-11,8,4,101,10,10,0.0,99,99,0.03,16.0,0.194,0
2026-04-11T09:00:00,2026-04-11T06:00:00Z,2026-04-11,9,4,101,10,10,0.0,99,99,0.17,18.3,0.19,0
2026-04-11T10:00:00,2026-04-11T07:00:00Z,2026-04-11,10,4,101,8,8,0.0,80,80,0.34,20.4,0.184,0
2026-04-11T11:00:00,2026-04-11T08:00:00Z,2026-04-11,11,4,101,7,7,0.0,53,53,0.43,22.3,0.178,0
2026-04-11T12:00:00,2026-04-11T09:00:00Z,2026-04-11,12,4,101,10,10,0.0,27,27,0.48,23.8,0.171,0
2026-04-11T13:00:00,2026-04-11T10:00:00Z,2026-04-11,13,4,101,22,22,0.0,30,30,0.46,24.6,0.165,0
2026-04-11T14:00:00,2026-04-11T11:00:00Z,2026-04-11,14,4,101,39,39,0.0,76,76,0.43,25.0,0.16,0
2026-04-11T15:00:00,2026-04-11T12:00:00Z,2026-04-11,15,4,101,51,51,0.0,81,81,0.4,25.4,0.156,0
2026-04-11T16:00:00,2026-04-11T13:00:00Z,2026-04-11,16,4,101,57,57,0.0,49,49,0.33,25.0,0.16,0
2026-04-11T17:00:00,2026-04-11T14:00:00Z,2026-04-11,17,4,101,58,58,0.1,64,64,0.21,24.0,0.162,1
2026-04-11T18:00:00,2026-04-11T15:00:00Z,2026-04-11,18,4,101,53,53,0.1,52,52,0.11,23.0,0.171,1
2026-04-11T19:00:00,2026-04-11T16:00:00Z,2026-04-11,19,4,101,36,36,0.0,68,68,0.05,21.7,0.182,0
2026-04-11T20:00:00,2026-04-11T17:00:00Z,2026-04-11,20,4,101,12,12,0.0,97,97,0.03,20.5,0.178,0
2026-04-11T21:00:00,2026-04-11T18:00:00Z,2026-04-11,21,4,101,2,2,0.0,70,70,0.02,19.7,0.17,0
2026-04-11T22:00:00,2026-04-11T19:00:00Z,2026-04-11,22,4,101,19,19,0.0,71,71,0.02,18.9,0.172,0
2026-04-11T23:00:00,2026-04-11T20:00:00Z,2026-04-11,23,4,101,49,49,0.0,73,73,0.01,18.5,0.173,0
2026-04-12T00:00:00,2026-04-11T21:00:00Z,2026-04-12,0,4,102,67,67,0.0,69,69,0.01,18.2,0.174,0
2026-04-12T01:00:00,2026-04-11T22:00:00Z,2026-04-12,1,4,102,62,62,0.0,97,97,0.01,17.9,0.175,0
2026-04-12T02:00:00,2026-04-11T23:00:00Z,2026-04-12,2,4,102,46,46,0.0,100,100,0.01,17.7,0.176,0
2026-04-12T03:00:00,2026-04-12T00:00:00Z,2026-04-12,3,4,102,31,31,0.0,44,44,0.01,17.6,0.172,0
2026-04-12T04:00:00,2026-04-12T01:00:00Z,2026-04-12,4,4,102,22,22,0.0,100,100,0.01,17.4,0.173,0
2026-04-12T05:00:00,2026-04-12T02:00:00Z,2026-04-12,5,4,102,15,15,0.0,100,100,-0.0,17.1,0.174,0
2026-04-12T06:00:00,2026-04-12T03:00:00Z,2026-04-12,6,4,102,10,10,0.0,100,100,-0.0,16.8,0.174,0
2026-04-12T07:00:00,2026-04-12T04:00:00Z,2026-04-12,7,4,102,4,4,0.0,100,100,-0.0,16.5,0.175,0
2026-04-12T08:00:00,2026-04-12T05:00:00Z,2026-04-12,8,4,102,0,0,0.0,78,78,0.03,17.2,0.175,0
2026-04-12T09:00:00,2026-04-12T06:00:00Z,2026-04-12,9,4,102,4,4,0.0,87,87,0.14,18.8,0.172,0
2026-04-12T10:00:00,2026-04-12T07:00:00Z,2026-04-12,10,4,102,24,24,0.1,85,85,0.28,20.8,0.167,1
2026-04-12T11:00:00,2026-04-12T08:00:00Z,2026-04-12,11,4,102,52,52,0.2,100,100,0.37,22.5,0.162,1
2026-04-12T12:00:00,2026-04-12T09:00:00Z,2026-04-12,12,4,102,73,73,0.0,66,66,0.4,23.9,0.156,0
2026-04-12T13:00:00,2026-04-12T10:00:00Z,2026-04-12,13,4,102,81,81,0.0,50,50,0.43,25.1,0.152,0
2026-04-12T14:00:00,2026-04-12T11:00:00Z,2026-04-12,14,4,102,83,83,0.0,73,73,0.38,25.6,0.15,0
2026-04-12T15:00:00,2026-04-12T12:00:00Z,2026-04-12,15,4,102,84,84,0.0,97,97,0.35,25.7,0.16,0
2026-04-12T16:00:00,2026-04-12T13:00:00Z,2026-04-12,16,4,102,89,89,0.3,70,70,0.27,25.0,0.202,1
2026-04-12T17:00:00,2026-04-12T14:00:00Z,2026-04-12,17,4,102,93,93,0.0,70,70,0.16,23.6,0.238,0
2026-04-12T18:00:00,2026-04-12T15:00:00Z,2026-04-12,18,4,102,90,90,0.0,72,72,0.09,22.2,0.251,0
2026-04-12T19:00:00,2026-04-12T16:00:00Z,2026-04-12,19,4,102,70,70,0.0,91,91,0.05,21.0,0.247,0
2026-04-12T20:00:00,2026-04-12T17:00:00Z,2026-04-12,20,4,102,42,42,0.0,38,38,0.04,20.1,0.295,0
2026-04-12T21:00:00,2026-04-12T18:00:00Z,2026-04-12,21,4,102,25,25,0.0,66,66,0.03,19.8,0.321,0
2026-04-12T22:00:00,2026-04-12T19:00:00Z,2026-04-12,22,4,102,30,30,0.0,62,62,0.03,19.4,0.314,0
2026-04-12T23:00:00,2026-04-12T20:00:00Z,2026-04-12,23,4,102,45,45,0.0,56,56,0.03,19.1,0.322,0
2026-04-13T00:00:00,2026-04-12T21:00:00Z,2026-04-13,0,4,103,57,57,0.0,95,95,0.03,18.8,0.319,0
2026-04-13T01:00:00,2026-04-12T22:00:00Z,2026-04-13,1,4,103,59,59,0.0,100,100,0.03,18.5,0.315,0
2026-04-13T02:00:00,2026-04-12T23:00:00Z,2026-04-13,2,4,103,57,57,0.0,99,99,0.02,18.3,0.306,0
2026-04-13T03:00:00,2026-04-13T00:00:00Z,2026-04-13,3,4,103,57,57,0.0,82,82,0.01,18.1,0.301,0
2026-04-13T04:00:00,2026-04-13T01:00:00Z,2026-04-13,4,4,103,61,61,0.2,100,100,0.02,17.9,0.295,1
2026-04-13T05:00:00,2026-04-13T02:00:00Z,2026-04-13,5,4,103,68,68,0.2,100,100,0.01,17.6,0.289,1
2026-04-13T06:00:00,2026-04-13T03:00:00Z,2026-04-13,6,4,103,73,73,0.4,100,100,0.01,17.4,0.285,1
2026-04-13T07:00:00,2026-04-13T04:00:00Z,2026-04-13,7,4,103,76,76,0.2,100,100,0.01,17.3,0.281,1
2026-04-13T08:00:00,2026-04-13T05:00:00Z,2026-04-13,8,4,103,79,79,0.1,100,100,0.04,17.6,0.28,1
2026-04-13T09:00:00,2026-04-13T06:00:00Z,2026-04-13,9,4,103,82,82,0.3,99,99,0.11,18.2,0.295,1
2026-04-13T10:00:00,2026-04-13T07:00:00Z,2026-04-13,10,4,103,89,89,0.1,96,96,0.2,19.1,0.301,1
2026-04-13T11:00:00,2026-04-13T08:00:00Z,2026-04-13,11,4,103,97,97,0.1,89,89,0.33,20.2,0.3,1
2026-04-13T12:00:00,2026-04-13T09:00:00Z,2026-04-13,12,4,103,100,100,0.1,100,100,0.39,20.9,0.301,1
2026-04-13T13:00:00,2026-04-13T10:00:00Z,2026-04-13,13,4,103,95,95,0.1,100,100,0.43,21.8,0.298,1
2026-04-13T14:00:00,2026-04-13T11:00:00Z,2026-04-13,14,4,103,85,85,0.0,100,100,0.33,22.0,0.305,0
2026-04-13T15:00:00,2026-04-13T12:00:00Z,2026-04-13,15,4,103,78,78,0.0,100,100,0.3,22.1,0.283,0
2026-04-13T16:00:00,2026-04-13T13:00:00Z,2026-04-13,16,4,103,77,77,0.0,98,98,0.19,21.6,0.289,0
2026-04-13T17:00:00,2026-04-13T14:00:00Z,2026-04-13,17,4,103,80,80,0.0,91,91,0.15,21.0,0.322,0
2026-04-13T18:00:00,2026-04-13T15:00:00Z,2026-04-13,18,4,103,80,80,0.1,88,88,0.08,20.2,0.311,1
2026-04-13T19:00:00,2026-04-13T16:00:00Z,2026-04-13,19,4,103,77,77,0.1,100,100,0.04,19.5,0.316,1
2026-04-13T20:00:00,2026-04-13T17:00:00Z,2026-04-13,20,4,103,73,73,0.2,88,88,0.03,19.0,0.311,1
2026-04-13T21:00:00,2026-04-13T18:00:00Z,2026-04-13,21,4,103,67,67,0.0,94,94,0.03,18.5,0.302,0
2026-04-13T22:00:00,2026-04-13T19:00:00Z,2026-04-13,22,4,103,59,59,0.0,88,88,0.02,18.1,0.296,0
2026-04-13T23:00:00,2026-04-13T20:00:00Z,2026-04-13,23,4,103,49,49,0.0,100,100,0.02,17.8,0.291,0
2026-04-14T00:00:00,2026-04-13T21:00:00Z,2026-04-14,0,4,104,41,41,0.0,100,100,0.01,17.4,0.288,0
2026-04-14T01:00:00,2026-04-13T22:00:00Z,2026-04-14,1,4,104,33,33,0.1,100,100,0.01,17.0,0.285,1
2026-04-14T02:00:00,2026-04-13T23:00:00Z,2026-04-14,2,4,104,27,27,0.0,100,100,0.01,16.9,0.283,0
2026-04-14T03:00:00,2026-04-14T00:00:00Z,2026-04-14,3,4,104,27,27,0.1,100,100,0.01,16.8,0.28,1
2026-04-14T04:00:00,2026-04-14T01:00:00Z,2026-04-14,4,4,104,40,40,0.2,100,100,0.02,16.7,0.278,1
2026-04-14T05:00:00,2026-04-14T02:00:00Z,2026-04-14,5,4,104,59,59,0.1,100,100,0.01,16.5,0.276,1
2026-04-14T06:00:00,2026-04-14T03:00:00Z,2026-04-14,6,4,104,75,75,0.0,99,99,-0.0,16.3,0.274,0
2026-04-14T07:00:00,2026-04-14T04:00:00Z,2026-04-14,7,4,104,83,83,0.0,100,100,-0.0,16.0,0.273,0
2026-04-14T08:00:00,2026-04-14T05:00:00Z,2026-04-14,8,4,104,87,87,0.0,100,100,0.04,16.6,0.271,0
2026-04-14T09:00:00,2026-04-14T06:00:00Z,2026-04-14,9,4,104,90,90,0.1,100,100,0.17,17.8,0.267,1
2026-04-14T10:00:00,2026-04-14T07:00:00Z,2026-04-14,10,4,104,94,94,0.1,98,98,0.29,19.2,0.263,1
2026-04-14T11:00:00,2026-04-14T08:00:00Z,2026-04-14,11,4,104,98,98,0.1,100,100,0.33,20.3,0.272,1
2026-04-14T12:00:00,2026-04-14T09:00:00Z,2026-04-14,12,4,104,100,100,0.1,98,98,0.26,20.6,0.279,1
2026-04-14T13:00:00,2026-04-14T10:00:00Z,2026-04-14,13,4,104,100,100,0.0,98,98,0.3,21.5,0.272,0
2026-04-14T14:00:00,2026-04-14T11:00:00Z,2026-04-14,14,4,104,100,100,0.1,100,100,0.29,21.9,0.299,1
2026-04-14T15:00:00,2026-04-14T12:00:00Z,2026-04-14,15,4,104,94,94,0.0,100,100,0.23,21.4,0.291,0
2026-04-14T16:00:00,2026-04-14T13:00:00Z,2026-04-14,16,4,104,80,80,0.1,100,100,0.24,21.7,0.288,1
2026-04-14T17:00:00,2026-04-14T14:00:00Z,2026-04-14,17,4,104,61,61,0.1,100,100,0.18,21.4,0.292,1
2026-04-14T18:00:00,2026-04-14T15:00:00Z,2026-04-14,18,4,104,43,43,0.0,99,99,0.1,20.6,0.296,0
2026-04-14T19:00:00,2026-04-14T16:00:00Z,2026-04-14,19,4,104,26,26,0.0,100,100,0.03,19.7,0.288,0
2026-04-14T20:00:00,2026-04-14T17:00:00Z,2026-04-14,20,4,104,11,11,0.0,99,99,0.01,18.9,0.282,0
2026-04-14T21:00:00,2026-04-14T18:00:00Z,2026-04-14,21,4,104,2,2,0.0,100,100,0.01,18.5,0.273,0
2026-04-14T22:00:00,2026-04-14T19:00:00Z,2026-04-14,22,4,104,3,3,0.1,100,100,0.01,18.1,0.27,1
2026-04-14T23:00:00,2026-04-14T20:00:00Z,2026-04-14,23,4,104,9,9,0.0,100,100,0.01,17.7,0.269,0
2026-04-15T00:00:00,2026-04-14T21:00:00Z,2026-04-15,0,4,105,18,18,0.0,100,100,0.01,17.2,0.267,0
2026-04-15T01:00:00,2026-04-14T22:00:00Z,2026-04-15,1,4,105,28,28,0.1,100,100,0.01,16.8,0.266,1
2026-04-15T02:00:00,2026-04-14T23:00:00Z,2026-04-15,2,4,105,39,39,0.0,100,100,-0.0,16.5,0.265,0
2026-04-15T03:00:00,2026-04-15T00:00:00Z,2026-04-15,3,4,105,49,49,0.0,100,100,-0.0,16.9,0.264,0
2026-04-15T04:00:00,2026-04-15T01:00:00Z,2026-04-15,4,4,105,55,55,0.2,100,100,0.01,16.7,0.263,1
2026-04-15T05:00:00,2026-04-15T02:00:00Z,2026-04-15,5,4,105,60,60,0.0,100,100,-0.0,16.5,0.262,0
2026-04-15T06:00:00,2026-04-15T03:00:00Z,2026-04-15,6,4,105,65,65,0.2,100,100,-0.0,16.3,0.261,1
2026-04-15T07:00:00,2026-04-15T04:00:00Z,2026-04-15,7,4,105,72,72,0.0,100,100,-0.0,16.2,0.26,0
2026-04-15T08:00:00,2026-04-15T05:00:00Z,2026-04-15,8,4,105,80,80,0.1,100,100,0.03,16.8,0.258,1
2026-04-15T09:00:00,2026-04-15T06:00:00Z,2026-04-15,9,4,105,86,86,0.1,99,99,0.12,17.9,0.256,1
2026-04-15T10:00:00,2026-04-15T07:00:00Z,2026-04-15,10,4,105,89,89,0.3,99,99,0.19,19.1,0.253,1
2026-04-15T11:00:00,2026-04-15T08:00:00Z,2026-04-15,11,4,105,91,91,0.1,100,100,0.22,19.9,0.253,1
2026-04-15T12:00:00,2026-04-15T09:00:00Z,2026-04-15,12,4,105,92,92,0.1,93,93,0.25,20.8,0.259,1
2026-04-15T13:00:00,2026-04-15T10:00:00Z,2026-04-15,13,4,105,93,93,0.0,99,99,0.29,21.8,0.254,0
2026-04-15T14:00:00,2026-04-15T11:00:00Z,2026-04-15,14,4,105,93,93,0.0,99,99,0.22,21.4,0.308,0
2026-04-15T15:00:00,2026-04-15T12:00:00Z,2026-04-15,15,4,105,90,90,0.0,96,96,0.21,21.8,0.283,0
2026-04-15T16:00:00,2026-04-15T13:00:00Z,2026-04-15,16,4,105,80,80,0.1,98,98,0.2,21.6,0.295,1
2026-04-15T17:00:00,2026-04-15T14:00:00Z,2026-04-15,17,4,105,66,66,0.1,97,97,0.15,21.2,0.328,1
2026-04-15T18:00:00,2026-04-15T15:00:00Z,2026-04-15,18,4,105,55,55,0.2,100,100,0.08,20.4,0.32,1
2026-04-15T19:00:00,2026-04-15T16:00:00Z,2026-04-15,19,4,105,51,51,0.2,99,99,0.04,19.7,0.302,1
2026-04-15T20:00:00,2026-04-15T17:00:00Z,2026-04-15,20,4,105,50,50,0.1,100,100,0.03,19.1,0.303,1
2026-04-15T21:00:00,2026-04-15T18:00:00Z,2026-04-15,21,4,105,51,51,0.0,100,100,0.02,18.8,0.299,0
2026-04-15T22:00:00,2026-04-15T19:00:00Z,2026-04-15,22,4,105,56,56,0.1,100,100,0.02,18.5,0.307,1
2026-04-15T23:00:00,2026-04-15T20:00:00Z,2026-04-15,23,4,105,62,62,0.1,100,100,0.01,18.2,0.304,1
2026-04-16T00:00:00,2026-04-15T21:00:00Z,2026-04-16,0,4,106,63,63,0.0,100,100,0.01,18.0,0.3,0
2026-04-16T01:00:00,2026-04-15T22:00:00Z,2026-04-16,1,4,106,52,52,0.0,67,67,0.01,17.7,0.296,0
2026-04-16T02:00:00,2026-04-15T23:00:00Z,2026-04-16,2,4,106,35,35,0.0,93,93,-0.0,17.3,0.292,0
2026-04-16T03:00:00,2026-04-16T00:00:00Z,2026-04-16,3,4,106,29,29,0.0,100,100,-0.0,17.3,0.283,0
2026-04-16T04:00:00,2026-04-16T01:00:00Z,2026-04-16,4,4,106,44,44,0.2,100,100,-0.0,16.8,0.28,1
2026-04-16T05:00:00,2026-04-16T02:00:00Z,2026-04-16,5,4,106,70,70,0.2,98,98,-0.0,16.3,0.278,1
2026-04-16T06:00:00,2026-04-16T03:00:00Z,2026-04-16,6,4,106,88,88,0.0,100,100,-0.0,16.0,0.277,0
2026-04-16T07:00:00,2026-04-16T04:00:00Z,2026-04-16,7,4,106,88,88,0.1,100,100,-0.0,15.6,0.275,1
2026-04-16T08:00:00,2026-04-16T05:00:00Z,2026-04-16,8,4,106,80,80,0.0,95,95,0.02,16.3,0.273,0
2026-04-16T09:00:00,2026-04-16T06:00:00Z,2026-04-16,9,4,106,75,75,0.0,100,100,0.17,18.2,0.269,0
2026-04-16T10:00:00,2026-04-16T07:00:00Z,2026-04-16,10,4,106,78,78,0.0,99,99,0.37,20.0,0.265,0
2026-04-16T11:00:00,2026-04-16T08:00:00Z,2026-04-16,11,4,106,84,84,0.0,93,93,0.47,21.4,0.26,0
2026-04-16T12:00:00,2026-04-16T09:00:00Z,2026-04-16,12,4,106,88,88,0.0,54,54,0.46,22.5,0.256,0
2026-04-16T13:00:00,2026-04-16T10:00:00Z,2026-04-16,13,4,106,89,89,0.0,98,98,0.32,22.9,0.254,0
2026-04-16T14:00:00,2026-04-16T11:00:00Z,2026-04-16,14,4,106,88,88,0.2,50,50,0.32,23.5,0.273,1
2026-04-16T15:00:00,2026-04-16T12:00:00Z,2026-04-16,15,4,106,88,88,0.1,77,77,0.28,23.2,0.323,1
2026-04-16T16:00:00,2026-04-16T13:00:00Z,2026-04-16,16,4,106,93,93,0.1,68,68,0.19,22.3,0.34,1
2026-04-16T17:00:00,2026-04-16T14:00:00Z,2026-04-16,17,4,106,100,100,0.0,98,98,0.09,21.2,0.346,0
2026-04-16T18:00:00,2026-04-16T15:00:00Z,2026-04-16,18,4,106,100,100,0.2,99,99,0.05,20.4,0.343,1
2026-04-16T19:00:00,2026-04-16T16:00:00Z,2026-04-16,19,4,106,87,87,0.3,94,94,0.03,19.8,0.345,1
2026-04-16T20:00:00,2026-04-16T17:00:00Z,2026-04-16,20,4,106,68,68,0.0,99,99,0.02,19.3,0.349,0
2026-04-16T21:00:00,2026-04-16T18:00:00Z,2026-04-16,21,4,106,53,53,0.0,100,100,0.02,18.8,0.344,0
2026-04-16T22:00:00,2026-04-16T19:00:00Z,2026-04-16,22,4,106,48,48,0.1,100,100,0.02,18.5,0.338,1
2026-04-16T23:00:00,2026-04-16T20:00:00Z,2026-04-16,23,4,106,47,47,0.3,100,100,0.01,18.3,0.326,1
2026-04-17T00:00:00,2026-04-16T21:00:00Z,2026-04-17,0,4,107,49,49,0.1,98,98,0.01,18.1,0.319,1
2026-04-17T01:00:00,2026-04-16T22:00:00Z,2026-04-17,1,4,107,52,52,0.1,100,100,0.01,17.9,0.314,1
2026-04-17T02:00:00,2026-04-16T23:00:00Z,2026-04-17,2,4,107,57,57,0.1,100,100,0.02,17.7,0.31,1
2026-04-17T03:00:00,2026-04-17T00:00:00Z,2026-04-17,3,4,107,63,63,0.2,100,100,0.01,17.4,0.303,1
2026-04-17T04:00:00,2026-04-17T01:00:00Z,2026-04-17,4,4,107,70,70,0.0,100,100,0.01,17.1,0.299,0
2026-04-17T05:00:00,2026-04-17T02:00:00Z,2026-04-17,5,4,107,78,78,0.1,100,100,-0.0,16.8,0.295,1
2026-04-17T06:00:00,2026-04-17T03:00:00Z,2026-04-17,6,4,107,84,84,0.1,100,100,-0.0,16.5,0.293,1
2026-04-17T07:00:00,2026-04-17T04:00:00Z,2026-04-17,7,4,107,85,85,0.2,100,100,-0.0,16.2,0.291,1
2026-04-17T08:00:00,2026-04-17T05:00:00Z,2026-04-17,8,4,107,83,83,0.1,100,100,0.02,16.7,0.288,1
2026-04-17T09:00:00,2026-04-17T06:00:00Z,2026-04-17,9,4,107,82,82,0.0,100,100,0.13,17.7,0.285,0
2026-04-17T10:00:00,2026-04-17T07:00:00Z,2026-04-17,10,4,107,85,85,0.2,100,100,0.27,19.1,0.282,1
2026-04-17T11:00:00,2026-04-17T08:00:00Z,2026-04-17,11,4,107,88,88,0.3,100,100,0.38,20.4,0.278,1
2026-04-17T12:00:00,2026-04-17T09:00:00Z,2026-04-17,12,4,107,88,88,0.2,100,100,0.4,21.4,0.274,1
2026-04-17T13:00:00,2026-04-17T10:00:00Z,2026-04-17,13,4,107,80,80,0.0,100,100,0.35,22.0,0.271,0
2026-04-17T14:00:00,2026-04-17T11:00:00Z,2026-04-17,14,4,107,69,69,0.1,100,100,0.28,22.0,0.278,1
2026-04-17T15:00:00,2026-04-17T12:00:00Z,2026-04-17,15,4,107,63,63,0.1,91,91,0.22,21.4,0.311,1
2026-04-17T16:00:00,2026-04-17T13:00:00Z,2026-04-17,16,4,107,70,70,0.1,95,95,0.17,21.1,0.285,1
2026-04-17T17:00:00,2026-04-17T14:00:00Z,2026-04-17,17,4,107,82,82,0.0,95,95,0.11,20.6,0.284,0
2026-04-17T18:00:00,2026-04-17T15:00:00Z,2026-04-17,18,4,107,84,84,0.1,92,92,0.08,19.9,0.31,1
2026-04-17T19:00:00,2026-04-17T16:00:00Z,2026-04-17,19,4,107,63,63,0.0,96,96,0.03,19.2,0.316,0
2026-04-17T20:00:00,2026-04-17T17:00:00Z,2026-04-17,20,4,107,32,32,0.0,99,99,0.02,18.7,0.309,0
2026-04-17T21:00:00,2026-04-17T18:00:00Z,2026-04-17,21,4,107,12,12,0.0,98,98,0.02,18.4,0.297,0
2026-04-17T22:00:00,2026-04-17T19:00:00Z,2026-04-17,22,4,107,17,17,0.0,89,89,0.02,18.0,0.292,0
2026-04-17T23:00:00,2026-04-17T20:00:00Z,2026-04-17,23,4,107,32,32,0.0,93,93,0.01,17.6,0.29,0
2026-04-18T00:00:00,2026-04-17T21:00:00Z,2026-04-18,0,4,108,43,43,0.0,97,97,0.01,17.2,0.287,0
2026-04-18T01:00:00,2026-04-17T22:00:00Z,2026-04-18,1,4,108,37,37,0.0,100,100,0.01,16.9,0.285,0
2026-04-18T02:00:00,2026-04-17T23:00:00Z,2026-04-18,2,4,108,26,26,0.0,100,100,0.01,16.6,0.284,0
2026-04-18T03:00:00,2026-04-18T00:00:00Z,2026-04-18,3,4,108,25,25,0.0,97,97,0.01,16.4,0.28,0
2026-04-18T04:00:00,2026-04-18T01:00:00Z,2026-04-18,4,4,108,48,48,0.1,99,99,0.01,16.2,0.279,1
2026-04-18T05:00:00,2026-04-18T02:00:00Z,2026-04-18,5,4,108,81,81,0.2,100,100,-0.0,16.0,0.278,1
2026-04-18T06:00:00,2026-04-18T03:00:00Z,2026-04-18,6,4,108,100,100,0.3,100,100,-0.0,15.6,0.277,1
2026-04-18T07:00:00,2026-04-18T04:00:00Z,2026-04-18,7,4,108,87,87,0.3,100,100,-0.0,15.3,0.276,1
2026-04-18T08:00:00,2026-04-18T05:00:00Z,2026-04-18,8,4,108,60,60,0.0,98,98,0.03,16.1,0.275,0
2026-04-18T09:00:00,2026-04-18T06:00:00Z,2026-04-18,9,4,108,41,41,0.0,100,100,0.16,17.7,0.272,0
2026-04-18T10:00:00,2026-04-18T07:00:00Z,2026-04-18,10,4,108,41,41,0.0,94,94,0.26,19.0,0.268,0
2026-04-18T11:00:00,2026-04-18T08:00:00Z,2026-04-18,11,4,108,50,50,0.0,84,84,0.31,20.2,0.265,0
2026-04-18T12:00:00,2026-04-18T09:00:00Z,2026-04-18,12,4,108,59,59,0.0,77,77,0.34,21.4,0.266,0
2026-04-18T13:00:00,2026-04-18T10:00:00Z,2026-04-18,13,4,108,67,67,0.1,70,70,0.36,22.6,0.263,1
2026-04-18T14:00:00,2026-04-18T11:00:00Z,2026-04-18,14,4,108,77,77,0.0,96,96,0.31,22.9,0.281,0
2026-04-18T15:00:00,2026-04-18T12:00:00Z,2026-04-18,15,4,108,82,82,0.1,85,85,0.28,22.6,0.283,1
2026-04-18T16:00:00,2026-04-18T13:00:00Z,2026-04-18,16,4,108,83,83,0.1,88,88,0.22,22.0,0.326,1
2026-04-18T17:00:00,2026-04-18T14:00:00Z,2026-04-18,17,4,108,80,80,0.0,85,85,0.17,21.4,0.34,0
2026-04-18T18:00:00,2026-04-18T15:00:00Z,2026-04-18,18,4,108,73,73,0.1,91,91,0.09,20.6,0.342,1
2026-04-18T19:00:00,2026-04-18T16:00:00Z,2026-04-18,19,4,108,56,56,0.0,98,98,0.04,19.7,0.322,0
2026-04-18T20:00:00,2026-04-18T17:00:00Z,2026-04-18,20,4,108,35,35,0.1,100,100,0.02,19.0,0.31,1
2026-04-18T21:00:00,2026-04-18T18:00:00Z,2026-04-18,21,4,108,27,27,0.0,96,96,0.01,18.5,0.305,0
2026-04-18T22:00:00,2026-04-18T19:00:00Z,2026-04-18,22,4,108,44,44,0.1,100,100,0.02,18.1,0.301,1
2026-04-18T23:00:00,2026-04-18T20:00:00Z,2026-04-18,23,4,108,74,74,0.1,100,100,0.02,17.8,0.297,1
2026-04-19T00:00:00,2026-04-18T21:00:00Z,2026-04-19,0,4,109,92,92,0.1,100,100,0.01,17.6,0.294,1
2026-04-19T01:00:00,2026-04-18T22:00:00Z,2026-04-19,1,4,109,85,85,0.0,100,100,0.01,17.4,0.292,0
2026-04-19T02:00:00,2026-04-18T23:00:00Z,2026-04-19,2,4,109,66,66,0.0,100,100,0.01,17.2,0.29,0
2026-04-19T03:00:00,2026-04-19T00:00:00Z,2026-04-19,3,4,109,53,53,0.0,100,100,0.01,17.1,0.287,0
2026-04-19T04:00:00,2026-04-19T01:00:00Z,2026-04-19,4,4,109,53,53,0.2,100,100,0.01,17.0,0.285,1
2026-04-19T05:00:00,2026-04-19T02:00:00Z,2026-04-19,5,4,109,58,58,0.2,100,100,0.01,16.8,0.284,1
2026-04-19T06:00:00,2026-04-19T03:00:00Z,2026-04-19,6,4,109,63,63,0.1,100,100,-0.0,16.7,0.282,1
2026-04-19T07:00:00,2026-04-19T04:00:00Z,2026-04-19,7,4,109,64,64,0.0,95,95,0.01,16.7,0.281,0
2026-04-19T08:00:00,2026-04-19T05:00:00Z,2026-04-19,8,4,109,64,64,0.0,94,94,0.05,17.1,0.279,0
2026-04-19T09:00:00,2026-04-19T06:00:00Z,2026-04-19,9,4,109,67,67,0.1,93,93,0.16,17.7,0.277,1
2026-04-19T10:00:00,2026-04-19T07:00:00Z,2026-04-19,10,4,109,77,77,0.2,98,98,0.23,18.9,0.273,1
2026-04-19T11:00:00,2026-04-19T08:00:00Z,2026-04-19,11,4,109,91,91,0.2,100,100,0.28,19.9,0.274,1
2026-04-19T12:00:00,2026-04-19T09:00:00Z,2026-04-19,12,4,109,100,100,0.1,100,100,0.35,21.2,0.27,1
2026-04-19T13:00:00,2026-04-19T10:00:00Z,2026-04-19,13,4,109,100,100,0.1,97,97,0.42,22.6,0.267,1
2026-04-19T14:00:00,2026-04-19T11:00:00Z,2026-04-19,14,4,109,100,100,0.0,98,98,0.4,23.3,0.266,0
2026-04-19T15:00:00,2026-04-19T12:00:00Z,2026-04-19,15,4,109,94,94,0.0,100,100,0.34,23.4,0.254,0
2026-04-19T16:00:00,2026-04-19T13:00:00Z,2026-04-19,16,4,109,83,83,0.0,100,100,0.29,23.1,0.253,0
2026-04-19T17:00:00,2026-04-19T14:00:00Z,2026-04-19,17,4,109,69,69,0.0,100,100,0.21,22.5,0.252,0
2026-04-19T18:00:00,2026-04-19T15:00:00Z,2026-04-19,18,4,109,55,55,0.0,100,100,0.11,21.6,0.252,0
2026-04-19T19:00:00,2026-04-19T16:00:00Z,2026-04-19,19,4,109,40,40,0.0,100,100,0.03,20.4,0.254,0
2026-04-19T20:00:00,2026-04-19T17:00:00Z,2026-04-19,20,4,109,25,25,0.0,100,100,0.01,19.4,0.255,0
2026-04-19T21:00:00,2026-04-19T18:00:00Z,2026-04-19,21,4,109,18,18,0.0,99,99,0.01,18.7,0.255,0
2026-04-19T22:00:00,2026-04-19T19:00:00Z,2026-04-19,22,4,109,27,27,0.0,98,98,0.02,18.4,0.255,0
2026-04-19T23:00:00,2026-04-19T20:00:00Z,2026-04-19,23,4,109,44,44,0.0,100,100,0.01,18.0,0.255,0
2026-04-20T00:00:00,2026-04-19T21:00:00Z,2026-04-20,0,4,110,53,53,0.0,98,98,0.01,17.7,0.255,0
2026-04-20T01:00:00,2026-04-19T22:00:00Z,2026-04-20,1,4,110,41,41,0.0,91,91,0.01,17.6,0.255,0
2026-04-20T02:00:00,2026-04-19T23:00:00Z,2026-04-20,2,4,110,21,21,0.0,90,90,0.01,17.4,0.255,0
2026-04-20T03:00:00,2026-04-20T00:00:00Z,2026-04-20,3,4,110,10,10,0.0,100,100,0.01,17.1,0.252,0
2026-04-20T04:00:00,2026-04-20T01:00:00Z,2026-04-20,4,4,110,20,20,0.0,100,100,0.01,16.9,0.252,0
2026-04-20T05:00:00,2026-04-20T02:00:00Z,2026-04-20,5,4,110,40,40,0.0,100,100,0.01,16.6,0.252,0
2026-04-20T06:00:00,2026-04-20T03:00:00Z,2026-04-20,6,4,110,55,55,0.0,100,100,-0.0,16.1,0.253,0
2026-04-20T07:00:00,2026-04-20T04:00:00Z,2026-04-20,7,4,110,59,59,0.0,94,94,-0.0,15.7,0.253,0
2026-04-20T08:00:00,2026-04-20T05:00:00Z,2026-04-20,8,4,110,58,58,0.0,96,96,0.03,16.5,0.252,0
2026-04-20T09:00:00,2026-04-20T06:00:00Z,2026-04-20,9,4,110,59,59,0.0,100,100,0.16,18.0,0.249,0
2026-04-20T10:00:00,2026-04-20T07:00:00Z,2026-04-20,10,4,110,65,65,0.0,85,85,0.28,19.5,0.246,0
2026-04-20T11:00:00,2026-04-20T08:00:00Z,2026-04-20,11,4,110,73,73,0.0,83,83,0.34,20.7,0.242,0
2026-04-20T12:00:00,2026-04-20T09:00:00Z,2026-04-20,12,4,110,80,80,0.1,90,90,0.37,21.8,0.238,1
2026-04-20T13:00:00,2026-04-20T10:00:00Z,2026-04-20,13,4,110,88,88,0.1,85,85,0.38,22.6,0.237,1
2026-04-20T14:00:00,2026-04-20T11:00:00Z,2026-04-20,14,4,110,95,95,0.0,80,80,0.37,23.1,0.238,0
2026-04-20T15:00:00,2026-04-20T12:00:00Z,2026-04-20,15,4,110,92,92,0.0,89,89,0.35,23.5,0.229,0
2026-04-20T16:00:00,2026-04-20T13:00:00Z,2026-04-20,16,4,110,71,71,0.0,95,95,0.26,23.3,0.236,0
2026-04-20T17:00:00,2026-04-20T14:00:00Z,2026-04-20,17,4,110,41,41,0.0,95,95,0.2,22.8,0.257,0
2026-04-20T18:00:00,2026-04-20T15:00:00Z,2026-04-20,18,4,110,18,18,0.0,90,90,0.1,21.7,0.281,0
2026-04-20T19:00:00,2026-04-20T16:00:00Z,2026-04-20,19,4,110,8,8,0.0,88,88,0.03,20.5,0.27,0
2026-04-20T20:00:00,2026-04-20T17:00:00Z,2026-04-20,20,4,110,5,5,0.0,100,100,0.02,19.5,0.265,0
2026-04-20T21:00:00,2026-04-20T18:00:00Z,2026-04-20,21,4,110,8,8,0.0,91,91,0.01,19.1,0.257,0
2026-04-20T22:00:00,2026-04-20T19:00:00Z,2026-04-20,22,4,110,21,21,0.0,98,98,0.02,18.7,0.255,0
2026-04-20T23:00:00,2026-04-20T20:00:00Z,2026-04-20,23,4,110,40,40,0.0,98,98,0.02,18.5,0.253,0
2026-04-21T00:00:00,2026-04-20T21:00:00Z,2026-04-21,0,4,111,51,51,0.0,100,100,0.01,18.2,0.253,0
2026-04-21T01:00:00,2026-04-20T22:00:00Z,2026-04-21,1,4,111,46,46,0.0,100,100,0.01,18.0,0.252,0
2026-04-21T02:00:00,2026-04-20T23:00:00Z,2026-04-21,2,4,111,33,33,0.0,100,100,0.01,17.8,0.251,0
2026-04-21T03:00:00,2026-04-21T00:00:00Z,2026-04-21,3,4,111,24,24,0.0,100,100,0.01,17.3,0.25,0
2026-04-21T04:00:00,2026-04-21T01:00:00Z,2026-04-21,4,4,111,25,25,0.0,100,100,0.01,16.9,0.249,0
2026-04-21T05:00:00,2026-04-21T02:00:00Z,2026-04-21,5,4,111,30,30,0.0,100,100,-0.0,16.6,0.249,0
2026-04-21T06:00:00,2026-04-21T03:00:00Z,2026-04-21,6,4,111,37,37,0.0,100,100,-0.0,16.4,0.249,0
2026-04-21T07:00:00,2026-04-21T04:00:00Z,2026-04-21,7,4,111,47,47,0.1,100,100,-0.0,16.2,0.248,1
2026-04-21T08:00:00,2026-04-21T05:00:00Z,2026-04-21,8,4,111,60,60,0.1,100,100,0.03,16.8,0.248,1
2026-04-21T09:00:00,2026-04-21T06:00:00Z,2026-04-21,9,4,111,71,71,0.1,100,100,0.14,17.9,0.245,1
2026-04-21T10:00:00,2026-04-21T07:00:00Z,2026-04-21,10,4,111,82,82,0.1,99,99,0.23,19.4,0.242,1
2026-04-21T11:00:00,2026-04-21T08:00:00Z,2026-04-21,11,4,111,91,91,0.1,99,99,0.32,20.8,0.237,1
2026-04-21T12:00:00,2026-04-21T09:00:00Z,2026-04-21,12,4,111,96,96,0.0,73,73,0.33,21.9,0.233,0
2026-04-21T13:00:00,2026-04-21T10:00:00Z,2026-04-21,13,4,111,92,92,0.0,66,66,0.38,23.1,0.236,0
2026-04-21T14:00:00,2026-04-21T11:00:00Z,2026-04-21,14,4,111,84,84,0.0,98,98,0.36,23.7,0.239,0
2026-04-21T15:00:00,2026-04-21T12:00:00Z,2026-04-21,15,4,111,76,76,0.0,97,97,0.32,23.6,0.237,0
2026-04-21T16:00:00,2026-04-21T13:00:00Z,2026-04-21,16,4,111,74,74,0.0,100,100,0.26,23.4,0.239,0
2026-04-21T17:00:00,2026-04-21T14:00:00Z,2026-04-21,17,4,111,74,74,0.0,99,99,0.2,22.9,0.24,0
2026-04-21T18:00:00,2026-04-21T15:00:00Z,2026-04-21,18,4,111,67,67,0.1,86,86,0.1,22.0,0.245,1
2026-04-21T19:00:00,2026-04-21T16:00:00Z,2026-04-21,19,4,111,43,43,0.1,98,98,0.03,20.8,0.244,1
2026-04-21T20:00:00,2026-04-21T17:00:00Z,2026-04-21,20,4,111,13,13,0.0,93,93,0.02,19.8,0.243,0
2026-04-21T21:00:00,2026-04-21T18:00:00Z,2026-04-21,21,4,111,0,0,0.0,35,35,0.01,19.0,0.233,0
2026-04-21T22:00:00,2026-04-21T19:00:00Z,2026-04-21,22,4,111,24,24,0.0,96,96,0.01,18.6,0.233,0
2026-04-21T23:00:00,2026-04-21T20:00:00Z,2026-04-21,23,4,111,66,66,0.0,98,98,0.01,18.3,0.233,0
2026-04-22T00:00:00,2026-04-21T21:00:00Z,2026-04-22,0,4,112,94,94,0.1,68,68,0.01,18.1,0.233,1
2026-04-22T01:00:00,2026-04-21T22:00:00Z,2026-04-22,1,4,112,92,92,0.0,100,100,0.01,17.9,0.233,0
2026-04-22T02:00:00,2026-04-21T23:00:00Z,2026-04-22,2,4,112,76,76,0.0,100,100,0.01,17.7,0.233,0
2026-04-22T03:00:00,2026-04-22T00:00:00Z,2026-04-22,3,4,112,61,61,0.1,100,100,0.01,17.5,0.235,1
2026-04-22T04:00:00,2026-04-22T01:00:00Z,2026-04-22,4,4,112,51,51,0.2,100,100,0.01,17.3,0.235,1
2026-04-22T05:00:00,2026-04-22T02:00:00Z,2026-04-22,5,4,112,43,43,0.1,100,100,-0.0,17.1,0.235,1
2026-04-22T06:00:00,2026-04-22T03:00:00Z,2026-04-22,6,4,112,39,39,0.1,98,98,-0.0,16.8,0.235,1
2026-04-22T07:00:00,2026-04-22T04:00:00Z,2026-04-22,7,4,112,42,42,0.0,92,92,-0.0,16.6,0.235,0
2026-04-22T08:00:00,2026-04-22T05:00:00Z,2026-04-22,8,4,112,50,50,0.0,48,48,0.05,17.1,0.235,0
2026-04-22T09:00:00,2026-04-22T06:00:00Z,2026-04-22,9,4,112,59,59,0.0,58,58,0.15,18.3,0.232,0
2026-04-22T10:00:00,2026-04-22T07:00:00Z,2026-04-22,10,4,112,73,73,0.0,28,28,0.27,19.7,0.228,0
2026-04-22T11:00:00,2026-04-22T08:00:00Z,2026-04-22,11,4,112,88,88,0.0,63,63,0.33,21.0,0.224,0
2026-04-22T12:00:00,2026-04-22T09:00:00Z,2026-04-22,12,4,112,96,96,0.0,82,82,0.35,22.1,0.219,0
2026-04-22T13:00:00,2026-04-22T10:00:00Z,2026-04-22,13,4,112,88,88,0.0,100,100,0.38,23.2,0.217,0
2026-04-22T14:00:00,2026-04-22T11:00:00Z,2026-04-22,14,4,112,71,71,0.0,100,100,0.38,23.9,0.22,0
2026-04-22T15:00:00,2026-04-22T12:00:00Z,2026-04-22,15,4,112,63,63,0.4,100,100,0.31,23.5,0.22,1
2026-04-22T16:00:00,2026-04-22T13:00:00Z,2026-04-22,16,4,112,72,72,0.0,100,100,0.28,23.0,0.239,0
2026-04-22T17:00:00,2026-04-22T14:00:00Z,2026-04-22,17,4,112,89,89,0.1,100,100,0.18,22.2,0.245,1
2026-04-22T18:00:00,2026-04-22T15:00:00Z,2026-04-22,18,4,112,100,100,0.1,100,100,0.1,21.4,0.255,1
2026-04-22T19:00:00,2026-04-22T16:00:00Z,2026-04-22,19,4,112,99,99,0.0,100,100,0.03,20.3,0.263,0
2026-04-22T20:00:00,2026-04-22T17:00:00Z,2026-04-22,20,4,112,93,93,0.1,100,100,0.02,19.5,0.254,1
2026-04-22T21:00:00,2026-04-22T18:00:00Z,2026-04-22,21,4,112,84,84,0.0,100,100,0.01,18.7,0.246,0
2026-04-22T22:00:00,2026-04-22T19:00:00Z,2026-04-22,22,4,112,73,73,0.0,100,100,0.01,18.3,0.244,0
2026-04-22T23:00:00,2026-04-22T20:00:00Z,2026-04-22,23,4,112,60,60,0.0,100,100,0.01,18.1,0.242,0
2026-04-23T00:00:00,2026-04-22T21:00:00Z,2026-04-23,0,4,113,51,51,0.0,99,99,0.01,17.9,0.241,0
2026-04-23T01:00:00,2026-04-22T22:00:00Z,2026-04-23,1,4,113,50,50,0.0,93,93,0.01,17.7,0.24,0
2026-04-23T02:00:00,2026-04-22T23:00:00Z,2026-04-23,2,4,113,53,53,0.0,100,100,0.01,17.6,0.239,0
2026-04-23T03:00:00,2026-04-23T00:00:00Z,2026-04-23,3,4,113,53,53,0.1,100,100,-0.0,17.5,0.234,1
2026-04-23T04:00:00,2026-04-23T01:00:00Z,2026-04-23,4,4,113,45,45,0.1,100,100,-0.0,17.2,0.234,1
2026-04-23T05:00:00,2026-04-23T02:00:00Z,2026-04-23,5,4,113,34,34,0.0,96,96,-0.0,17.0,0.234,0
2026-04-23T06:00:00,2026-04-23T03:00:00Z,2026-04-23,6,4,113,31,31,0.0,100,100,0.0,16.7,0.234,0
2026-04-23T07:00:00,2026-04-23T04:00:00Z,2026-04-23,7,4,113,41,41,0.0,100,100,-0.0,16.5,0.234,0
2026-04-23T08:00:00,2026-04-23T05:00:00Z,2026-04-23,8,4,113,58,58,0.1,100,100,0.05,17.0,0.233,1
2026-04-23T09:00:00,2026-04-23T06:00:00Z,2026-04-23,9,4,113,73,73,0.1,100,100,0.16,18.1,0.229,1
2026-04-23T10:00:00,2026-04-23T07:00:00Z,2026-04-23,10,4,113,82,82,0.2,98,98,0.29,19.3,0.225,1
2026-04-23T11:00:00,2026-04-23T08:00:00Z,2026-04-23,11,4,113,88,88,0.1,88,88,0.36,20.5,0.22,1
2026-04-23T12:00:00,2026-04-23T09:00:00Z,2026-04-23,12,4,113,92,92,0.1,100,100,0.43,21.9,0.214,1
2026-04-23T13:00:00,2026-04-23T10:00:00Z,2026-04-23,13,4,113,95,95,0.0,100,100,0.46,22.9,0.207,0
2026-04-23T14:00:00,2026-04-23T11:00:00Z,2026-04-23,14,4,113,96,96,0.0,97,97,0.43,23.5,0.202,0
2026-04-23T15:00:00,2026-04-23T12:00:00Z,2026-04-23,15,4,113,96,96,0.1,45,45,0.36,22.6,0.201,1
2026-04-23T16:00:00,2026-04-23T13:00:00Z,2026-04-23,16,4,113,97,97,0.1,27,27,0.33,22.7,0.198,1
2026-04-23T17:00:00,2026-04-23T14:00:00Z,2026-04-23,17,4,113,98,98,0.1,46,46,0.24,22.0,0.197,1
2026-04-23T18:00:00,2026-04-23T15:00:00Z,2026-04-23,18,4,113,96,96,0.1,59,59,0.12,21.1,0.199,1
2026-04-23T19:00:00,2026-04-23T16:00:00Z,2026-04-23,19,4,113,88,88,0.1,98,98,0.04,20.0,0.201,1
2026-04-23T20:00:00,2026-04-23T17:00:00Z,2026-04-23,20,4,113,76,76,0.1,100,100,0.03,19.1,0.203,1
2026-04-23T21:00:00,2026-04-23T18:00:00Z,2026-04-23,21,4,113,65,65,0.0,96,96,0.02,18.3,0.206,0
2026-04-23T22:00:00,2026-04-23T19:00:00Z,2026-04-23,22,4,113,56,56,0.0,100,100,0.01,17.9,0.207,0
2026-04-23T23:00:00,2026-04-23T20:00:00Z,2026-04-23,23,4,113,48,48,0.0,100,100,0.01,17.6,0.209,0
2026-04-24T00:00:00,2026-04-23T21:00:00Z,2026-04-24,0,4,114,39,39,0.0,100,100,0.01,17.4,0.209,0
2026-04-24T01:00:00,2026-04-23T22:00:00Z,2026-04-24,1,4,114,28,28,0.0,100,100,0.01,17.3,0.21,0
2026-04-24T02:00:00,2026-04-23T23:00:00Z,2026-04-24,2,4,114,17,17,0.0,100,100,0.01,17.2,0.211,0
2026-04-24T03:00:00,2026-04-24T00:00:00Z,2026-04-24,3,4,114,12,12,0.0,100,100,0.01,16.9,0.223,0
2026-04-24T04:00:00,2026-04-24T01:00:00Z,2026-04-24,4,4,114,20,20,0.0,100,100,0.01,16.7,0.224,0
2026-04-24T05:00:00,2026-04-24T02:00:00Z,2026-04-24,5,4,114,34,34,0.0,100,100,0.01,16.5,0.224,0
2026-04-24T06:00:00,2026-04-24T03:00:00Z,2026-04-24,6,4,114,43,43,0.0,100,100,-0.0,16.2,0.225,0
2026-04-24T07:00:00,2026-04-24T04:00:00Z,2026-04-24,7,4,114,43,43,0.0,100,100,-0.0,15.9,0.225,0
2026-04-24T08:00:00,2026-04-24T05:00:00Z,2026-04-24,8,4,114,37,37,0.0,58,58,0.05,16.6,0.224,0
2026-04-24T09:00:00,2026-04-24T06:00:00Z,2026-04-24,9,4,114,31,31,0.1,37,37,0.2,18.1,0.22,1
2026-04-24T10:00:00,2026-04-24T07:00:00Z,2026-04-24,10,4,114,21,21,0.0,21,21,0.36,19.8,0.215,0
2026-04-24T11:00:00,2026-04-24T08:00:00Z,2026-04-24,11,4,114,11,11,0.0,58,58,0.47,21.4,0.208,0
2026-04-24T12:00:00,2026-04-24T09:00:00Z,2026-04-24,12,4,114,10,10,0.0,45,45,0.54,22.6,0.201,0
2026-04-24T13:00:00,2026-04-24T10:00:00Z,2026-04-24,13,4,114,31,31,0.3,77,77,0.56,23.6,0.193,1
2026-04-24T14:00:00,2026-04-24T11:00:00Z,2026-04-24,14,4,114,61,61,0.5,84,84,0.47,23.6,0.189,1
2026-04-24T15:00:00,2026-04-24T12:00:00Z,2026-04-24,15,4,114,78,78,0.1,100,100,0.33,22.8,0.187,1
2026-04-24T16:00:00,2026-04-24T13:00:00Z,2026-04-24,16,4,114,67,67,0.2,100,100,0.32,22.4,0.186,1
2026-04-24T17:00:00,2026-04-24T14:00:00Z,2026-04-24,17,4,114,43,43,0.1,100,100,0.17,21.5,0.187,1
2026-04-24T18:00:00,2026-04-24T15:00:00Z,2026-04-24,18,4,114,24,24,0.1,99,99,0.09,20.6,0.189,1
2026-04-24T19:00:00,2026-04-24T16:00:00Z,2026-04-24,19,4,114,17,17,0.0,100,100,0.04,19.7,0.192,0
2026-04-24T20:00:00,2026-04-24T17:00:00Z,2026-04-24,20,4,114,14,14,0.0,98,98,0.03,19.0,0.194,0
2026-04-24T21:00:00,2026-04-24T18:00:00Z,2026-04-24,21,4,114,14,14,0.0,99,99,0.03,18.7,0.195,0
2026-04-24T22:00:00,2026-04-24T19:00:00Z,2026-04-24,22,4,114,17,17,0.0,100,100,0.03,18.5,0.196,0
2026-04-24T23:00:00,2026-04-24T20:00:00Z,2026-04-24,23,4,114,23,23,0.0,100,100,0.03,18.3,0.197,0
2026-04-25T00:00:00,2026-04-24T21:00:00Z,2026-04-25,0,4,115,25,25,0.0,99,99,0.03,18.0,0.198,0
2026-04-25T01:00:00,2026-04-24T22:00:00Z,2026-04-25,1,4,115,19,19,0.0,84,84,0.02,17.8,0.199,0
2026-04-25T02:00:00,2026-04-24T23:00:00Z,2026-04-25,2,4,115,9,9,0.0,100,100,0.02,17.6,0.2,0
2026-04-25T03:00:00,2026-04-25T00:00:00Z,2026-04-25,3,4,115,2,2,0.0,99,99,0.01,17.2,0.195,0
2026-04-25T04:00:00,2026-04-25T01:00:00Z,2026-04-25,4,4,115,0,0,0.0,98,98,0.01,16.8,0.196,0
2026-04-25T05:00:00,2026-04-25T02:00:00Z,2026-04-25,5,4,115,0,0,0.0,85,85,-0.0,16.5,0.197,0
2026-04-25T06:00:00,2026-04-25T03:00:00Z,2026-04-25,6,4,115,0,0,0.0,73,73,-0.0,16.1,0.198,0
2026-04-25T07:00:00,2026-04-25T04:00:00Z,2026-04-25,7,4,115,0,0,0.0,63,63,-0.0,15.7,0.199,0
2026-04-25T08:00:00,2026-04-25T05:00:00Z,2026-04-25,8,4,115,0,0,0.0,76,76,0.04,16.4,0.199,0
2026-04-25T09:00:00,2026-04-25T06:00:00Z,2026-04-25,9,4,115,0,0,0.0,65,65,0.19,18.3,0.194,0
2026-04-25T10:00:00,2026-04-25T07:00:00Z,2026-04-25,10,4,115,4,4,0.0,38,38,0.36,20.1,0.189,0
2026-04-25T11:00:00,2026-04-25T08:00:00Z,2026-04-25,11,4,115,10,10,0.0,46,46,0.44,21.4,0.183,0
2026-04-25T12:00:00,2026-04-25T09:00:00Z,2026-04-25,12,4,115,18,18,0.0,87,87,0.48,22.4,0.178,0
2026-04-25T13:00:00,2026-04-25T10:00:00Z,2026-04-25,13,4,115,32,32,0.0,100,100,0.48,22.9,0.174,0
2026-04-25T14:00:00,2026-04-25T11:00:00Z,2026-04-25,14,4,115,49,49,0.1,100,100,0.46,23.5,0.169,1
2026-04-25T15:00:00,2026-04-25T12:00:00Z,2026-04-25,15,4,115,59,59,0.0,39,39,0.38,22.8,0.169,0
2026-04-25T16:00:00,2026-04-25T13:00:00Z,2026-04-25,16,4,115,54,54,0.1,94,94,0.27,22.2,0.17,1
2026-04-25T17:00:00,2026-04-25T14:00:00Z,2026-04-25,17,4,115,42,42,0.1,100,100,0.17,21.4,0.17,1
2026-04-25T18:00:00,2026-04-25T15:00:00Z,2026-04-25,18,4,115,35,35,0.1,100,100,0.1,20.3,0.174,1
2026-04-25T19:00:00,2026-04-25T16:00:00Z,2026-04-25,19,4,115,38,38,0.0,100,100,0.04,19.4,0.184,0
2026-04-25T20:00:00,2026-04-25T17:00:00Z,2026-04-25,20,4,115,45,45,0.0,80,80,0.02,18.9,0.23,0
2026-04-25T21:00:00,2026-04-25T18:00:00Z,2026-04-25,21,4,115,55,55,0.0,100,100,0.03,18.7,0.321,0
2026-04-25T22:00:00,2026-04-25T19:00:00Z,2026-04-25,22,4,115,69,69,0.1,100,100,0.02,18.3,0.342,1
2026-04-25T23:00:00,2026-04-25T20:00:00Z,2026-04-25,23,4,115,85,85,0.1,100,100,0.02,18.1,0.34,1
2026-04-26T00:00:00,2026-04-25T21:00:00Z,2026-04-26,0,4,116,94,94,0.1,100,100,0.02,18.0,0.364,1
2026-04-26T01:00:00,2026-04-25T22:00:00Z,2026-04-26,1,4,116,90,90,0.0,100,100,0.02,17.8,0.391,0
2026-04-26T02:00:00,2026-04-25T23:00:00Z,2026-04-26,2,4,116,79,79,0.1,100,100,0.02,17.7,0.385,1
2026-04-26T03:00:00,2026-04-26T00:00:00Z,2026-04-26,3,4,116,73,73,0.2,100,100,0.02,17.5,0.382,1
2026-04-26T04:00:00,2026-04-26T01:00:00Z,2026-04-26,4,4,116,79,79,0.2,100,100,0.02,17.4,0.382,1
2026-04-26T05:00:00,2026-04-26T02:00:00Z,2026-04-26,5,4,116,89,89,0.3,100,100,0.02,17.3,0.376,1
2026-04-26T06:00:00,2026-04-26T03:00:00Z,2026-04-26,6,4,116,92,92,0.2,100,100,0.02,17.2,0.365,1
2026-04-26T07:00:00,2026-04-26T04:00:00Z,2026-04-26,7,4,116,79,79,0.1,100,100,0.02,17.1,0.361,1
2026-04-26T08:00:00,2026-04-26T05:00:00Z,2026-04-26,8,4,116,58,58,0.1,99,99,0.03,17.2,0.355,1
2026-04-26T09:00:00,2026-04-26T06:00:00Z,2026-04-26,9,4,116,41,41,0.1,100,100,0.08,17.4,0.334,1
2026-04-26T10:00:00,2026-04-26T07:00:00Z,2026-04-26,10,4,116,29,29,0.0,100,100,0.16,17.9,0.325,0
2026-04-26T11:00:00,2026-04-26T08:00:00Z,2026-04-26,11,4,116,21,21,0.0,100,100,0.24,18.6,0.317,0
2026-04-26T12:00:00,2026-04-26T09:00:00Z,2026-04-26,12,4,116,20,20,0.0,99,99,0.33,19.3,0.311,0
2026-04-26T13:00:00,2026-04-26T10:00:00Z,2026-04-26,13,4,116,31,31,0.0,100,100,0.38,19.8,0.307,0
2026-04-26T14:00:00,2026-04-26T11:00:00Z,2026-04-26,14,4,116,50,50,0.1,99,99,0.46,20.3,0.308,1
2026-04-26T15:00:00,2026-04-26T12:00:00Z,2026-04-26,15,4,116,67,67,0.1,100,100,0.38,21.4,0.303,1
2026-04-26T16:00:00,2026-04-26T13:00:00Z,2026-04-26,16,4,116,79,79,0.0,100,100,0.24,21.0,0.307,0
2026-04-26T17:00:00,2026-04-26T14:00:00Z,2026-04-26,17,4,116,89,89,0.1,95,95,0.14,20.2,0.303,1
2026-04-26T18:00:00,2026-04-26T15:00:00Z,2026-04-26,18,4,116,94,94,0.0,100,100,0.07,19.5,0.301,0
2026-04-26T19:00:00,2026-04-26T16:00:00Z,2026-04-26,19,4,116,90,90,0.0,100,100,0.03,18.9,0.301,0
2026-04-26T20:00:00,2026-04-26T17:00:00Z,2026-04-26,20,4,116,80,80,0.0,100,100,0.02,18.5,0.301,0
2026-04-26T21:00:00,2026-04-26T18:00:00Z,2026-04-26,21,4,116,75,75,0.0,100,100,0.02,18.1,0.302,0
2026-04-26T22:00:00,2026-04-26T19:00:00Z,2026-04-26,22,4,116,79,79,0.0,100,100,0.02,17.9,0.324,0
2026-04-26T23:00:00,2026-04-26T20:00:00Z,2026-04-26,23,4,116,88,88,0.1,100,100,0.02,17.7,0.326,1
2026-04-27T00:00:00,2026-04-26T21:00:00Z,2026-04-27,0,4,117,92,92,0.1,100,100,0.02,17.6,0.331,1
2026-04-27T01:00:00,2026-04-26T22:00:00Z,2026-04-27,1,4,117,88,88,0.0,100,100,0.02,17.4,0.334,0
2026-04-27T02:00:00,2026-04-26T23:00:00Z,2026-04-27,2,4,117,80,80,0.0,100,100,0.01,17.3,0.328,0
2026-04-27T03:00:00,2026-04-27T00:00:00Z,2026-04-27,3,4,117,75,75,0.0,100,100,0.01,17.2,0.324,0
2026-04-27T04:00:00,2026-04-27T01:00:00Z,2026-04-27,4,4,117,75,75,0.2,100,100,0.01,17.1,0.349,1
2026-04-27T05:00:00,2026-04-27T02:00:00Z,2026-04-27,5,4,117,78,78,0.2,100,100,0.01,17.0,0.377,1
2026-04-27T06:00:00,2026-04-27T03:00:00Z,2026-04-27,6,4,117,78,78,0.3,100,100,-0.0,17.0,0.359,1
2026-04-27T07:00:00,2026-04-27T04:00:00Z,2026-04-27,7,4,117,73,73,0.3,100,100,-0.0,16.9,0.337,1
2026-04-27T08:00:00,2026-04-27T05:00:00Z,2026-04-27,8,4,117,66,66,0.1,70,70,0.02,17.1,0.328,1
2026-04-27T09:00:00,2026-04-27T06:00:00Z,2026-04-27,9,4,117,61,61,0.0,97,97,0.1,17.9,0.321,0
2026-04-27T10:00:00,2026-04-27T07:00:00Z,2026-04-27,10,4,117,61,61,0.0,100,100,0.25,18.9,0.315,0
2026-04-27T11:00:00,2026-04-27T08:00:00Z,2026-04-27,11,4,117,62,62,0.0,53,53,0.42,20.1,0.309,0
2026-04-27T12:00:00,2026-04-27T09:00:00Z,2026-04-27,12,4,117,65,65,0.0,100,100,0.52,21.2,0.307,0
2026-04-27T13:00:00,2026-04-27T10:00:00Z,2026-04-27,13,4,117,68,68,0.0,99,99,0.41,21.5,0.315,0
2026-04-27T14:00:00,2026-04-27T11:00:00Z,2026-04-27,14,4,117,71,71,0.0,91,91,0.28,21.2,0.317,0
2026-04-27T15:00:00,2026-04-27T12:00:00Z,2026-04-27,15,4,117,76,76,0.1,100,100,0.26,21.8,0.312,1
2026-04-27T16:00:00,2026-04-27T13:00:00Z,2026-04-27,16,4,117,85,85,0.0,100,100,0.22,21.2,0.309,0
2026-04-27T17:00:00,2026-04-27T14:00:00Z,2026-04-27,17,4,117,95,95,0.1,100,100,0.15,20.7,0.303,1
2026-04-27T18:00:00,2026-04-27T15:00:00Z,2026-04-27,18,4,117,100,100,0.1,100,100,0.07,20.1,0.301,1
2026-04-27T19:00:00,2026-04-27T16:00:00Z,2026-04-27,19,4,117,93,93,0.0,100,100,0.02,19.5,0.299,0
2026-04-27T20:00:00,2026-04-27T17:00:00Z,2026-04-27,20,4,117,81,81,0.1,100,100,0.01,18.9,0.3,1
2026-04-27T21:00:00,2026-04-27T18:00:00Z,2026-04-27,21,4,117,75,75,0.1,100,100,0.01,18.7,0.335,1
2026-04-27T22:00:00,2026-04-27T19:00:00Z,2026-04-27,22,4,117,81,81,0.2,100,100,0.01,18.4,0.363,1
2026-04-27T23:00:00,2026-04-27T20:00:00Z,2026-04-27,23,4,117,92,92,0.1,100,100,0.01,18.2,0.386,1
2026-04-28T00:00:00,2026-04-27T21:00:00Z,2026-04-28,0,4,118,100,100,0.3,100,100,0.01,18.0,0.376,1
2026-04-28T01:00:00,2026-04-27T22:00:00Z,2026-04-28,1,4,118,100,100,0.3,100,100,0.01,17.9,0.367,1
2026-04-28T02:00:00,2026-04-27T23:00:00Z,2026-04-28,2,4,118,98,98,0.2,100,100,0.01,17.8,0.345,1
2026-04-28T03:00:00,2026-04-28T00:00:00Z,2026-04-28,3,4,118,94,94,0.2,100,100,0.01,17.5,0.365,1
2026-04-28T04:00:00,2026-04-28T01:00:00Z,2026-04-28,4,4,118,90,90,0.0,100,100,0.01,17.4,0.359,0
2026-04-28T05:00:00,2026-04-28T02:00:00Z,2026-04-28,5,4,118,86,86,0.5,100,100,0.01,17.3,0.354,1
2026-04-28T06:00:00,2026-04-28T03:00:00Z,2026-04-28,6,4,118,82,82,0.2,100,100,-0.0,17.1,0.347,1
2026-04-28T07:00:00,2026-04-28T04:00:00Z,2026-04-28,7,4,118,79,79,0.4,100,100,-0.0,17.1,0.34,1
2026-04-28T08:00:00,2026-04-28T05:00:00Z,2026-04-28,8,4,118,77,77,0.5,100,100,0.01,17.2,0.333,1
2026-04-28T09:00:00,2026-04-28T06:00:00Z,2026-04-28,9,4,118,76,76,0.5,100,100,0.08,17.9,0.315,1
2026-04-28T10:00:00,2026-04-28T07:00:00Z,2026-04-28,10,4,118,76,76,0.1,100,100,0.21,19.0,0.311,1
2026-04-28T11:00:00,2026-04-28T08:00:00Z,2026-04-28,11,4,118,78,78,0.1,100,100,0.29,19.8,0.307,1
2026-04-28T12:00:00,2026-04-28T09:00:00Z,2026-04-28,12,4,118,80,80,0.0,100,100,0.33,20.4,0.303,0
2026-04-28T13:00:00,2026-04-28T10:00:00Z,2026-04-28,13,4,118,85,85,0.1,100,100,0.38,20.9,0.301,1
2026-04-28T14:00:00,2026-04-28T11:00:00Z,2026-04-28,14,4,118,90,90,0.3,98,98,0.39,21.2,0.298,1
2026-04-28T15:00:00,2026-04-28T12:00:00Z,2026-04-28,15,4,118,94,94,0.3,100,100,0.31,23.1,0.294,1
2026-04-28T16:00:00,2026-04-28T13:00:00Z,2026-04-28,16,4,118,96,96,0.0,100,100,0.25,22.8,0.292,0
2026-04-28T17:00:00,2026-04-28T14:00:00Z,2026-04-28,17,4,118,97,97,0.0,100,100,0.13,21.9,0.293,0
2026-04-28T18:00:00,2026-04-28T15:00:00Z,2026-04-28,18,4,118,92,92,0.4,100,100,0.06,21.1,0.322,1
2026-04-28T19:00:00,2026-04-28T16:00:00Z,2026-04-28,19,4,118,74,74,0.1,100,100,0.03,20.3,0.348,1
2026-04-28T20:00:00,2026-04-28T17:00:00Z,2026-04-28,20,4,118,50,50,0.0,100,100,0.02,19.7,0.369,0
2026-04-28T21:00:00,2026-04-28T18:00:00Z,2026-04-28,21,4,118,37,37,0.0,100,100,0.02,19.3,0.357,0
2026-04-28T22:00:00,2026-04-28T19:00:00Z,2026-04-28,22,4,118,49,49,0.2,100,100,0.01,19.0,0.362,1
2026-04-28T23:00:00,2026-04-28T20:00:00Z,2026-04-28,23,4,118,73,73,0.2,100,100,0.01,18.7,0.366,1
2026-04-29T00:00:00,2026-04-28T21:00:00Z,2026-04-29,0,4,119,86,86,0.2,100,100,0.01,18.5,0.367,1
2026-04-29T01:00:00,2026-04-28T22:00:00Z,2026-04-29,1,4,119,74,74,0.2,100,100,0.01,18.3,0.361,1
2026-04-29T02:00:00,2026-04-28T23:00:00Z,2026-04-29,2,4,119,51,51,0.0,100,100,-0.0,18.2,0.357,0
2026-04-29T03:00:00,2026-04-29T00:00:00Z,2026-04-29,3,4,119,37,37,0.0,100,100,0.01,17.9,0.328,0
2026-04-29T04:00:00,2026-04-29T01:00:00Z,2026-04-29,4,4,119,41,41,0.0,100,100,-0.0,17.7,0.327,0
2026-04-29T05:00:00,2026-04-29T02:00:00Z,2026-04-29,5,4,119,53,53,0.0,100,100,-0.0,17.5,0.322,0
2026-04-29T06:00:00,2026-04-29T03:00:00Z,2026-04-29,6,4,119,63,63,0.0,100,100,-0.0,17.3,0.317,0
2026-04-29T07:00:00,2026-04-29T04:00:00Z,2026-04-29,7,4,119,66,66,0.2,100,100,-0.0,17.0,0.313,1
2026-04-29T08:00:00,2026-04-29T05:00:00Z,2026-04-29,8,4,119,66,66,0.1,100,100,0.03,17.3,0.309,1
2026-04-29T09:00:00,2026-04-29T06:00:00Z,2026-04-29,9,4,119,69,69,0.1,98,98,0.18,18.1,0.304,1
2026-04-29T10:00:00,2026-04-29T07:00:00Z,2026-04-29,10,4,119,80,80,0.2,100,100,0.32,19.4,0.3,1
2026-04-29T11:00:00,2026-04-29T08:00:00Z,2026-04-29,11,4,119,93,93,0.1,84,84,0.44,20.6,0.298,1
2026-04-29T12:00:00,2026-04-29T09:00:00Z,2026-04-29,12,4,119,100,100,0.0,91,91,0.5,21.3,0.297,0
2026-04-29T13:00:00,2026-04-29T10:00:00Z,2026-04-29,13,4,119,98,98,0.0,99,99,0.42,21.9,0.327,0
2026-04-29T14:00:00,2026-04-29T11:00:00Z,2026-04-29,14,4,119,89,89,0.0,91,91,0.36,22.4,0.357,0
2026-04-29T15:00:00,2026-04-29T12:00:00Z,2026-04-29,15,4,119,76,76,0.1,99,99,0.27,22.0,0.364,1
2026-04-29T16:00:00,2026-04-29T13:00:00Z,2026-04-29,16,4,119,55,55,0.0,81,81,0.18,21.4,0.337,0
2026-04-29T17:00:00,2026-04-29T14:00:00Z,2026-04-29,17,4,119,29,29,0.0,87,87,0.12,20.8,0.355,0
2026-04-29T18:00:00,2026-04-29T15:00:00Z,2026-04-29,18,4,119,10,10,0.0,20,20,0.07,20.2,0.346,0
2026-04-29T19:00:00,2026-04-29T16:00:00Z,2026-04-29,19,4,119,3,3,0.0,99,99,0.02,19.5,0.324,0
2026-04-29T20:00:00,2026-04-29T17:00:00Z,2026-04-29,20,4,119,3,3,0.0,100,100,0.01,19.0,0.319,0
2026-04-29T21:00:00,2026-04-29T18:00:00Z,2026-04-29,21,4,119,6,6,0.0,100,100,0.01,18.7,0.312,0
2026-04-29T22:00:00,2026-04-29T19:00:00Z,2026-04-29,22,4,119,12,12,0.1,93,93,0.01,18.4,0.344,1
2026-04-29T23:00:00,2026-04-29T20:00:00Z,2026-04-29,23,4,119,20,20,0.0,100,100,0.01,18.2,0.351,0
2026-04-30T00:00:00,2026-04-29T21:00:00Z,2026-04-30,0,4,120,25,25,0.0,100,100,0.01,18.0,0.345,0
2026-04-30T01:00:00,2026-04-29T22:00:00Z,2026-04-30,1,4,120,22,22,0.0,100,100,0.01,17.9,0.344,0
2026-04-30T02:00:00,2026-04-29T23:00:00Z,2026-04-30,2,4,120,16,16,0.0,99,99,0.01,17.7,0.339,0
2026-04-30T03:00:00,2026-04-30T00:00:00Z,2026-04-30,3,4,120,12,12,0.0,100,100,0.01,17.6,0.328,0
2026-04-30T04:00:00,2026-04-30T01:00:00Z,2026-04-30,4,4,120,12,12,0.1,100,100,0.01,17.4,0.328,1
2026-04-30T05:00:00,2026-04-30T02:00:00Z,2026-04-30,5,4,120,14,14,0.3,100,100,0.01,17.3,0.32,1
2026-04-30T06:00:00,2026-04-30T03:00:00Z,2026-04-30,6,4,120,16,16,0.2,100,100,0.01,17.3,0.317,1
2026-04-30T07:00:00,2026-04-30T04:00:00Z,2026-04-30,7,4,120,17,17,0.0,100,100,0.01,17.1,0.313,0
2026-04-30T08:00:00,2026-04-30T05:00:00Z,2026-04-30,8,4,120,18,18,0.1,100,100,0.04,17.3,0.309,1
2026-04-30T09:00:00,2026-04-30T06:00:00Z,2026-04-30,9,4,120,22,22,0.1,98,98,0.1,17.9,0.303,1
2026-04-30T10:00:00,2026-04-30T07:00:00Z,2026-04-30,10,4,120,32,32,0.1,100,100,0.22,18.7,0.3,1
2026-04-30T11:00:00,2026-04-30T08:00:00Z,2026-04-30,11,4,120,46,46,0.1,99,99,0.36,19.7,0.307,1
2026-04-30T12:00:00,2026-04-30T09:00:00Z,2026-04-30,12,4,120,59,59,0.1,98,98,0.42,20.7,0.31,1
2026-04-30T13:00:00,2026-04-30T10:00:00Z,2026-04-30,13,4,120,69,69,0.0,94,94,0.41,21.4,0.308,0
2026-04-30T14:00:00,2026-04-30T11:00:00Z,2026-04-30,14,4,120,77,77,0.0,74,74,0.4,22.1,0.307,0
2026-04-30T15:00:00,2026-04-30T12:00:00Z,2026-04-30,15,4,120,84,84,0.1,100,100,0.33,22.7,0.303,1
2026-04-30T16:00:00,2026-04-30T13:00:00Z,2026-04-30,16,4,120,91,91,0.2,100,100,0.27,22.4,0.299,1
2026-04-30T17:00:00,2026-04-30T14:00:00Z,2026-04-30,17,4,120,98,98,0.2,100,100,0.16,21.8,0.327,1
2026-04-30T18:00:00,2026-04-30T15:00:00Z,2026-04-30,18,4,120,100,100,0.1,100,100,0.07,20.9,0.35,1
2026-04-30T19:00:00,2026-04-30T16:00:00Z,2026-04-30,19,4,120,94,94,0.0,100,100,0.02,20.1,0.357,0
2026-04-30T20:00:00,2026-04-30T17:00:00Z,2026-04-30,20,4,120,84,84,0.0,100,100,0.02,19.5,0.353,0
2026-04-30T21:00:00,2026-04-30T18:00:00Z,2026-04-30,21,4,120,78,78,0.0,100,100,0.02,19.0,0.345,0
2026-04-30T22:00:00,2026-04-30T19:00:00Z,2026-04-30,22,4,120,80,80,0.1,100,100,0.01,18.6,0.339,1
2026-04-30T23:00:00,2026-04-30T20:00:00Z,2026-04-30,23,4,120,85,85,0.2,100,100,0.02,18.4,0.335,1
2026-05-01T00:00:00,2026-04-30T21:00:00Z,2026-05-01,0,5,121,88,88,0.9,100,100,0.01,18.2,0.338,1
2026-05-01T01:00:00,2026-04-30T22:00:00Z,2026-05-01,1,5,121,84,84,0.4,100,100,0.02,18.0,0.344,1
2026-05-01T02:00:00,2026-04-30T23:00:00Z,2026-05-01,2,5,121,77,77,0.1,100,100,0.01,17.8,0.349,1
2026-05-01T03:00:00,2026-05-01T00:00:00Z,2026-05-01,3,5,121,73,73,0.1,100,100,0.01,17.6,0.339,1
2026-05-01T04:00:00,2026-05-01T01:00:00Z,2026-05-01,4,5,121,75,75,0.9,100,100,0.01,17.5,0.341,1
2026-05-01T05:00:00,2026-05-01T02:00:00Z,2026-05-01,5,5,121,79,79,1.8,100,100,0.01,17.3,0.349,1
2026-05-01T06:00:00,2026-05-01T03:00:00Z,2026-05-01,6,5,121,80,80,2.5,100,100,0.01,17.2,0.352,1
2026-05-01T07:00:00,2026-05-01T04:00:00Z,2026-05-01,7,5,121,71,71,2.4,100,100,0.02,17.1,0.34,1
2026-05-01T08:00:00,2026-05-01T05:00:00Z,2026-05-01,8,5,121,59,59,2.6,100,100,0.03,17.1,0.333,1
2026-05-01T09:00:00,2026-05-01T06:00:00Z,2026-05-01,9,5,121,55,55,1.9,100,100,0.08,17.4,0.317,1
2026-05-01T10:00:00,2026-05-01T07:00:00Z,2026-05-01,10,5,121,68,68,0.4,100,100,0.24,18.2,0.309,1
2026-05-01T11:00:00,2026-05-01T08:00:00Z,2026-05-01,11,5,121,90,90,0.1,100,100,0.41,19.2,0.304,1
2026-05-01T12:00:00,2026-05-01T09:00:00Z,2026-05-01,12,5,121,100,100,0.0,100,100,0.48,20.5,0.299,0
2026-05-01T13:00:00,2026-05-01T10:00:00Z,2026-05-01,13,5,121,87,87,0.0,100,100,0.46,21.7,0.298,0
2026-05-01T14:00:00,2026-05-01T11:00:00Z,2026-05-01,14,5,121,64,64,0.1,98,98,0.4,22.4,0.295,1
2026-05-01T15:00:00,2026-05-01T12:00:00Z,2026-05-01,15,5,121,47,47,0.0,99,99,0.32,22.4,0.296,0
2026-05-01T16:00:00,2026-05-01T13:00:00Z,2026-05-01,16,5,121,47,47,0.0,92,92,0.28,22.5,0.296,0
2026-05-01T17:00:00,2026-05-01T14:00:00Z,2026-05-01,17,5,121,53,53,0.0,98,98,0.17,21.8,0.298,0
2026-05-01T18:00:00,2026-05-01T15:00:00Z,2026-05-01,18,5,121,55,55,0.1,99,99,0.09,21.1,0.297,1
2026-05-01T19:00:00,2026-05-01T16:00:00Z,2026-05-01,19,5,121,43,43,0.1,94,94,0.02,20.2,0.294,1
2026-05-01T20:00:00,2026-05-01T17:00:00Z,2026-05-01,20,5,121,26,26,0.0,48,48,0.02,19.4,0.292,0
2026-05-01T21:00:00,2026-05-01T18:00:00Z,2026-05-01,21,5,121,18,18,0.0,89,89,0.01,19.0,0.302,0
2026-05-01T22:00:00,2026-05-01T19:00:00Z,2026-05-01,22,5,121,28,28,0.2,100,100,0.02,18.6,0.312,1
2026-05-01T23:00:00,2026-05-01T20:00:00Z,2026-05-01,23,5,121,46,46,0.1,100,100,0.01,18.3,0.306,1
2026-05-02T00:00:00,2026-05-01T21:00:00Z,2026-05-02,0,5,122,61,61,0.0,100,100,0.01,18.1,0.316,0
2026-05-02T01:00:00,2026-05-01T22:00:00Z,2026-05-02,1,5,122,68,68,0.0,100,100,0.01,17.8,0.322,0
2026-05-02T02:00:00,2026-05-01T23:00:00Z,2026-05-02,2,5,122,71,71,0.1,100,100,0.01,17.7,0.319,1
2026-05-02T03:00:00,2026-05-02T00:00:00Z,2026-05-02,3,5,122,73,73,0.0,100,100,0.01,17.6,0.32,0
2026-05-02T04:00:00,2026-05-02T01:00:00Z,2026-05-02,4,5,122,73,73,0.0,100,100,0.01,17.5,0.325,0
2026-05-02T05:00:00,2026-05-02T02:00:00Z,2026-05-02,5,5,122,71,71,0.1,100,100,0.01,17.4,0.326,1
2026-05-02T06:00:00,2026-05-02T03:00:00Z,2026-05-02,6,5,122,69,69,0.0,100,100,0.01,17.3,0.327,0
2026-05-02T07:00:00,2026-05-02T04:00:00Z,2026-05-02,7,5,122,66,66,0.1,100,100,0.01,17.2,0.333,1
2026-05-02T08:00:00,2026-05-02T05:00:00Z,2026-05-02,8,5,122,63,63,0.2,100,100,0.02,17.2,0.335,1
2026-05-02T09:00:00,2026-05-02T06:00:00Z,2026-05-02,9,5,122,63,63,0.1,98,98,0.07,17.6,0.308,1
2026-05-02T10:00:00,2026-05-02T07:00:00Z,2026-05-02,10,5,122,69,69,0.1,95,95,0.18,18.3,0.307,1
2026-05-02T11:00:00,2026-05-02T08:00:00Z,2026-05-02,11,5,122,78,78,0.3,45,45,0.32,19.3,0.302,1
2026-05-02T12:00:00,2026-05-02T09:00:00Z,2026-05-02,12,5,122,84,84,0.1,54,54,0.46,20.4,0.296,1
2026-05-02T13:00:00,2026-05-02T10:00:00Z,2026-05-02,13,5,122,85,85,0.0,100,100,0.51,21.5,0.3,0
2026-05-02T14:00:00,2026-05-02T11:00:00Z,2026-05-02,14,5,122,84,84,0.0,100,100,0.44,22.4,0.305,0
2026-05-02T15:00:00,2026-05-02T12:00:00Z,2026-05-02,15,5,122,84,84,0.1,91,91,0.39,23.0,0.291,1
2026-05-02T16:00:00,2026-05-02T13:00:00Z,2026-05-02,16,5,122,88,88,0.1,83,83,0.26,22.6,0.314,1
2026-05-02T17:00:00,2026-05-02T14:00:00Z,2026-05-02,17,5,122,94,94,0.1,98,98,0.2,22.1,0.308,1
2026-05-02T18:00:00,2026-05-02T15:00:00Z,2026-05-02,18,5,122,98,98,0.1,87,87,0.08,21.2,0.315,1
2026-05-02T19:00:00,2026-05-02T16:00:00Z,2026-05-02,19,5,122,96,96,0.1,88,88,0.02,20.3,0.321,1
2026-05-02T20:00:00,2026-05-02T17:00:00Z,2026-05-02,20,5,122,92,92,0.2,100,100,0.01,19.6,0.351,1
2026-05-02T21:00:00,2026-05-02T18:00:00Z,2026-05-02,21,5,122,90,90,0.1,97,97,0.01,19.1,0.34,1
2026-05-02T22:00:00,2026-05-02T19:00:00Z,2026-05-02,22,5,122,93,93,0.4,93,93,0.01,18.7,0.342,1
2026-05-02T23:00:00,2026-05-02T20:00:00Z,2026-05-02,23,5,122,97,97,0.4,100,100,0.01,18.4,0.339,1
2026-05-03T00:00:00,2026-05-02T21:00:00Z,2026-05-03,0,5,123,98,98,0.3,97,97,0.01,18.1,0.319,1
2026-05-03T01:00:00,2026-05-02T22:00:00Z,2026-05-03,1,5,123,92,92,0.2,100,100,0.01,17.8,0.311,1
2026-05-03T02:00:00,2026-05-02T23:00:00Z,2026-05-03,2,5,123,83,83,0.2,73,73,-0.0,17.6,0.306,1
2026-05-03T03:00:00,2026-05-03T00:00:00Z,2026-05-03,3,5,123,71,71,0.1,100,100,-0.0,17.4,0.301,1
2026-05-03T04:00:00,2026-05-03T01:00:00Z,2026-05-03,4,5,123,56,56,0.1,100,100,-0.0,17.2,0.298,1
2026-05-03T05:00:00,2026-05-03T02:00:00Z,2026-05-03,5,5,123,39,39,0.0,100,100,0.0,16.9,0.296,0
2026-05-03T06:00:00,2026-05-03T03:00:00Z,2026-05-03,6,5,123,25,25,0.0,100,100,0.0,16.6,0.294,0
2026-05-03T07:00:00,2026-05-03T04:00:00Z,2026-05-03,7,5,123,14,14,0.0,65,65,0.0,16.2,0.293,0
2026-05-03T08:00:00,2026-05-03T05:00:00Z,2026-05-03,8,5,123,5,5,0.0,100,100,0.04,16.7,0.291,0
2026-05-03T09:00:00,2026-05-03T06:00:00Z,2026-05-03,9,5,123,0,0,0.0,91,91,0.21,18.1,0.288,0
2026-05-03T10:00:00,2026-05-03T07:00:00Z,2026-05-03,10,5,123,0,0,0.0,99,99,0.38,19.5,0.285,0
2026-05-03T11:00:00,2026-05-03T08:00:00Z,2026-05-03,11,5,123,0,0,0.0,100,100,0.48,20.9,0.281,0
2026-05-03T12:00:00,2026-05-03T09:00:00Z,2026-05-03,12,5,123,4,4,0.0,69,69,0.48,22.2,0.277,0
2026-05-03T13:00:00,2026-05-03T10:00:00Z,2026-05-03,13,5,123,18,18,0.0,3,3,0.49,23.3,0.273,0
2026-05-03T14:00:00,2026-05-03T11:00:00Z,2026-05-03,14,5,123,36,36,0.0,16,16,0.43,23.9,0.27,0
2026-05-03T15:00:00,2026-05-03T12:00:00Z,2026-05-03,15,5,123,51,51,0.2,71,71,0.38,24.2,0.268,1
2026-05-03T16:00:00,2026-05-03T13:00:00Z,2026-05-03,16,5,123,59,59,0.0,100,100,0.35,24.1,0.267,0
2026-05-03T17:00:00,2026-05-03T14:00:00Z,2026-05-03,17,5,123,64,64,0.1,88,88,0.25,23.6,0.267,1
2026-05-03T18:00:00,2026-05-03T15:00:00Z,2026-05-03,18,5,123,65,65,0.2,39,39,0.11,22.6,0.267,1
2026-05-03T19:00:00,2026-05-03T16:00:00Z,2026-05-03,19,5,123,60,60,0.1,89,89,0.02,21.3,0.269,1
2026-05-03T20:00:00,2026-05-03T17:00:00Z,2026-05-03,20,5,123,51,51,0.0,50,50,0.01,20.1,0.27,0
2026-05-03T21:00:00,2026-05-03T18:00:00Z,2026-05-03,21,5,123,47,47,0.0,95,95,0.01,19.4,0.273,0
2026-05-03T22:00:00,2026-05-03T19:00:00Z,2026-05-03,22,5,123,52,52,0.1,100,100,0.01,19.0,0.285,1
2026-05-03T23:00:00,2026-05-03T20:00:00Z,2026-05-03,23,5,123,62,62,0.1,100,100,0.01,18.6,0.296,1
2026-05-04T00:00:00,2026-05-03T21:00:00Z,2026-05-04,0,5,124,69,69,0.1,100,100,0.01,18.4,0.3,1
2026-05-04T01:00:00,2026-05-03T22:00:00Z,2026-05-04,1,5,124,68,68,0.1,100,100,-0.0,18.2,0.301,1
2026-05-04T02:00:00,2026-05-03T23:00:00Z,2026-05-04,2,5,124,64,64,0.0,100,100,-0.0,18.0,0.304,0
2026-05-04T03:00:00,2026-05-04T00:00:00Z,2026-05-04,3,5,124,63,63,0.0,99,99,0.01,17.8,0.285,0
2026-05-04T04:00:00,2026-05-04T01:00:00Z,2026-05-04,4,5,124,70,70,0.1,100,100,0.01,17.7,0.283,1
2026-05-04T05:00:00,2026-05-04T02:00:00Z,2026-05-04,5,5,124,79,79,0.2,100,100,0.01,17.6,0.301,1
2026-05-04T06:00:00,2026-05-04T03:00:00Z,2026-05-04,6,5,124,80,80,0.1,100,100,0.01,17.6,0.305,1
2026-05-04T07:00:00,2026-05-04T04:00:00Z,2026-05-04,7,5,124,63,63,0.0,100,100,0.01,17.4,0.3,0
2026-05-04T08:00:00,2026-05-04T05:00:00Z,2026-05-04,8,5,124,38,38,0.0,79,79,0.04,17.7,0.294,0
2026-05-04T09:00:00,2026-05-04T06:00:00Z,2026-05-04,9,5,124,20,20,0.1,8,8,0.11,18.7,0.284,1
2026-05-04T10:00:00,2026-05-04T07:00:00Z,2026-05-04,10,5,124,18,18,0.1,9,9,0.27,19.7,0.281,1
2026-05-04T11:00:00,2026-05-04T08:00:00Z,2026-05-04,11,5,124,23,23,0.1,22,22,0.34,20.7,0.277,1
2026-05-04T12:00:00,2026-05-04T09:00:00Z,2026-05-04,12,5,124,27,27,0.1,30,30,0.39,21.8,0.274,1
2026-05-04T13:00:00,2026-05-04T10:00:00Z,2026-05-04,13,5,124,26,26,0.1,12,12,0.41,22.8,0.27,1
2026-05-04T14:00:00,2026-05-04T11:00:00Z,2026-05-04,14,5,124,24,24,0.0,13,13,0.41,23.5,0.267,0
2026-05-04T15:00:00,2026-05-04T12:00:00Z,2026-05-04,15,5,124,22,22,0.0,9,9,0.39,23.8,0.264,0
2026-05-04T16:00:00,2026-05-04T13:00:00Z,2026-05-04,16,5,124,21,21,0.0,34,34,0.33,23.7,0.263,0
2026-05-04T17:00:00,2026-05-04T14:00:00Z,2026-05-04,17,5,124,21,21,0.0,37,37,0.25,23.2,0.262,0
2026-05-04T18:00:00,2026-05-04T15:00:00Z,2026-05-04,18,5,124,22,22,0.0,42,42,0.11,22.3,0.263,0
2026-05-04T19:00:00,2026-05-04T16:00:00Z,2026-05-04,19,5,124,23,23,0.0,38,38,0.03,21.2,0.264,0
2026-05-04T20:00:00,2026-05-04T17:00:00Z,2026-05-04,20,5,124,26,26,0.0,30,30,0.02,20.3,0.264,0
2026-05-04T21:00:00,2026-05-04T18:00:00Z,2026-05-04,21,5,124,29,29,0.0,45,45,0.02,19.7,0.273,0
2026-05-04T22:00:00,2026-05-04T19:00:00Z,2026-05-04,22,5,124,35,35,0.1,81,81,0.01,19.2,0.283,1
2026-05-04T23:00:00,2026-05-04T20:00:00Z,2026-05-04,23,5,124,42,42,0.0,100,100,0.01,18.9,0.289,0
2026-05-05T00:00:00,2026-05-04T21:00:00Z,2026-05-05,0,5,125,47,47,0.1,100,100,0.01,18.7,0.304,1
2026-05-05T01:00:00,2026-05-04T22:00:00Z,2026-05-05,1,5,125,48,48,0.1,100,100,0.01,18.5,0.305,1
2026-05-05T02:00:00,2026-05-04T23:00:00Z,2026-05-05,2,5,125,46,46,0.0,99,99,0.01,18.2,0.301,0
2026-05-05T03:00:00,2026-05-05T00:00:00Z,2026-05-05,3,5,125,43,43,0.0,30,30,0.01,18.0,0.294,0
2026-05-05T04:00:00,2026-05-05T01:00:00Z,2026-05-05,4,5,125,37,37,0.0,100,100,0.01,17.8,0.29,0
2026-05-05T05:00:00,2026-05-05T02:00:00Z,2026-05-05,5,5,125,29,29,0.0,100,100,-0.0,17.6,0.287,0
2026-05-05T06:00:00,2026-05-05T03:00:00Z,2026-05-05,6,5,125,25,25,0.0,100,100,-0.0,17.3,0.285,0
2026-05-05T07:00:00,2026-05-05T04:00:00Z,2026-05-05,7,5,125,29,29,0.0,100,100,-0.0,17.1,0.284,0
2026-05-05T08:00:00,2026-05-05T05:00:00Z,2026-05-05,8,5,125,37,37,0.0,99,99,0.05,17.5,0.282,0
2026-05-05T09:00:00,2026-05-05T06:00:00Z,2026-05-05,9,5,125,47,47,0.0,100,100,0.19,18.7,0.279,0
2026-05-05T10:00:00,2026-05-05T07:00:00Z,2026-05-05,10,5,125,60,60,0.0,79,79,0.32,20.2,0.276,0
2026-05-05T11:00:00,2026-05-05T08:00:00Z,2026-05-05,11,5,125,75,75,0.0,42,42,0.43,21.8,0.272,0
2026-05-05T12:00:00,2026-05-05T09:00:00Z,2026-05-05,12,5,125,86,86,0.1,24,24,0.48,23.3,0.268,1
2026-05-05T13:00:00,2026-05-05T10:00:00Z,2026-05-05,13,5,125,92,92,0.0,52,52,0.48,24.4,0.264,0
2026-05-05T14:00:00,2026-05-05T11:00:00Z,2026-05-05,14,5,125,95,95,0.0,80,80,0.42,24.6,0.262,0
2026-05-05T15:00:00,2026-05-05T12:00:00Z,2026-05-05,15,5,125,96,96,0.0,74,74,0.35,24.5,0.26,0
2026-05-05T16:00:00,2026-05-05T13:00:00Z,2026-05-05,16,5,125,96,96,0.2,76,76,0.28,24.0,0.286,1
2026-05-05T17:00:00,2026-05-05T14:00:00Z,2026-05-05,17,5,125,94,94,0.0,94,94,0.18,23.1,0.281,0
2026-05-05T18:00:00,2026-05-05T15:00:00Z,2026-05-05,18,5,125,90,90,0.0,78,78,0.08,22.2,0.279,0
2026-05-05T19:00:00,2026-05-05T16:00:00Z,2026-05-05,19,5,125,81,81,0.0,35,35,0.03,21.3,0.302,0
2026-05-05T20:00:00,2026-05-05T17:00:00Z,2026-05-05,20,5,125,68,68,0.0,30,30,0.03,20.4,0.321,0
2026-05-05T21:00:00,2026-05-05T18:00:00Z,2026-05-05,21,5,125,59,59,0.0,25,25,0.02,19.8,0.327,0
2026-05-05T22:00:00,2026-05-05T19:00:00Z,2026-05-05,22,5,125,56,56,0.0,100,100,0.02,19.3,0.324,0
2026-05-05T23:00:00,2026-05-05T20:00:00Z,2026-05-05,23,5,125,57,57,0.0,100,100,0.01,18.9,0.316,0
2026-05-06T00:00:00,2026-05-05T21:00:00Z,2026-05-06,0,5,126,55,55,0.2,100,100,0.01,18.6,0.311,1
2026-05-06T01:00:00,2026-05-05T22:00:00Z,2026-05-06,1,5,126,49,49,0.1,100,100,0.01,18.4,0.308,1
2026-05-06T02:00:00,2026-05-05T23:00:00Z,2026-05-06,2,5,126,40,40,0.0,100,100,-0.0,18.1,0.301,0
2026-05-06T03:00:00,2026-05-06T00:00:00Z,2026-05-06,3,5,126,33,33,0.0,100,100,-0.0,17.8,0.298,0
2026-05-06T04:00:00,2026-05-06T01:00:00Z,2026-05-06,4,5,126,27,27,0.0,99,99,-0.0,17.6,0.295,0
2026-05-06T05:00:00,2026-05-06T02:00:00Z,2026-05-06,5,5,126,22,22,0.0,100,100,0.0,17.3,0.293,0
2026-05-06T06:00:00,2026-05-06T03:00:00Z,2026-05-06,6,5,126,18,18,0.0,100,100,0.0,17.1,0.291,0
2026-05-06T07:00:00,2026-05-06T04:00:00Z,2026-05-06,7,5,126,14,14,0.0,89,89,-0.0,17.0,0.29,0
2026-05-06T08:00:00,2026-05-06T05:00:00Z,2026-05-06,8,5,126,12,12,0.0,43,43,0.04,17.4,0.288,0
2026-05-06T09:00:00,2026-05-06T06:00:00Z,2026-05-06,9,5,126,14,14,0.0,23,23,0.17,18.4,0.285,0
2026-05-06T10:00:00,2026-05-06T07:00:00Z,2026-05-06,10,5,126,24,24,0.0,57,57,0.33,19.8,0.282,0
2026-05-06T11:00:00,2026-05-06T08:00:00Z,2026-05-06,11,5,126,38,38,0.0,41,41,0.44,21.2,0.279,0
2026-05-06T12:00:00,2026-05-06T09:00:00Z,2026-05-06,12,5,126,53,53,0.1,46,46,0.49,22.8,0.275,1
2026-05-06T13:00:00,2026-05-06T10:00:00Z,2026-05-06,13,5,126,67,67,0.2,59,59,0.49,24.2,0.272,1
2026-05-06T14:00:00,2026-05-06T11:00:00Z,2026-05-06,14,5,126,81,81,0.1,99,99,0.45,24.8,0.272,1
2026-05-06T15:00:00,2026-05-06T12:00:00Z,2026-05-06,15,5,126,92,92,0.2,65,65,0.37,24.7,0.3,1
2026-05-06T16:00:00,2026-05-06T13:00:00Z,2026-05-06,16,5,126,98,98,0.1,55,55,0.26,23.7,0.318,1
2026-05-06T17:00:00,2026-05-06T14:00:00Z,2026-05-06,17,5,126,100,100,0.1,64,64,0.16,22.8,0.318,1
2026-05-06T18:00:00,2026-05-06T15:00:00Z,2026-05-06,18,5,126,100,100,0.1,99,99,0.09,21.9,0.302,1
2026-05-06T19:00:00,2026-05-06T16:00:00Z,2026-05-06,19,5,126,94,94,0.0,100,100,0.03,21.0,0.297,0
2026-05-06T20:00:00,2026-05-06T17:00:00Z,2026-05-06,20,5,126,85,85,0.0,100,100,0.01,20.2,0.294,0
2026-05-06T21:00:00,2026-05-06T18:00:00Z,2026-05-06,21,5,126,75,75,0.0,100,100,0.01,19.6,0.304,0
2026-05-06T22:00:00,2026-05-06T19:00:00Z,2026-05-06,22,5,126,65,65,0.1,100,100,0.01,19.2,0.321,1
2026-05-06T23:00:00,2026-05-06T20:00:00Z,2026-05-06,23,5,126,55,55,0.1,99,99,0.01,19.0,0.328,1
2026-05-07T00:00:00,2026-05-06T21:00:00Z,2026-05-07,0,5,127,45,45,0.0,100,100,0.01,18.8,0.34,0
2026-05-07T01:00:00,2026-05-06T22:00:00Z,2026-05-07,1,5,127,36,36,0.0,100,100,0.01,18.6,0.348,0
2026-05-07T02:00:00,2026-05-06T23:00:00Z,2026-05-07,2,5,127,28,28,0.0,100,100,0.01,18.4,0.344,0
2026-05-07T03:00:00,2026-05-07T00:00:00Z,2026-05-07,3,5,127,22,22,0.0,100,100,0.01,18.3,0.328,0
2026-05-07T04:00:00,2026-05-07T01:00:00Z,2026-05-07,4,5,127,19,19,0.1,99,99,0.01,18.1,0.319,1
2026-05-07T05:00:00,2026-05-07T02:00:00Z,2026-05-07,5,5,127,18,18,0.0,100,100,0.01,17.9,0.311,0
2026-05-07T06:00:00,2026-05-07T03:00:00Z,2026-05-07,6,5,127,20,20,0.0,91,91,-0.0,17.7,0.307,0
2026-05-07T07:00:00,2026-05-07T04:00:00Z,2026-05-07,7,5,127,23,23,0.0,100,100,-0.0,17.5,0.303,0
2026-05-07T08:00:00,2026-05-07T05:00:00Z,2026-05-07,8,5,127,29,29,0.0,98,98,0.05,17.8,0.3,0
2026-05-07T09:00:00,2026-05-07T06:00:00Z,2026-05-07,9,5,127,37,37,0.0,92,92,0.17,18.7,0.297,0
2026-05-07T10:00:00,2026-05-07T07:00:00Z,2026-05-07,10,5,127,51,51,0.1,54,54,0.32,19.9,0.294,1
2026-05-07T11:00:00,2026-05-07T08:00:00Z,2026-05-07,11,5,127,69,69,0.1,27,27,0.46,21.5,0.289,1
2026-05-07T12:00:00,2026-05-07T09:00:00Z,2026-05-07,12,5,127,80,80,0.1,18,18,0.5,22.9,0.285,1
2026-05-07T13:00:00,2026-05-07T10:00:00Z,2026-05-07,13,5,127,79,79,0.0,63,63,0.53,24.2,0.281,0
2026-05-07T14:00:00,2026-05-07T11:00:00Z,2026-05-07,14,5,127,73,73,0.0,80,80,0.5,25.0,0.278,0
2026-05-07T15:00:00,2026-05-07T12:00:00Z,2026-05-07,15,5,127,69,69,0.1,100,100,0.41,25.0,0.277,1
2026-05-07T16:00:00,2026-05-07T13:00:00Z,2026-05-07,16,5,127,74,74,0.0,99,99,0.28,24.3,0.296,0
2026-05-07T17:00:00,2026-05-07T14:00:00Z,2026-05-07,17,5,127,82,82,0.1,98,98,0.17,23.4,0.326,1
2026-05-07T18:00:00,2026-05-07T15:00:00Z,2026-05-07,18,5,127,86,86,0.0,94,94,0.09,22.3,0.322,0
2026-05-07T19:00:00,2026-05-07T16:00:00Z,2026-05-07,19,5,127,81,81,0.0,84,84,0.03,21.2,0.315,0
2026-05-07T20:00:00,2026-05-07T17:00:00Z,2026-05-07,20,5,127,71,71,0.0,100,100,0.02,20.4,0.326,0
2026-05-07T21:00:00,2026-05-07T18:00:00Z,2026-05-07,21,5,127,61,61,0.0,100,100,0.02,19.9,0.32,0
2026-05-07T22:00:00,2026-05-07T19:00:00Z,2026-05-07,22,5,127,54,54,0.0,100,100,0.01,19.4,0.315,0
2026-05-07T23:00:00,2026-05-07T20:00:00Z,2026-05-07,23,5,127,48,48,0.0,100,100,0.01,19.0,0.308,0
2026-05-08T00:00:00,2026-05-07T21:00:00Z,2026-05-08,0,5,128,41,41,0.0,100,100,0.01,18.7,0.302,0
2026-05-08T01:00:00,2026-05-07T22:00:00Z,2026-05-08,1,5,128,33,33,0.0,100,100,0.01,18.4,0.299,0
2026-05-08T02:00:00,2026-05-07T23:00:00Z,2026-05-08,2,5,128,26,26,0.0,100,100,-0.0,18.2,0.297,0
2026-05-08T03:00:00,2026-05-08T00:00:00Z,2026-05-08,3,5,128,20,20,0.0,100,100,-0.0,18.0,0.295,0
2026-05-08T04:00:00,2026-05-08T01:00:00Z,2026-05-08,4,5,128,18,18,0.0,100,100,-0.0,17.6,0.293,0
2026-05-08T05:00:00,2026-05-08T02:00:00Z,2026-05-08,5,5,128,18,18,0.0,100,100,0.0,17.3,0.292,0
2026-05-08T06:00:00,2026-05-08T03:00:00Z,2026-05-08,6,5,128,18,18,0.0,100,100,-0.0,17.2,0.291,0
2026-05-08T07:00:00,2026-05-08T04:00:00Z,2026-05-08,7,5,128,16,16,0.0,100,100,0.01,17.5,0.29,0
2026-05-08T08:00:00,2026-05-08T05:00:00Z,2026-05-08,8,5,128,13,13,0.0,100,100,0.02,18.1,0.288,0
2026-05-08T09:00:00,2026-05-08T06:00:00Z,2026-05-08,9,5,128,16,16,0.0,98,98,0.07,18.9,0.286,0
2026-05-08T10:00:00,2026-05-08T07:00:00Z,2026-05-08,10,5,128,28,28,0.1,71,71,0.18,20.2,0.283,1
2026-05-08T11:00:00,2026-05-08T08:00:00Z,2026-05-08,11,5,128,44,44,0.1,36,36,0.32,21.8,0.279,1
2026-05-08T12:00:00,2026-05-08T09:00:00Z,2026-05-08,12,5,128,59,59,0.1,19,19,0.42,23.1,0.276,1
2026-05-08T13:00:00,2026-05-08T10:00:00Z,2026-05-08,13,5,128,69,69,0.2,38,38,0.46,24.0,0.272,1
2026-05-08T14:00:00,2026-05-08T11:00:00Z,2026-05-08,14,5,128,78,78,0.2,74,74,0.47,24.7,0.269,1
2026-05-08T15:00:00,2026-05-08T12:00:00Z,2026-05-08,15,5,128,84,84,0.2,99,99,0.45,24.9,0.268,1
2026-05-08T16:00:00,2026-05-08T13:00:00Z,2026-05-08,16,5,128,89,89,0.2,99,99,0.38,24.4,0.27,1
2026-05-08T17:00:00,2026-05-08T14:00:00Z,2026-05-08,17,5,128,93,93,0.2,88,88,0.27,23.3,0.275,1
2026-05-08T18:00:00,2026-05-08T15:00:00Z,2026-05-08,18,5,128,92,92,0.2,81,81,0.18,22.3,0.283,1
2026-05-08T19:00:00,2026-05-08T16:00:00Z,2026-05-08,19,5,128,84,84,0.0,85,85,0.11,21.5,0.298,0
2026-05-08T20:00:00,2026-05-08T17:00:00Z,2026-05-08,20,5,128,71,71,0.0,94,94,0.06,20.6,0.316,0
2026-05-08T21:00:00,2026-05-08T18:00:00Z,2026-05-08,21,5,128,61,61,0.0,100,100,0.02,19.9,0.326,0
2026-05-08T22:00:00,2026-05-08T19:00:00Z,2026-05-08,22,5,128,58,58,0.2,100,100,0.01,19.5,0.321,1
2026-05-08T23:00:00,2026-05-08T20:00:00Z,2026-05-08,23,5,128,58,58,0.2,100,100,0.01,19.1,0.309,1
2026-05-09T00:00:00,2026-05-08T21:00:00Z,2026-05-09,0,5,129,57,57,0.2,100,100,0.01,18.9,0.299,1
2026-05-09T01:00:00,2026-05-08T22:00:00Z,2026-05-09,1,5,129,55,55,0.1,100,100,0.01,18.6,0.295,1
2026-05-09T02:00:00,2026-05-08T23:00:00Z,2026-05-09,2,5,129,53,53,0.1,100,100,-0.0,18.4,0.293,1
2026-05-09T03:00:00,2026-05-09T00:00:00Z,2026-05-09,3,5,129,49,49,0.1,100,100,-0.0,18.2,0.292,1
2026-05-09T04:00:00,2026-05-09T01:00:00Z,2026-05-09,4,5,129,42,42,0.0,100,100,-0.0,18.0,0.29,0
2026-05-09T05:00:00,2026-05-09T02:00:00Z,2026-05-09,5,5,129,34,34,0.0,100,100,-0.0,17.8,0.288,0
2026-05-09T06:00:00,2026-05-09T03:00:00Z,2026-05-09,6,5,129,31,31,0.0,100,100,-0.0,17.8,0.289,0
2026-05-09T07:00:00,2026-05-09T04:00:00Z,2026-05-09,7,5,129,37,37,0.1,91,91,0.01,17.9,0.297,1
2026-05-09T08:00:00,2026-05-09T05:00:00Z,2026-05-09,8,5,129,48,48,0.1,79,79,0.02,18.2,0.309,1
2026-05-09T09:00:00,2026-05-09T06:00:00Z,2026-05-09,9,5,129,59,59,0.1,66,66,0.06,18.7,0.316,1
2026-05-09T10:00:00,2026-05-09T07:00:00Z,2026-05-09,10,5,129,69,69,0.1,51,51,0.13,19.4,0.314,1
2026-05-09T11:00:00,2026-05-09T08:00:00Z,2026-05-09,11,5,129,80,80,0.1,35,35,0.22,20.3,0.308,1
2026-05-09T12:00:00,2026-05-09T09:00:00Z,2026-05-09,12,5,129,88,88,0.1,30,30,0.3,21.1,0.305,1
2026-05-09T13:00:00,2026-05-09T10:00:00Z,2026-05-09,13,5,129,92,92,0.1,45,45,0.35,21.9,0.308,1
2026-05-09T14:00:00,2026-05-09T11:00:00Z,2026-05-09,14,5,129,94,94,0.1,70,70,0.39,22.7,0.312,1
2026-05-09T15:00:00,2026-05-09T12:00:00Z,2026-05-09,15,5,129,94,94,0.1,90,90,0.39,23.0,0.316,1
2026-05-09T16:00:00,2026-05-09T13:00:00Z,2026-05-09,16,5,129,93,93,0.1,97,97,0.33,22.7,0.316,1
2026-05-09T17:00:00,2026-05-09T14:00:00Z,2026-05-09,17,5,129,91,91,0.1,98,98,0.23,21.8,0.315,1
2026-05-09T18:00:00,2026-05-09T15:00:00Z,2026-05-09,18,5,129,86,86,0.1,99,99,0.15,21.0,0.314,1
2026-05-09T19:00:00,2026-05-09T16:00:00Z,2026-05-09,19,5,129,74,74,0.0,100,100,0.09,20.3,0.312,0
2026-05-09T20:00:00,2026-05-09T17:00:00Z,2026-05-09,20,5,129,58,58,0.0,100,100,0.04,19.6,0.31,0
2026-05-09T21:00:00,2026-05-09T18:00:00Z,2026-05-09,21,5,129,49,49,0.0,100,100,0.01,19.0,0.31,0
2026-05-09T22:00:00,2026-05-09T19:00:00Z,2026-05-09,22,5,129,52,52,0.0,100,100,-0.0,18.7,0.313,0
2026-05-09T23:00:00,2026-05-09T20:00:00Z,2026-05-09,23,5,129,62,62,0.0,100,100,-0.0,18.5,0.317,0
2026-05-10T00:00:00,2026-05-09T21:00:00Z,2026-05-10,0,5,130,69,69,0.0,100,100,0.01,18.4,0.319,0
2026-05-10T01:00:00,2026-05-09T22:00:00Z,2026-05-10,1,5,130,68,68,0.0,100,100,0.01,18.2,0.315,0
2026-05-10T02:00:00,2026-05-09T23:00:00Z,2026-05-10,2,5,130,65,65,0.0,100,100,0.01,18.0,0.308,0
2026-05-10T03:00:00,2026-05-10T00:00:00Z,2026-05-10,3,5,130,61,61,0.0,100,100,0.01,17.8,0.302,0
2026-05-10T04:00:00,2026-05-10T01:00:00Z,2026-05-10,4,5,130,58,58,0.1,100,100,0.01,17.6,0.299,1
2026-05-10T05:00:00,2026-05-10T02:00:00Z,2026-05-10,5,5,130,55,55,0.1,100,100,0.01,17.5,0.298,1
2026-05-10T06:00:00,2026-05-10T03:00:00Z,2026-05-10,6,5,130,55,55,0.1,100,100,0.01,17.4,0.296,1
2026-05-10T07:00:00,2026-05-10T04:00:00Z,2026-05-10,7,5,130,59,59,0.2,100,100,0.01,17.5,0.294,1
2026-05-10T08:00:00,2026-05-10T05:00:00Z,2026-05-10,8,5,130,65,65,0.2,100,100,0.02,17.7,0.293,1
2026-05-10T09:00:00,2026-05-10T06:00:00Z,2026-05-10,9,5,130,71,71,0.2,100,100,0.06,18.2,0.291,1
2026-05-10T10:00:00,2026-05-10T07:00:00Z,2026-05-10,10,5,130,74,74,0.0,75,75,0.15,19.3,0.288,0
2026-05-10T11:00:00,2026-05-10T08:00:00Z,2026-05-10,11,5,130,77,77,0.0,42,42,0.26,20.7,0.284,0
2026-05-10T12:00:00,2026-05-10T09:00:00Z,2026-05-10,12,5,130,79,79,0.0,25,25,0.35,21.9,0.281,0
2026-05-10T13:00:00,2026-05-10T10:00:00Z,2026-05-10,13,5,130,81,81,0.0,100,100,0.4,22.8,0.278,0
2026-05-10T14:00:00,2026-05-10T11:00:00Z,2026-05-10,14,5,130,82,82,0.0,100,100,0.43,23.4,0.275,0
2026-05-10T15:00:00,2026-05-10T12:00:00Z,2026-05-10,15,5,130,82,82,0.0,100,100,0.42,23.7,0.274,0
2026-05-10T16:00:00,2026-05-10T13:00:00Z,2026-05-10,16,5,130,81,81,0.1,97,97,0.37,23.4,0.275,1
2026-05-10T17:00:00,2026-05-10T14:00:00Z,2026-05-10,17,5,130,80,80,0.1,93,93,0.28,22.7,0.278,1
2026-05-10T18:00:00,2026-05-10T15:00:00Z,2026-05-10,18,5,130,79,79,0.1,89,89,0.2,22.0,0.28,1
2026-05-10T19:00:00,2026-05-10T16:00:00Z,2026-05-10,19,5,130,77,77,0.1,84,84,0.13,21.3,0.28,1
2026-05-10T20:00:00,2026-05-10T17:00:00Z,2026-05-10,20,5,130,76,76,0.1,81,81,0.07,20.6,0.279,1
2026-05-10T21:00:00,2026-05-10T18:00:00Z,2026-05-10,21,5,130,75,75,0.1,80,80,0.03,20.0,0.278,1
2026-05-10T22:00:00,2026-05-10T19:00:00Z,2026-05-10,22,5,130,76,76,0.1,82,82,0.01,19.5,0.278,1
2026-05-10T23:00:00,2026-05-10T20:00:00Z,2026-05-10,23,5,130,77,77,0.1,86,86,0.02,19.2,0.277,1
2026-05-11T00:00:00,2026-05-10T21:00:00Z,2026-05-11,0,5,131,78,78,0.1,91,91,0.02,18.8,0.277,1
2026-05-11T01:00:00,2026-05-10T22:00:00Z,2026-05-11,1,5,131,78,78,0.1,96,96,0.02,18.5,0.277,1
2026-05-11T02:00:00,2026-05-10T23:00:00Z,2026-05-11,2,5,131,78,78,0.1,99,99,0.01,18.2,0.277,1
