time,temperature_2m_max,temperature_2m_min,precipitation_sum,et0_fao_evapotranspiration,shortwave_radiation_sum,soil_moisture_0_to_7cm,relative_humidity_2m,vapor_pressure_deficit,wind_speed_10m,precipitation,evapotranspiration
2022-01-01,24.4,10.5,0.0,4.78,26.51,0.38275,75.08333333333333,0.5845833333333333,8.237499999999999,0.0,4.78
2022-01-02,24.1,11.3,0.1,4.77,25.84,0.35841666666666666,74.25,0.6120833333333333,6.320833333333333,0.1,4.77
2022-01-03,23.8,10.6,0.0,4.8,25.97,0.3403333333333333,73.04166666666667,0.62,7.1000000000000005,0.0,4.8
2022-01-04,24.2,9.8,0.0,4.85,25.46,0.32279166666666664,67.5,0.7608333333333334,8.549999999999999,0.0,4.85
2022-01-05,23.1,10.1,0.5,4.43,23.45,0.31520833333333337,68.41666666666667,0.69875,7.441666666666666,0.5,4.43
2022-01-06,22.1,9.2,0.4,3.8,21.19,0.31395833333333334,78.0,0.4604166666666667,6.875,0.4,3.8
2022-01-07,22.0,11.2,1.3,4.37,23.86,0.30620833333333336,78.79166666666667,0.48291666666666666,5.5625,1.3,4.37
2022-01-08,22.6,11.6,0.3,4.37,24.13,0.30033333333333334,77.75,0.5229166666666666,6.2875000000000005,0.3,4.37
2022-01-09,24.1,9.1,0.0,4.59,24.45,0.28975,69.83333333333333,0.6879166666666667,5.075,0.0,4.59
2022-01-10,22.9,10.0,0.5,4.42,23.49,0.27999999999999997,72.54166666666667,0.6158333333333333,5.695833333333333,0.5,4.42
2022-01-11,23.8,8.6,0.0,4.56,23.22,0.27037500000000003,67.70833333333333,0.7362500000000001,8.237499999999999,0.0,4.56
2022-01-12,23.9,9.4,0.0,4.73,24.86,0.262125,67.25,0.7245833333333334,8.354166666666666,0.0,4.73
2022-01-13,24.2,9.4,0.4,5.18,26.69,0.25658333333333333,63.333333333333336,0.8420833333333334,8.491666666666665,0.4,5.18
2022-01-14,25.3,8.5,0.0,5.42,27.44,0.248375,59.166666666666664,0.9470833333333334,8.979166666666666,0.0,5.42
2022-01-15,24.0,11.9,0.1,4.24,22.54,0.24287499999999998,71.04166666666667,0.6604166666666667,6.3999999999999995,0.1,4.24
2022-01-16,23.9,11.4,4.1,4.44,23.68,0.275125,74.83333333333333,0.57875,5.908333333333334,4.1,4.44
2022-01-17,22.0,13.4,1.5,3.35,17.81,0.35575,76.16666666666667,0.5191666666666667,5.770833333333333,1.5,3.35
2022-01-18,20.2,13.7,0.6,2.63,14.01,0.3737083333333333,80.45833333333333,0.38875,14.304166666666667,0.6,2.63
2022-01-19,24.1,11.5,0.2,4.91,24.59,0.3511666666666667,62.25,0.86,11.354166666666666,0.2,4.91
2022-01-20,24.7,9.6,0.1,4.73,24.84,0.3265,67.83333333333333,0.7720833333333333,7.7,0.1,4.73
2022-01-21,23.9,12.7,1.6,4.52,23.66,0.312125,70.83333333333333,0.6916666666666668,10.529166666666667,1.6,4.52
2022-01-22,25.5,10.6,0.0,5.02,25.87,0.29741666666666666,66.83333333333333,0.7991666666666667,8.870833333333334,0.0,5.02
2022-01-23,25.2,11.4,0.0,5.03,25.48,0.2800833333333333,64.625,0.8479166666666668,9.291666666666666,0.0,5.03
2022-01-24,24.7,12.5,0.0,4.68,22.28,0.2705,60.291666666666664,0.915,11.704166666666666,0.0,4.68
2022-01-25,26.0,10.9,0.0,5.4,26.77,0.261,59.708333333333336,0.9866666666666667,9.725,0.0,5.4
2022-01-26,24.4,9.4,0.0,5.39,28.08,0.24675,62.541666666666664,0.8416666666666667,7.854166666666667,0.0,5.39
2022-01-27,24.1,9.4,0.0,5.34,28.2,0.236125,66.58333333333333,0.7637499999999999,7.895833333333333,0.0,5.34
2022-01-28,25.3,10.4,0.0,5.25,26.07,0.22741666666666668,62.833333333333336,0.9179166666666667,9.491666666666667,0.0,5.25
2022-01-29,25.0,12.9,0.7,4.81,24.69,0.22283333333333333,70.58333333333333,0.7545833333333333,8.174999999999999,0.7,4.81
2022-01-30,24.2,10.7,0.1,4.97,26.04,0.22554166666666667,71.58333333333333,0.7041666666666666,7.229166666666667,0.1,4.97
2022-01-31,23.4,13.6,0.2,3.65,18.34,0.20766666666666667,71.375,0.67125,6.420833333333333,0.2,3.65
2022-02-01,24.6,12.6,1.0,4.54,24.13,0.20391666666666666,74.29166666666667,0.6104166666666667,7.020833333333333,1.0,4.54
2022-02-02,25.5,13.9,8.8,4.91,25.21,0.224,71.33333333333333,0.7508333333333334,7.6875,8.8,4.91
2022-02-03,24.2,11.6,2.2,4.28,22.74,0.25775,76.04166666666667,0.5712499999999999,6.470833333333334,2.2,4.28
2022-02-04,25.9,10.6,0.0,5.19,26.18,0.23883333333333334,65.70833333333333,0.9,8.475,0.0,5.19
2022-02-05,26.7,12.0,0.1,5.37,25.41,0.21462499999999998,56.916666666666664,1.0645833333333334,9.520833333333334,0.1,5.37
2022-02-06,26.5,11.6,0.0,4.96,23.69,0.201375,64.20833333333333,0.9058333333333333,9.770833333333334,0.0,4.96
2022-02-07,25.9,10.9,0.2,4.42,22.55,0.19175,68.08333333333333,0.7512500000000001,7.579166666666667,0.2,4.42
2022-02-08,24.4,10.9,0.1,5.09,25.65,0.18966666666666665,66.375,0.8166666666666668,8.258333333333333,0.1,5.09
2022-02-09,25.6,11.6,0.0,5.52,27.51,0.18325,58.083333333333336,1.0183333333333333,8.229166666666666,0.0,5.52
2022-02-10,26.6,10.4,0.1,5.78,28.27,0.17866666666666667,56.416666666666664,1.0887499999999999,8.862499999999999,0.1,5.78
2022-02-11,25.6,10.5,0.7,5.11,25.67,0.17633333333333334,64.41666666666667,0.87,7.941666666666666,0.7,5.11
2022-02-12,26.5,12.1,0.1,5.0,25.0,0.17808333333333334,66.04166666666667,0.8804166666666666,8.475,0.1,5.0
2022-02-13,26.6,10.4,0.0,5.61,27.99,0.17333333333333334,64.29166666666667,0.9483333333333334,8.362499999999999,0.0,5.61
2022-02-14,27.2,11.4,0.2,5.54,26.51,0.1685,61.791666666666664,1.0495833333333333,8.904166666666667,0.2,5.54
2022-02-15,26.6,12.8,0.1,5.26,25.15,0.16383333333333336,61.166666666666664,0.9916666666666667,9.125,0.1,5.26
2022-02-16,26.8,10.8,0.1,5.23,25.41,0.16241666666666668,60.958333333333336,0.9916666666666667,6.9125000000000005,0.1,5.23
2022-02-17,27.0,11.9,0.2,5.5,25.73,0.160125,57.5,1.1104166666666666,8.3875,0.2,5.5
2022-02-18,25.9,12.9,0.0,5.39,26.34,0.15391666666666667,60.666666666666664,1.00125,8.116666666666667,0.0,5.39
2022-02-19,26.9,13.4,0.9,5.15,25.01,0.165625,61.416666666666664,1.0066666666666666,6.854166666666667,0.9,5.15
2022-02-20,26.4,13.2,0.2,5.28,24.51,0.16504166666666667,57.583333333333336,1.1079166666666667,8.841666666666667,0.2,5.28
2022-02-21,26.9,10.6,0.4,4.94,22.99,0.16116666666666668,59.291666666666664,1.0495833333333333,7.9375,0.4,4.94
2022-02-22,25.6,14.1,4.5,4.77,24.77,0.18787500000000001,70.875,0.7104166666666667,8.304166666666667,4.5,4.77
2022-02-23,25.2,13.0,12.5,3.96,20.95,0.28883333333333333,76.25,0.5566666666666666,6.229166666666667,12.5,3.96
2022-02-24,21.2,13.4,13.2,3.14,16.86,0.37470833333333337,80.29166666666667,0.41124999999999995,5.229166666666667,13.2,3.14
2022-02-25,23.1,11.2,0.7,4.37,23.32,0.34170833333333334,76.95833333333333,0.5433333333333333,6.645833333333333,0.7,4.37
2022-02-26,24.2,10.9,1.0,4.59,24.22,0.309375,72.25,0.6704166666666667,6.941666666666666,1.0,4.59
2022-02-27,26.2,9.9,0.0,5.56,27.19,0.2820416666666667,61.958333333333336,0.98375,8.629166666666666,0.0,5.56
2022-02-28,24.9,9.9,0.6,5.44,27.07,0.261125,61.375,0.9079166666666666,9.341666666666667,0.6,5.44
2022-03-01,23.6,13.4,1.7,4.77,24.95,0.24908333333333332,70.25,0.7091666666666666,8.279166666666667,1.7,4.77
2022-03-02,22.8,11.6,0.7,4.6,23.77,0.23875000000000002,65.75,0.7766666666666667,6.745833333333334,0.7,4.6
2022-03-03,26.9,11.4,0.0,5.87,27.52,0.22220833333333334,50.583333333333336,1.2070833333333333,11.049999999999999,0.0,5.87
2022-03-04,27.0,11.6,0.0,5.78,28.13,0.205,54.541666666666664,1.1908333333333332,9.299999999999999,0.0,5.78
2022-03-05,25.4,9.1,0.0,5.68,27.55,0.19466666666666668,55.708333333333336,1.04625,8.795833333333333,0.0,5.68
2022-03-06,26.6,9.4,0.0,5.54,27.16,0.1884583333333333,59.041666666666664,1.0183333333333333,8.983333333333333,0.0,5.54
2022-03-07,27.4,10.4,0.1,5.66,27.45,0.18241666666666667,62.0,1.0129166666666667,9.804166666666667,0.1,5.66
2022-03-08,26.4,13.9,0.2,5.37,26.1,0.174625,63.958333333333336,0.9445833333333334,9.3625,0.2,5.37
2022-03-09,26.5,10.9,0.0,5.44,25.83,0.16391666666666668,61.458333333333336,1.0116666666666667,8.658333333333333,0.0,5.44
2022-03-10,26.4,10.3,0.0,5.53,26.5,0.15916666666666668,60.25,1.0291666666666666,8.570833333333333,0.0,5.53
2022-03-11,26.2,11.6,0.0,5.63,26.83,0.14675,58.166666666666664,1.0891666666666666,8.995833333333334,0.0,5.63
2022-03-12,27.0,10.4,0.0,5.85,26.69,0.141875,55.375,1.1770833333333333,10.041666666666666,0.0,5.85
2022-03-13,28.2,10.0,0.0,6.04,27.74,0.13625,48.916666666666664,1.3733333333333333,8.920833333333333,0.0,6.04
2022-03-14,25.8,12.2,0.1,5.37,25.15,0.13233333333333333,56.291666666666664,1.09375,9.191666666666666,0.1,5.37
2022-03-15,27.5,10.4,0.0,5.57,25.9,0.12941666666666665,55.75,1.16375,8.970833333333333,0.0,5.57
2022-03-16,28.0,11.9,0.0,5.61,26.34,0.12604166666666666,55.333333333333336,1.2075,7.325,0.0,5.61
2022-03-17,28.0,12.8,0.0,5.4,25.11,0.12291666666666667,52.583333333333336,1.3399999999999999,7.216666666666666,0.0,5.4
2022-03-18,25.2,10.1,0.0,5.31,25.75,0.122,52.791666666666664,1.1233333333333333,7.3875,0.0,5.31
2022-03-19,25.7,12.5,0.0,5.26,25.68,0.12233333333333334,61.75,0.9854166666666666,8.0875,0.0,5.26
2022-03-20,26.5,15.9,0.1,5.34,24.58,0.12054166666666666,56.708333333333336,1.1354166666666667,8.854166666666666,0.1,5.34
2022-03-21,25.5,15.7,0.4,5.44,24.52,0.12025000000000001,58.875,1.0320833333333332,11.049999999999999,0.4,5.44
2022-03-22,24.2,15.8,0.9,5.07,24.04,0.12095833333333333,58.458333333333336,1.0258333333333334,9.183333333333334,0.9,5.07
2022-03-23,24.6,13.3,0.2,5.23,25.77,0.12083333333333333,58.125,1.0262499999999999,8.225,0.2,5.23
2022-03-24,25.5,12.3,2.5,4.91,24.58,0.12841666666666665,64.33333333333333,0.87125,6.741666666666666,2.5,4.91
2022-03-25,25.9,12.9,3.7,4.66,22.69,0.18395833333333333,67.58333333333333,0.805,8.870833333333334,3.7,4.66
2022-03-26,24.5,14.2,12.5,3.84,20.28,0.24366666666666667,76.125,0.5625,8.366666666666667,12.5,3.84
2022-03-27,22.1,12.8,1.1,3.41,18.55,0.28454166666666664,82.625,0.3983333333333334,6.283333333333334,1.1,3.41
2022-03-28,24.6,13.9,12.5,3.97,21.07,0.32616666666666666,81.29166666666667,0.44208333333333333,7.1499999999999995,12.5,3.97
2022-03-29,22.0,14.0,1.2,3.72,19.47,0.3277083333333333,78.375,0.49125,8.075000000000001,1.2,3.72
2022-03-30,23.8,11.9,1.1,4.11,22.2,0.31633333333333336,79.33333333333333,0.4870833333333333,5.25,1.1,4.11
2022-03-31,22.2,14.6,3.4,3.96,21.23,0.314875,78.79166666666667,0.48666666666666664,7.191666666666666,3.4,3.96
2022-04-01,21.5,14.8,4.1,3.26,18.29,0.311125,84.04166666666667,0.3433333333333333,8.083333333333334,4.1,3.26
2022-04-02,21.5,15.5,14.5,3.08,15.25,0.308375,76.375,0.5083333333333333,10.316666666666666,14.5,3.08
2022-04-03,22.2,15.2,1.3,4.08,21.73,0.285125,71.875,0.6195833333333333,9.145833333333334,1.3,4.08
2022-04-04,24.2,13.6,4.3,4.49,23.66,0.2715,73.66666666666667,0.6129166666666667,6.808333333333334,4.3,4.49
2022-04-05,24.6,13.5,0.1,4.99,25.58,0.271125,69.58333333333333,0.7445833333333334,7.375,0.1,4.99
2022-04-06,23.8,12.9,4.8,3.91,19.77,0.262125,70.125,0.6470833333333333,8.829166666666667,4.8,3.91
2022-04-07,23.0,13.9,0.5,4.75,24.36,0.23954166666666665,66.25,0.7566666666666667,7.841666666666666,0.5,4.75
2022-04-08,23.0,14.1,0.3,4.63,24.25,0.22833333333333336,66.79166666666667,0.7591666666666667,8.424999999999999,0.3,4.63
2022-04-09,22.7,13.4,0.8,4.21,21.94,0.22075,70.70833333333333,0.655,9.966666666666667,0.8,4.21
2022-04-10,22.4,14.7,1.4,3.69,19.52,0.20970833333333336,75.41666666666667,0.5420833333333334,10.012500000000001,1.4,3.69
2022-04-11,23.9,14.8,0.2,4.46,22.17,0.19887500000000002,67.08333333333333,0.785,10.654166666666667,0.2,4.46
2022-04-12,24.5,12.6,1.8,4.7,24.82,0.19579166666666667,69.08333333333333,0.72125,7.704166666666667,1.8,4.7
2022-04-13,24.8,13.1,7.1,3.95,21.48,0.21245833333333333,78.79166666666667,0.5,8.8125,7.1,3.95
2022-04-14,23.2,14.4,4.0,4.04,22.33,0.254375,81.20833333333333,0.4475,9.854166666666666,4.0,4.04
2022-04-15,23.2,15.0,2.3,3.99,22.35,0.2942916666666667,80.375,0.44916666666666666,10.0875,2.3,3.99
2022-04-16,24.1,12.0,0.2,4.77,25.62,0.27229166666666665,72.79166666666667,0.6704166666666667,8.1,0.2,4.77
2022-04-17,24.4,12.4,1.0,4.32,23.18,0.2545,76.375,0.56125,6.108333333333333,1.0,4.32
2022-04-18,23.2,12.9,7.4,3.91,22.15,0.3175,85.58333333333333,0.3454166666666667,6.620833333333334,7.4,3.91
2022-04-19,22.8,14.1,16.2,3.5,20.07,0.3363333333333333,85.91666666666667,0.32125,8.529166666666667,16.2,3.5
2022-04-20,22.9,14.6,5.2,3.66,20.63,0.35308333333333336,86.29166666666667,0.31958333333333333,8.504166666666666,5.2,3.66
2022-04-21,22.3,14.5,6.9,3.83,21.71,0.36391666666666667,84.58333333333333,0.3625,8.658333333333333,6.9,3.83
2022-04-22,23.1,14.2,14.7,3.42,18.56,0.3724166666666667,86.58333333333333,0.305,6.091666666666666,14.7,3.42
2022-04-23,23.1,12.6,14.6,3.56,19.55,0.37683333333333335,85.625,0.3225,5.8500000000000005,14.6,3.56
2022-04-24,21.6,15.4,2.7,3.64,20.44,0.37895833333333334,82.70833333333333,0.37916666666666665,9.079166666666667,2.7,3.64
2022-04-25,22.6,15.2,1.9,4.09,23.45,0.35437499999999994,81.875,0.4116666666666667,8.854166666666666,1.9,4.09
2022-04-26,23.0,13.4,2.7,4.08,23.45,0.34804166666666664,85.375,0.3429166666666667,6.995833333333334,2.7,4.08
2022-04-27,22.6,12.9,5.3,3.51,20.29,0.3619583333333333,86.29166666666667,0.3129166666666667,7.745833333333334,5.3,3.51
2022-04-28,20.5,13.4,11.4,2.96,17.69,0.387125,89.5,0.22375,9.066666666666666,11.4,2.96
2022-04-29,21.5,14.2,4.6,3.88,22.63,0.37833333333333335,83.83333333333333,0.36999999999999994,11.020833333333334,4.6,3.88
2022-04-30,22.6,14.6,2.8,3.85,21.43,0.36525,82.16666666666667,0.4091666666666667,9.299999999999999,2.8,3.85
2022-05-01,22.6,14.2,11.6,3.45,20.17,0.4067083333333333,86.95833333333333,0.28291666666666665,9.191666666666666,11.6,3.45
2022-05-02,22.2,13.5,6.1,3.99,23.55,0.3957916666666667,83.04166666666667,0.37625,10.125,6.1,3.99
2022-05-03,21.4,14.4,7.3,3.57,20.76,0.3907083333333334,85.58333333333333,0.315,9.395833333333334,7.3,3.57
2022-05-04,20.9,13.2,3.2,3.54,20.51,0.3824166666666667,83.875,0.35125,10.15,3.2,3.54
2022-05-05,20.5,14.0,6.8,2.96,17.92,0.399,89.125,0.2275,10.35,6.8,2.96
2022-05-06,21.8,13.8,5.2,3.81,22.02,0.391125,84.66666666666667,0.345,9.170833333333333,5.2,3.81
2022-05-07,22.6,14.4,1.1,3.91,22.52,0.384875,85.0,0.34708333333333335,9.2125,1.1,3.91
2022-05-08,23.2,13.9,0.6,3.97,22.26,0.37004166666666666,79.54166666666667,0.46291666666666664,8.133333333333333,0.6,3.97
2022-05-09,22.6,13.3,2.2,3.94,22.72,0.3538333333333333,82.33333333333333,0.3970833333333333,7.9624999999999995,2.2,3.94
2022-05-10,22.9,13.6,1.9,3.94,22.34,0.342,80.375,0.44916666666666666,8.541666666666666,1.9,3.94
2022-05-11,22.3,14.4,2.6,3.93,22.06,0.34400000000000003,79.625,0.4566666666666667,8.620833333333334,2.6,3.93
2022-05-12,22.5,14.3,1.3,4.4,24.59,0.33641666666666664,75.875,0.5458333333333333,9.379166666666666,1.3,4.4
2022-05-13,22.2,11.4,2.0,4.27,24.24,0.3224166666666667,77.79166666666667,0.48125,7.816666666666666,2.0,4.27
2022-05-14,22.4,12.6,0.2,4.12,23.3,0.312875,78.45833333333333,0.48208333333333336,8.745833333333334,0.2,4.12
2022-05-15,21.5,14.4,0.7,4.11,23.6,0.3056666666666667,75.875,0.5170833333333333,9.991666666666667,0.7,4.11
2022-05-16,20.6,13.8,2.6,3.29,19.0,0.30995833333333334,81.08333333333333,0.3870833333333333,11.200000000000001,2.6,3.29
2022-05-17,20.5,12.9,2.1,3.2,18.24,0.31116666666666665,80.70833333333333,0.3970833333333333,10.145833333333334,2.1,3.2
2022-05-18,20.4,13.8,2.5,2.69,15.14,0.3325,83.04166666666667,0.3441666666666667,11.0625,2.5,2.69
2022-05-19,22.3,12.9,0.8,4.1,23.94,0.3256666666666667,79.08333333333333,0.44875,8.608333333333333,0.8,4.1
2022-05-20,21.5,13.6,2.9,3.47,20.13,0.31583333333333335,81.41666666666667,0.3854166666666667,9.225,2.9,3.47
2022-05-21,22.2,11.8,0.1,4.13,23.54,0.29824999999999996,78.0,0.4841666666666667,7.908333333333334,0.1,4.13
2022-05-22,23.5,13.4,0.9,4.28,23.45,0.2854583333333333,78.91666666666667,0.4908333333333333,6.108333333333333,0.9,4.28
2022-05-23,23.6,11.9,0.8,4.05,22.47,0.2954583333333333,78.45833333333333,0.49041666666666667,6.845833333333334,0.8,4.05
2022-05-24,23.1,11.6,0.0,4.26,23.96,0.29724999999999996,75.79166666666667,0.54625,8.720833333333333,0.0,4.26
2022-05-25,22.6,14.6,3.2,3.78,21.3,0.285875,81.125,0.42083333333333334,8.516666666666667,3.2,3.78
2022-05-26,22.9,12.3,0.8,3.98,22.43,0.285,80.0,0.44916666666666666,7.516666666666667,0.8,3.98
2022-05-27,22.0,13.7,3.1,3.59,20.2,0.27558333333333335,83.125,0.37708333333333327,7.7749999999999995,3.1,3.59
2022-05-28,21.0,13.4,1.1,3.57,20.64,0.26695833333333335,82.41666666666667,0.3775,8.9625,1.1,3.57
2022-05-29,20.6,13.2,6.4,3.13,18.68,0.297875,85.79166666666667,0.2866666666666667,8.770833333333334,6.4,3.13
2022-05-30,19.8,13.1,2.3,3.27,19.68,0.3084166666666667,83.83333333333333,0.3179166666666667,9.025,2.3,3.27
2022-05-31,21.0,12.9,1.9,3.29,19.16,0.3119166666666667,81.125,0.38625,9.9625,1.9,3.29
2022-06-01,20.1,13.9,5.2,2.93,17.23,0.33383333333333337,85.5,0.29583333333333334,10.720833333333333,5.2,2.93
2022-06-02,19.8,13.6,6.0,3.2,19.41,0.33670833333333333,83.875,0.32083333333333336,12.333333333333334,6.0,3.2
2022-06-03,20.0,12.4,2.3,3.37,20.02,0.3269166666666667,80.25,0.3908333333333333,11.9,2.3,3.37
2022-06-04,20.8,11.5,0.1,3.75,21.5,0.30854166666666666,74.04166666666667,0.5229166666666667,11.4125,0.1,3.75
2022-06-05,22.0,9.3,0.3,4.2,24.12,0.28662499999999996,74.04166666666667,0.545,9.25,0.3,4.2
2022-06-06,21.2,9.6,1.3,3.8,22.33,0.2740416666666667,79.45833333333333,0.4245833333333333,8.870833333333334,1.3,3.8
2022-06-07,20.4,13.4,2.2,3.58,21.23,0.28179166666666666,80.625,0.3970833333333333,11.454166666666666,2.2,3.58
2022-06-08,20.1,12.4,2.2,2.99,17.25,0.29362499999999997,79.91666666666667,0.4033333333333333,9.841666666666667,2.2,2.99
2022-06-09,20.6,10.1,0.3,3.84,22.65,0.28258333333333335,76.08333333333333,0.48,8.358333333333333,0.3,3.84
2022-06-10,19.9,10.9,0.8,3.49,20.57,0.2699166666666667,79.33333333333333,0.40208333333333335,8.008333333333333,0.8,3.49
2022-06-11,21.5,13.1,0.6,3.73,20.7,0.2659166666666667,75.33333333333333,0.5216666666666666,10.416666666666666,0.6,3.73
2022-06-12,21.0,13.1,0.6,3.69,20.95,0.26329166666666665,76.54166666666667,0.48875,10.754166666666668,0.6,3.69
2022-06-13,19.9,13.4,4.6,3.05,17.78,0.29058333333333336,81.83333333333333,0.355,9.5,4.6,3.05
2022-06-14,21.5,12.8,1.8,3.73,21.04,0.29804166666666665,78.83333333333333,0.4483333333333333,8.329166666666667,1.8,3.73
2022-06-15,22.2,11.2,0.0,3.94,22.43,0.2800416666666667,78.375,0.46875,7.8374999999999995,0.0,3.94
2022-06-16,21.2,13.1,1.1,3.71,20.98,0.27870833333333334,75.625,0.50875,11.012500000000001,1.1,3.71
2022-06-17,19.6,10.6,0.5,3.09,17.62,0.26929166666666665,76.20833333333333,0.44708333333333333,11.2125,0.5,3.09
2022-06-18,21.1,12.6,0.9,3.61,20.91,0.2649166666666667,77.0,0.455,10.733333333333334,0.9,3.61
2022-06-19,19.2,12.1,1.1,2.75,15.78,0.25370833333333337,81.25,0.3529166666666667,10.058333333333334,1.1,2.75
2022-06-20,18.2,12.8,0.9,2.04,11.53,0.25304166666666666,84.41666666666667,0.27958333333333335,11.241666666666667,0.9,2.04
2022-06-21,21.3,11.9,0.4,3.63,20.98,0.2519166666666667,75.70833333333333,0.4825,10.266666666666667,0.4,3.63
2022-06-22,21.2,9.4,0.0,3.91,22.81,0.2383333333333333,75.45833333333333,0.4891666666666667,7.904166666666666,0.0,3.91
2022-06-23,19.2,12.1,2.5,2.77,15.8,0.235,81.04166666666667,0.36000000000000004,11.745833333333332,2.5,2.77
2022-06-24,18.5,12.2,4.5,2.74,16.09,0.2844583333333333,82.25,0.33416666666666667,12.441666666666668,4.5,2.74
2022-06-25,19.5,12.2,2.6,2.89,16.78,0.294375,81.875,0.3425,9.895833333333334,2.6,2.89
2022-06-26,20.2,11.9,1.0,3.36,19.27,0.283375,78.0,0.43,10.154166666666667,1.0,3.36
2022-06-27,18.5,11.6,1.0,2.87,16.71,0.26983333333333337,76.79166666666667,0.41583333333333333,11.741666666666667,1.0,2.87
2022-06-28,18.7,11.6,2.7,3.06,17.88,0.27395833333333336,77.29166666666667,0.41250000000000003,12.612499999999999,2.7,3.06
2022-06-29,19.5,8.6,0.1,3.49,20.62,0.26329166666666665,74.625,0.46875,10.299999999999999,0.1,3.49
2022-06-30,19.2,12.3,2.2,2.87,16.61,0.27220833333333333,79.20833333333333,0.39666666666666667,11.533333333333333,2.2,2.87
2022-07-01,18.2,11.4,1.9,3.15,19.19,0.27408333333333335,79.375,0.36624999999999996,11.741666666666667,1.9,3.15
2022-07-02,19.8,11.9,1.3,3.38,19.5,0.2745,77.375,0.44250000000000006,10.7875,1.3,3.38
2022-07-03,21.2,10.1,0.0,3.99,23.32,0.26166666666666666,71.0,0.5745833333333333,9.7875,0.0,3.99
2022-07-04,20.7,7.7,0.0,4.02,23.17,0.24483333333333332,68.95833333333333,0.5833333333333334,7.970833333333334,0.0,4.02
2022-07-05,20.8,11.8,0.9,2.91,16.14,0.23404166666666668,79.66666666666667,0.38999999999999996,7.554166666666667,0.9,2.91
2022-07-06,20.7,11.1,0.8,3.42,19.22,0.23483333333333334,80.375,0.40208333333333335,7.279166666666666,0.8,3.42
2022-07-07,18.4,11.2,0.2,2.68,16.11,0.2552083333333333,81.20833333333333,0.3325,11.174999999999999,0.2,2.68
2022-07-08,16.5,12.2,4.4,1.72,9.89,0.27416666666666667,86.33333333333333,0.22541666666666668,12.379166666666668,4.4,1.72
2022-07-09,15.4,11.4,4.5,1.63,9.54,0.30924999999999997,86.25,0.21666666666666667,12.275,4.5,1.63
2022-07-10,17.8,11.1,1.4,2.55,14.19,0.31883333333333336,78.83333333333333,0.3670833333333334,12.716666666666667,1.4,2.55
2022-07-11,18.5,11.3,3.9,2.33,14.08,0.32937500000000003,83.33333333333333,0.2970833333333333,13.916666666666666,3.9,2.33
2022-07-12,16.6,12.0,8.3,1.77,11.04,0.357625,88.33333333333333,0.19166666666666665,13.450000000000001,8.3,1.77
2022-07-13,20.8,11.1,1.4,3.97,22.72,0.3491666666666667,73.625,0.5275,11.945833333333333,1.4,3.97
2022-07-14,19.3,9.8,0.7,3.12,17.86,0.31683333333333336,76.25,0.43875,11.220833333333333,0.7,3.12
2022-07-15,20.0,12.8,1.8,3.23,18.29,0.31020833333333336,80.125,0.40291666666666665,11.4125,1.8,3.23
2022-07-16,19.8,12.7,1.9,2.87,16.14,0.31083333333333335,80.04166666666667,0.3875,11.966666666666667,1.9,2.87
2022-07-17,17.9,12.4,2.2,2.35,13.84,0.3104166666666667,83.5,0.28625,12.0375,2.2,2.35
2022-07-18,18.2,11.8,3.9,2.83,16.53,0.32583333333333336,79.625,0.36541666666666667,12.3125,3.9,2.83
2022-07-19,16.9,12.4,3.2,1.79,10.08,0.33108333333333334,84.66666666666667,0.25916666666666666,12.950000000000001,3.2,1.79
2022-07-20,18.8,11.3,1.3,2.84,15.94,0.3284166666666667,78.875,0.38958333333333334,13.266666666666666,1.3,2.84
2022-07-21,17.5,11.6,3.3,2.26,12.61,0.3421666666666667,82.29166666666667,0.31124999999999997,13.383333333333333,3.3,2.26
2022-07-22,17.8,11.4,1.7,2.52,15.0,0.3484583333333333,81.20833333333333,0.3283333333333333,12.233333333333334,1.7,2.52
2022-07-23,17.7,11.0,1.7,2.67,16.07,0.3425833333333333,79.54166666666667,0.3458333333333334,12.529166666666667,1.7,2.67
2022-07-24,21.0,10.1,0.6,3.82,22.18,0.31704166666666667,78.08333333333333,0.44208333333333333,9.9625,0.6,3.82
2022-07-25,18.6,11.2,0.7,2.64,14.91,0.3017083333333333,79.79166666666667,0.36874999999999997,11.591666666666667,0.7,2.64
2022-07-26,19.0,12.4,3.8,2.48,13.73,0.31795833333333334,80.66666666666667,0.3516666666666666,13.475,3.8,2.48
2022-07-27,19.0,11.4,0.5,3.04,17.95,0.311625,77.0,0.41500000000000004,11.2875,0.5,3.04
2022-07-28,18.0,12.1,2.1,2.26,12.95,0.3136666666666667,82.91666666666667,0.31124999999999997,10.924999999999999,2.1,2.26
2022-07-29,18.3,12.6,2.5,2.58,15.24,0.3199166666666667,84.20833333333333,0.29,9.2125,2.5,2.58
2022-07-30,19.7,10.2,1.8,3.4,20.37,0.3162916666666667,84.29166666666667,0.31708333333333333,9.174999999999999,1.8,3.4
2022-07-31,19.5,12.8,3.4,3.07,17.9,0.32083333333333336,83.66666666666667,0.31708333333333333,9.65,3.4,3.07
2022-08-01,18.6,12.6,3.9,2.22,12.74,0.316375,85.66666666666667,0.2604166666666667,12.125,3.9,2.22
2022-08-02,15.6,12.2,4.3,1.1,6.06,0.35125,93.0,0.11041666666666666,11.141666666666666,4.3,1.1
2022-08-03,17.2,11.8,1.1,1.93,10.85,0.35070833333333334,84.625,0.25333333333333335,10.258333333333333,1.1,1.93
2022-08-04,15.9,11.9,4.2,1.62,9.46,0.3602916666666667,87.54166666666667,0.2025,12.516666666666667,4.2,1.62
2022-08-05,16.2,11.9,4.0,1.83,10.97,0.36520833333333336,87.0,0.21208333333333332,11.591666666666667,4.0,1.83
2022-08-06,17.2,11.4,1.6,2.12,12.86,0.358875,85.58333333333333,0.245,11.504166666666668,1.6,2.12
2022-08-07,17.9,9.6,0.3,3.07,19.59,0.3369166666666667,82.70833333333333,0.2966666666666667,10.8375,0.3,3.07
2022-08-08,16.5,9.9,0.7,2.28,14.37,0.3275,83.95833333333333,0.26416666666666666,11.262500000000001,0.7,2.28
2022-08-09,17.5,10.2,0.6,2.59,16.02,0.3147083333333333,83.75,0.2808333333333333,10.35,0.6,2.59
2022-08-10,19.2,11.6,0.8,3.16,18.21,0.30275,77.04166666666667,0.43375,12.2875,0.8,3.16
2022-08-11,17.5,12.3,7.9,1.98,11.19,0.3409166666666667,85.83333333333333,0.25166666666666665,13.054166666666667,7.9,1.98
2022-08-12,16.4,11.5,4.7,1.94,11.56,0.3581666666666667,85.66666666666667,0.24,12.25,4.7,1.94
2022-08-13,16.0,12.0,3.3,1.52,8.76,0.349,89.04166666666667,0.18000000000000002,9.2125,3.3,1.52
2022-08-14,19.5,11.7,2.2,2.68,15.54,0.3491666666666666,87.45833333333333,0.23708333333333334,8.804166666666667,2.2,2.68
2022-08-15,19.4,13.0,2.2,2.69,15.3,0.3661666666666667,86.41666666666667,0.265,9.5375,2.2,2.69
2022-08-16,19.9,13.0,1.6,2.61,15.17,0.35870833333333335,86.45833333333333,0.26375,9.9125,1.6,2.61
2022-08-17,16.7,12.0,4.5,1.86,11.25,0.36725,87.0,0.22166666666666668,13.445833333333333,4.5,1.86
2022-08-18,20.5,8.7,0.0,4.46,26.55,0.33879166666666666,72.45833333333333,0.5304166666666666,10.375,0.0,4.46
2022-08-19,21.1,8.8,0.0,4.58,26.02,0.316,69.04166666666667,0.6195833333333333,9.358333333333333,0.0,4.58
2022-08-20,23.6,8.1,1.8,4.32,23.48,0.29675,71.83333333333333,0.61375,6.795833333333333,1.8,4.32
2022-08-21,22.5,9.1,2.4,4.06,21.69,0.2894583333333333,71.91666666666667,0.6020833333333333,8.333333333333334,2.4,4.06
2022-08-22,19.7,12.2,0.5,3.64,20.34,0.30383333333333334,71.5,0.5337500000000001,12.729166666666666,0.5,3.64
2022-08-23,20.1,8.7,0.1,3.96,24.0,0.287375,74.08333333333333,0.47291666666666665,12.075000000000001,0.1,3.96
2022-08-24,18.6,12.1,4.5,2.99,17.16,0.29612499999999997,75.41666666666667,0.43583333333333335,14.262500000000001,4.5,2.99
2022-08-25,18.0,11.1,0.6,2.8,16.55,0.29233333333333333,77.29166666666667,0.3879166666666667,10.799999999999999,0.6,2.8
2022-08-26,19.1,11.8,2.0,2.84,16.87,0.29020833333333335,83.0,0.315,10.558333333333334,2.0,2.84
2022-08-27,16.6,12.5,6.6,1.77,10.79,0.31858333333333333,88.375,0.19208333333333336,12.716666666666667,6.6,1.77
2022-08-28,18.8,11.8,1.3,2.82,16.56,0.3257083333333333,81.95833333333333,0.32625,9.591666666666667,1.3,2.82
2022-08-29,21.3,11.6,3.0,3.78,21.68,0.30833333333333335,80.79166666666667,0.38916666666666666,7.966666666666666,3.0,3.78
2022-08-30,22.0,11.4,0.1,4.47,25.11,0.29075,72.375,0.5791666666666667,8.9125,0.1,4.47
2022-08-31,19.6,11.9,1.1,3.29,19.78,0.27458333333333335,79.375,0.38999999999999996,11.691666666666665,1.1,3.29
2022-09-01,19.7,12.2,1.8,2.97,16.53,0.2824583333333333,76.83333333333333,0.43416666666666665,11.579166666666666,1.8,2.97
2022-09-02,19.0,10.2,0.4,3.28,20.26,0.276,80.625,0.3475,9.716666666666667,0.4,3.28
2022-09-03,18.5,11.7,0.8,2.77,16.42,0.27229166666666665,81.16666666666667,0.3425,10.612499999999999,0.8,2.77
2022-09-04,20.1,11.1,4.3,3.26,19.52,0.2754166666666667,83.33333333333333,0.31916666666666665,8.012500000000001,4.3,3.26
2022-09-05,20.3,11.9,23.9,2.86,16.46,0.34650000000000003,87.54166666666667,0.24916666666666668,6.495833333333334,23.9,2.86
2022-09-06,21.0,11.1,10.8,2.91,16.42,0.3581666666666667,87.70833333333333,0.255,7.008333333333334,10.8,2.91
2022-09-07,18.8,13.6,4.1,2.42,14.48,0.380625,89.54166666666667,0.19416666666666668,9.799999999999999,4.1,2.42
2022-09-08,17.2,12.2,2.1,2.06,11.97,0.3819166666666667,86.58333333333333,0.23124999999999998,10.924999999999999,2.1,2.06
2022-09-09,19.7,11.8,0.2,3.06,18.06,0.36241666666666666,80.125,0.3620833333333333,10.104166666666666,0.2,3.06
2022-09-10,19.1,12.9,1.4,3.29,19.7,0.35104166666666664,79.04166666666667,0.39291666666666664,9.879166666666666,1.4,3.29
2022-09-11,21.2,11.8,0.0,4.04,23.22,0.3378333333333334,76.875,0.4683333333333333,8.566666666666666,0.0,4.04
2022-09-12,20.6,12.1,0.7,3.64,21.27,0.32095833333333335,81.29166666666667,0.3779166666666667,9.35,0.7,3.64
2022-09-13,20.5,12.0,5.5,3.5,20.56,0.3173333333333333,82.33333333333333,0.36333333333333334,9.420833333333333,5.5,3.5
2022-09-14,19.2,12.9,3.2,2.8,16.72,0.3169166666666667,83.45833333333333,0.3075,11.6625,3.2,2.8
2022-09-15,18.8,12.1,4.5,3.01,17.6,0.33745833333333336,79.79166666666667,0.37625,11.358333333333334,4.5,3.01
2022-09-16,20.5,12.2,3.8,3.48,20.06,0.35391666666666666,77.20833333333333,0.44208333333333333,11.629166666666668,3.8,3.48
2022-09-17,20.6,12.8,2.3,3.54,20.28,0.3385833333333333,79.0,0.41,9.958333333333334,2.3,3.54
2022-09-18,20.7,11.2,1.8,3.99,23.53,0.327375,77.58333333333333,0.4429166666666667,9.795833333333333,1.8,3.99
2022-09-19,22.1,12.9,0.6,4.66,26.04,0.310125,71.04166666666667,0.6183333333333333,10.354166666666666,0.6,4.66
2022-09-20,21.8,13.4,1.7,4.09,23.58,0.2916666666666667,77.125,0.4841666666666667,10.025,1.7,4.09
2022-09-21,22.1,12.8,0.0,4.44,24.82,0.27479166666666666,72.0,0.6054166666666666,9.445833333333333,0.0,4.44
2022-09-22,22.2,11.5,0.0,4.52,25.14,0.259,70.875,0.6108333333333333,9.366666666666667,0.0,4.52
2022-09-23,22.4,12.4,0.2,5.07,27.88,0.24454166666666666,66.41666666666667,0.7158333333333333,12.379166666666668,0.2,5.07
2022-09-24,23.4,9.9,0.2,5.08,27.71,0.229625,66.54166666666667,0.7391666666666666,10.545833333333333,0.2,5.08
2022-09-25,21.5,12.8,7.8,4.23,23.83,0.27158333333333334,75.83333333333333,0.51375,11.795833333333334,7.8,4.23
2022-09-26,21.1,12.8,1.6,3.8,21.14,0.2662083333333333,76.25,0.49875,12.475,1.6,3.8
2022-09-27,22.1,13.4,1.2,4.68,26.26,0.26425000000000004,69.875,0.6437499999999999,12.154166666666667,1.2,4.68
2022-09-28,23.5,8.1,0.0,5.33,28.48,0.24875,63.583333333333336,0.8004166666666667,9.737499999999999,0.0,5.33
2022-09-29,22.2,10.1,0.3,4.61,25.6,0.22970833333333332,69.83333333333333,0.6316666666666667,8.775,0.3,4.61
2022-09-30,21.4,12.4,0.8,4.1,23.35,0.22012500000000002,76.54166666666667,0.4895833333333333,10.0375,0.8,4.1
2022-10-01,23.0,13.1,2.1,4.39,24.21,0.21658333333333335,77.0,0.5187499999999999,9.354166666666666,2.1,4.39
2022-10-02,23.6,11.8,0.9,4.83,25.15,0.20929166666666665,69.20833333333333,0.7433333333333333,8.445833333333333,0.9,4.83
2022-10-03,23.2,11.6,0.6,4.49,24.59,0.19954166666666664,75.41666666666667,0.5533333333333333,8.891666666666667,0.6,4.49
2022-10-04,22.3,11.2,0.5,4.41,24.45,0.19116666666666668,75.5,0.5345833333333333,9.929166666666667,0.5,4.41
2022-10-05,23.1,13.3,0.2,4.61,25.16,0.20620833333333333,71.95833333333333,0.6220833333333333,10.487499999999999,0.2,4.61
2022-10-06,22.4,14.0,4.0,3.84,21.64,0.21891666666666665,79.83333333333333,0.435,10.554166666666667,4.0,3.84
2022-10-07,22.3,13.9,1.2,4.31,23.72,0.23870833333333333,75.45833333333333,0.5475,10.3375,1.2,4.31
2022-10-08,21.7,13.1,1.5,4.22,22.86,0.2314166666666667,70.125,0.6341666666666667,11.9,1.5,4.22
2022-10-09,22.9,10.4,0.0,4.91,26.13,0.21795833333333334,62.208333333333336,0.78375,10.654166666666667,0.0,4.91
2022-10-10,22.2,11.7,0.0,4.89,26.87,0.19879166666666667,64.83333333333333,0.7483333333333334,10.908333333333333,0.0,4.89
2022-10-11,22.8,10.8,0.4,4.47,23.86,0.18866666666666668,68.16666666666667,0.6829166666666667,10.145833333333334,0.4,4.47
2022-10-12,23.4,9.3,0.1,4.96,26.28,0.178625,63.625,0.8004166666666667,8.637500000000001,0.1,4.96
2022-10-13,23.2,10.2,0.1,5.0,26.74,0.168625,64.95833333333333,0.7791666666666667,9.0625,0.1,5.0
2022-10-14,24.0,12.6,0.2,5.24,27.16,0.16208333333333333,63.875,0.8275,10.916666666666666,0.2,5.24
2022-10-15,23.7,12.5,1.7,4.66,24.38,0.15875,68.75,0.7012499999999999,9.608333333333333,1.7,4.66
2022-10-16,22.1,13.1,1.6,4.11,21.09,0.15541666666666668,69.66666666666667,0.6445833333333334,10.304166666666667,1.6,4.11
2022-10-17,22.6,13.4,3.4,3.8,20.84,0.16516666666666666,76.79166666666667,0.49875,9.045833333333333,3.4,3.8
2022-10-18,22.5,14.4,4.5,4.26,24.33,0.20041666666666666,76.20833333333333,0.5204166666666666,9.762500000000001,4.5,4.26
2022-10-19,22.4,13.4,0.8,4.29,22.92,0.1991666666666667,69.41666666666667,0.6625,9.479166666666666,0.8,4.29
2022-10-20,22.1,14.1,2.7,3.94,21.36,0.19970833333333335,70.625,0.6208333333333333,11.108333333333334,2.7,3.94
2022-10-21,23.4,12.8,0.2,4.93,26.27,0.1955,66.20833333333333,0.7479166666666667,10.816666666666665,0.2,4.93
2022-10-22,23.4,10.9,0.0,4.98,26.1,0.18312499999999998,65.25,0.7799999999999999,9.558333333333334,0.0,4.98
2022-10-23,23.1,11.3,0.0,4.56,23.91,0.17049999999999998,65.29166666666667,0.74375,9.058333333333334,0.0,4.56
2022-10-24,24.0,13.1,0.0,4.95,25.57,0.15891666666666668,65.33333333333333,0.8254166666666666,8.9125,0.0,4.95
2022-10-25,24.8,14.3,0.5,5.02,25.51,0.14716666666666667,63.875,0.8604166666666666,10.183333333333334,0.5,5.02
2022-10-26,25.5,15.1,0.6,5.27,26.3,0.13712500000000002,64.375,0.8954166666666666,10.3125,0.6,5.27
2022-10-27,24.4,15.4,0.3,4.75,24.2,0.135875,68.25,0.7691666666666667,9.737499999999999,0.3,4.75
2022-10-28,25.5,14.1,0.5,4.76,24.15,0.13562500000000002,71.625,0.7179166666666666,9.145833333333334,0.5,4.76
2022-10-29,24.5,14.8,1.2,4.43,21.68,0.13354166666666667,66.625,0.8116666666666666,10.258333333333333,1.2,4.43
2022-10-30,24.9,14.6,0.3,5.18,25.87,0.13145833333333334,63.625,0.8933333333333334,11.104166666666666,0.3,5.18
2022-10-31,22.9,13.0,4.3,3.85,20.63,0.14766666666666667,76.45833333333333,0.5287499999999999,7.804166666666667,4.3,3.85
2022-11-01,21.1,14.8,18.1,3.05,17.11,0.23991666666666667,84.29166666666667,0.3329166666666667,6.866666666666667,18.1,3.05
2022-11-02,20.9,14.4,4.3,2.76,15.22,0.362125,86.875,0.27791666666666665,8.4625,4.3,2.76
2022-11-03,19.8,14.2,9.4,2.2,12.53,0.3587916666666667,89.16666666666667,0.21083333333333334,7.55,9.4,2.2
2022-11-04,22.2,13.6,6.3,2.49,13.36,0.3682916666666667,85.875,0.29333333333333333,6.891666666666667,6.3,2.49
2022-11-05,20.8,13.6,3.0,3.51,19.88,0.339,83.70833333333333,0.3458333333333334,8.741666666666667,3.0,3.51
2022-11-06,22.0,14.4,2.8,3.31,18.49,0.33591666666666664,84.08333333333333,0.33749999999999997,7.1125,2.8,3.31
2022-11-07,21.8,13.4,2.4,3.15,17.74,0.33287500000000003,83.16666666666667,0.36333333333333334,8.466666666666667,2.4,3.15
2022-11-08,22.1,13.1,5.2,4.09,23.58,0.316125,80.95833333333333,0.4116666666666667,8.429166666666667,5.2,4.09
2022-11-09,23.1,12.1,0.0,4.31,23.73,0.30195833333333333,74.91666666666667,0.5620833333333334,8.141666666666667,0.0,4.31
2022-11-10,22.4,13.6,1.3,3.85,20.77,0.28720833333333334,75.58333333333333,0.5304166666666666,9.450000000000001,1.3,3.85
2022-11-11,20.4,13.7,1.7,2.23,12.09,0.29266666666666663,82.08333333333333,0.3541666666666667,9.275,1.7,2.23
2022-11-12,21.5,10.9,2.1,3.37,19.02,0.29483333333333334,82.0,0.3775,8.220833333333333,2.1,3.37
2022-11-13,22.1,12.6,8.5,2.95,15.8,0.33016666666666666,83.25,0.35625,5.504166666666666,8.5,2.95
2022-11-14,21.0,12.9,6.4,3.61,20.75,0.3617916666666667,84.20833333333333,0.325,6.120833333333334,6.4,3.61
2022-11-15,20.9,12.6,2.4,3.06,17.41,0.3754583333333333,86.0,0.28583333333333333,6.541666666666667,2.4,3.06
2022-11-16,19.8,13.5,9.4,2.21,12.24,0.38775000000000004,88.91666666666667,0.22375,5.1625000000000005,9.4,2.21
2022-11-17,17.5,14.6,9.6,1.15,5.48,0.405,91.625,0.15208333333333332,4.245833333333333,9.6,1.15
2022-11-18,21.7,13.7,1.7,3.04,16.05,0.40091666666666664,81.375,0.39999999999999997,6.004166666666666,1.7,3.04
2022-11-19,22.3,11.8,16.0,4.03,22.76,0.390625,83.66666666666667,0.3733333333333333,5.737500000000001,16.0,4.03
2022-11-20,22.2,12.9,16.0,3.0,16.53,0.40829166666666666,86.08333333333333,0.30375,4.75,16.0,3.0
2022-11-21,22.5,12.1,4.7,3.71,20.58,0.40829166666666666,79.5,0.4491666666666667,5.958333333333333,4.7,3.71
2022-11-22,22.0,12.0,14.5,3.18,17.88,0.4090833333333333,84.95833333333333,0.3166666666666667,5.383333333333333,14.5,3.18
2022-11-23,17.5,12.9,2.4,1.61,9.35,0.408625,90.41666666666667,0.17375,8.304166666666667,2.4,1.61
2022-11-24,19.4,13.9,3.9,1.77,9.64,0.398125,86.75,0.24875,9.35,3.9,1.77
2022-11-25,20.1,13.9,3.0,3.45,20.42,0.3770833333333334,83.25,0.3445833333333333,10.612499999999999,3.0,3.45
2022-11-26,21.0,12.6,1.3,3.49,19.9,0.3600833333333333,81.75,0.38625,9.262500000000001,1.3,3.49
2022-11-27,20.8,13.1,1.8,3.64,20.74,0.36283333333333334,83.16666666666667,0.36541666666666667,7.5874999999999995,1.8,3.64
2022-11-28,20.6,11.4,5.3,3.4,19.89,0.3715833333333333,86.875,0.26875,5.541666666666667,5.3,3.4
2022-11-29,21.8,10.8,4.0,3.32,17.86,0.384125,82.5,0.3775,7.0375000000000005,4.0,3.32
2022-11-30,20.6,12.1,7.1,3.27,19.07,0.39808333333333334,85.625,0.29333333333333333,7.304166666666667,7.1,3.27
2022-12-01,21.1,11.9,1.1,3.8,20.85,0.3822083333333333,80.66666666666667,0.41583333333333333,5.929166666666667,1.1,3.8
2022-12-02,22.0,11.8,2.1,3.77,20.29,0.37470833333333337,79.66666666666667,0.4391666666666667,6.520833333333333,2.1,3.77
2022-12-03,20.3,9.7,1.3,3.61,21.26,0.3790833333333334,82.75,0.3566666666666667,8.6875,1.3,3.61
2022-12-04,19.2,13.1,4.5,2.03,11.34,0.3742916666666667,86.875,0.25,9.7125,4.5,2.03
2022-12-05,22.1,11.9,4.3,3.43,18.6,0.37633333333333335,80.5,0.4045833333333333,5.05,4.3,3.43
2022-12-06,21.6,12.3,5.7,3.59,20.5,0.38716666666666666,82.0,0.37166666666666665,6.125,5.7,3.59
2022-12-07,21.2,13.1,1.6,3.65,20.93,0.3765416666666667,81.33333333333333,0.38958333333333334,7.1875,1.6,3.65
2022-12-08,19.5,12.9,7.0,2.97,17.1,0.3785,84.125,0.31083333333333335,7.691666666666666,7.0,2.97
2022-12-09,20.4,12.6,5.2,3.09,17.32,0.4003333333333334,85.79166666666667,0.29791666666666666,4.1125,5.2,3.09
2022-12-10,22.5,11.1,11.2,3.32,18.51,0.41358333333333336,83.83333333333333,0.3408333333333333,4.908333333333333,11.2,3.32
2022-12-11,21.6,13.2,6.6,2.64,14.27,0.40562499999999996,84.0,0.31916666666666665,4.570833333333334,6.6,2.64
2022-12-12,21.1,10.2,2.1,3.7,21.02,0.38683333333333336,81.33333333333333,0.38375000000000004,6.8,2.1,3.7
2022-12-13,21.2,13.1,3.8,3.25,18.32,0.3814583333333333,81.79166666666667,0.3666666666666667,6.183333333333334,3.8,3.25
2022-12-14,21.5,9.9,0.7,4.3,24.17,0.3765416666666667,77.33333333333333,0.50125,6.595833333333334,0.7,4.3
2022-12-15,22.4,11.6,1.1,4.32,23.61,0.36066666666666664,73.79166666666667,0.59,6.429166666666667,1.1,4.32
2022-12-16,23.0,12.9,1.8,4.38,23.8,0.34637500000000004,76.54166666666667,0.5495833333333333,6.195833333333333,1.8,4.38
2022-12-17,22.1,13.4,1.0,4.2,22.9,0.33687500000000004,77.5,0.505,6.645833333333333,1.0,4.2
2022-12-18,23.0,11.7,0.5,4.54,24.88,0.32408333333333333,75.29166666666667,0.5816666666666667,7.925,0.5,4.54
2022-12-19,22.9,11.6,1.2,4.31,23.48,0.31816666666666665,77.08333333333333,0.5475,5.520833333333333,1.2,4.31
2022-12-20,23.8,12.7,1.5,4.57,24.13,0.31404166666666666,68.91666666666667,0.73375,6.691666666666666,1.5,4.57
2022-12-21,22.4,11.1,2.6,4.34,23.75,0.30866666666666664,78.5,0.50375,5.770833333333333,2.6,4.34
2022-12-22,22.9,11.4,0.5,4.38,24.35,0.3087083333333333,78.33333333333333,0.5033333333333333,6.4375,0.5,4.38
2022-12-23,22.8,12.2,1.7,4.0,22.39,0.32304166666666667,81.20833333333333,0.4366666666666667,7.154166666666666,1.7,4.0
2022-12-24,22.3,12.4,2.1,4.32,23.9,0.32204166666666667,78.95833333333333,0.49416666666666664,5.754166666666666,2.1,4.32
2022-12-25,22.9,11.2,0.6,4.44,24.13,0.3355416666666667,76.0,0.5708333333333334,6.620833333333334,0.6,4.44
2022-12-26,23.9,11.1,4.3,4.41,24.47,0.3283333333333333,77.125,0.5266666666666667,5.916666666666667,4.3,4.41
2022-12-27,21.0,13.1,16.0,3.07,17.68,0.35833333333333334,87.625,0.26125000000000004,5.158333333333333,16.0,3.07
2022-12-28,21.5,10.7,0.6,3.62,19.65,0.3606666666666667,77.83333333333333,0.47333333333333333,5.066666666666666,0.6,3.62
2022-12-29,21.5,11.6,2.9,3.43,18.16,0.3350416666666667,74.83333333333333,0.5283333333333333,6.533333333333334,2.9,3.43
2022-12-30,21.4,11.0,0.4,3.75,20.56,0.3229166666666667,72.16666666666667,0.5608333333333334,7.183333333333334,0.4,3.75
2022-12-31,20.4,8.5,0.9,3.62,20.33,0.30745833333333333,71.625,0.545,8.3125,0.9,3.62
2023-01-01,22.0,9.8,0.0,4.22,22.33,0.2894583333333333,66.79166666666667,0.685,9.612499999999999,0.0,4.22
2023-01-02,20.4,8.9,2.5,3.35,19.34,0.289,77.25,0.43124999999999997,10.754166666666668,2.5,3.35
2023-01-03,19.6,12.8,2.9,2.06,11.11,0.31979166666666664,85.33333333333333,0.28250000000000003,10.1875,2.9,2.06
2023-01-04,22.0,12.1,2.1,3.43,19.06,0.3452916666666667,80.58333333333333,0.41291666666666665,7.766666666666667,2.1,3.43
2023-01-05,21.9,10.3,0.7,3.76,20.27,0.3424583333333333,73.54166666666667,0.58,6.554166666666667,0.7,3.76
2023-01-06,23.1,11.6,0.0,4.74,24.51,0.32054166666666667,63.416666666666664,0.79875,9.295833333333333,0.0,4.74
2023-01-07,22.6,9.9,0.2,4.5,24.24,0.297875,69.29166666666667,0.6695833333333333,6.495833333333334,0.2,4.5
2023-01-08,23.4,9.4,0.5,4.17,22.41,0.28675,71.70833333333333,0.6325,5.7250000000000005,0.5,4.17
2023-01-09,22.8,12.6,1.8,3.98,21.59,0.297125,78.625,0.47750000000000004,5.033333333333333,1.8,3.98
2023-01-10,21.8,11.6,0.9,4.26,23.16,0.33945833333333336,73.875,0.5866666666666667,6.325,0.9,4.26
2023-01-11,22.2,10.3,0.6,4.37,24.1,0.3282916666666667,72.95833333333333,0.6024999999999999,6.141666666666667,0.6,4.37
2023-01-12,24.9,10.9,0.1,4.67,24.27,0.30620833333333336,66.75,0.8095833333333333,8.066666666666666,0.1,4.67
2023-01-13,24.8,8.2,0.0,5.1,26.07,0.28570833333333334,60.916666666666664,0.8908333333333333,8.716666666666667,0.0,5.1
2023-01-14,23.3,8.4,0.0,4.96,26.4,0.2694166666666667,66.79166666666667,0.73875,7.125,0.0,4.96
2023-01-15,23.8,10.1,0.0,4.94,26.23,0.25558333333333333,65.29166666666667,0.7875,8.091666666666667,0.0,4.94
2023-01-16,23.8,10.1,0.0,4.67,24.54,0.24349999999999997,65.0,0.7679166666666667,8.970833333333333,0.0,4.67
2023-01-17,23.5,9.4,0.2,4.47,23.41,0.239,67.04166666666667,0.7404166666666666,7.708333333333333,0.2,4.47
2023-01-18,25.5,10.9,0.0,5.75,28.08,0.2304166666666667,50.291666666666664,1.16625,9.995833333333334,0.0,5.75
2023-01-19,26.1,9.6,0.0,5.7,27.31,0.21895833333333334,54.708333333333336,1.1229166666666666,10.766666666666666,0.0,5.7
2023-01-20,25.9,10.1,0.0,5.28,26.63,0.20866666666666667,62.291666666666664,0.9500000000000001,8.6,0.0,5.28
2023-01-21,26.0,10.9,0.0,5.13,24.91,0.20220833333333332,58.541666666666664,1.01625,9.5625,0.0,5.13
2023-01-22,25.6,10.6,0.0,4.9,23.77,0.19862500000000002,56.875,1.0058333333333334,8.3125,0.0,4.9
2023-01-23,25.0,10.9,0.4,4.43,22.0,0.20274999999999999,64.08333333333333,0.835,8.083333333333334,0.4,4.43
2023-01-24,23.2,9.9,0.1,4.42,23.34,0.20766666666666667,67.625,0.7275,6.4750000000000005,0.1,4.42
2023-01-25,26.8,10.2,0.0,5.0,24.67,0.20429166666666665,59.291666666666664,1.0058333333333334,7.583333333333333,0.0,5.0
2023-01-26,25.1,12.2,0.0,5.0,23.17,0.19187500000000002,54.25,1.0704166666666668,9.8125,0.0,5.0
2023-01-27,22.2,9.6,0.5,4.88,24.5,0.18366666666666664,56.208333333333336,0.8825,9.3375,0.5,4.88
2023-01-28,24.4,8.1,0.0,5.58,28.14,0.177875,51.625,1.0316666666666665,8.733333333333333,0.0,5.58
2023-01-29,24.5,8.0,0.0,5.55,26.97,0.16587500000000002,52.583333333333336,1.0541666666666667,8.737499999999999,0.0,5.55
2023-01-30,24.3,9.2,0.0,5.07,25.05,0.15754166666666666,56.583333333333336,1.0025,8.208333333333334,0.0,5.07
2023-01-31,24.2,11.1,0.0,5.24,26.01,0.15304166666666666,59.0,0.9500000000000001,8.791666666666666,0.0,5.24
2023-02-01,26.2,11.1,0.0,5.4,26.64,0.14733333333333332,59.416666666666664,1.0025,7.683333333333334,0.0,5.4
2023-02-02,26.8,11.3,0.0,5.57,26.76,0.14225,53.583333333333336,1.2137499999999999,8.016666666666667,0.0,5.57
2023-02-03,27.1,9.5,0.0,5.97,27.58,0.13508333333333333,46.166666666666664,1.3545833333333333,8.554166666666665,0.0,5.97
2023-02-04,28.1,10.2,0.0,5.93,26.28,0.12962500000000002,46.458333333333336,1.3579166666666664,11.487499999999999,0.0,5.93
2023-02-05,27.2,8.8,0.0,5.54,25.62,0.127,47.208333333333336,1.32375,8.441666666666666,0.0,5.54
2023-02-06,27.0,10.2,0.0,6.34,28.58,0.12366666666666666,41.291666666666664,1.4633333333333332,11.141666666666666,0.0,6.34
2023-02-07,27.4,9.8,0.0,5.53,26.72,0.12125000000000001,55.291666666666664,1.14,8.416666666666666,0.0,5.53
2023-02-08,27.0,10.4,0.0,5.51,26.75,0.11991666666666667,58.458333333333336,1.1108333333333333,8.025,0.0,5.51
2023-02-09,26.5,10.2,0.3,4.96,24.01,0.12020833333333332,60.166666666666664,0.9958333333333332,7.595833333333334,0.3,4.96
2023-02-10,27.3,11.3,0.0,5.98,27.39,0.11954166666666666,49.833333333333336,1.3258333333333334,9.866666666666667,0.0,5.98
2023-02-11,27.0,10.8,0.0,5.49,25.39,0.118,53.208333333333336,1.1716666666666666,9.158333333333333,0.0,5.49
2023-02-12,26.9,11.8,0.0,6.06,27.42,0.11712499999999999,47.541666666666664,1.3033333333333335,10.708333333333334,0.0,6.06
2023-02-13,26.3,10.8,0.0,6.12,28.79,0.11591666666666667,44.75,1.3108333333333333,8.716666666666667,0.0,6.12
2023-02-14,26.2,10.8,0.0,6.05,28.45,0.11470833333333334,49.708333333333336,1.2645833333333334,8.6625,0.0,6.05
2023-02-15,26.4,11.7,0.0,5.74,26.94,0.11420833333333334,52.875,1.2066666666666668,8.695833333333333,0.0,5.74
2023-02-16,26.5,11.7,0.6,5.26,24.55,0.114375,58.375,1.0725,9.3125,0.6,5.26
2023-02-17,27.4,11.5,0.1,5.08,24.35,0.11516666666666668,54.5,1.1841666666666666,6.854166666666667,0.1,5.08
2023-02-18,26.0,10.7,0.1,4.85,23.09,0.11483333333333334,56.208333333333336,1.07625,7.358333333333333,0.1,4.85
2023-02-19,23.9,10.9,0.7,4.85,23.99,0.11716666666666666,58.0,0.9766666666666667,7.579166666666667,0.7,4.85
2023-02-20,26.4,11.9,0.0,5.87,26.6,0.117625,50.791666666666664,1.2620833333333332,9.737499999999999,0.0,5.87
2023-02-21,26.5,11.0,0.0,5.94,26.67,0.11512499999999999,46.916666666666664,1.3108333333333333,8.841666666666667,0.0,5.94
2023-02-22,27.0,12.0,0.0,6.01,27.0,0.11358333333333333,50.375,1.2658333333333334,10.2125,0.0,6.01
2023-02-23,27.2,11.3,0.0,5.61,24.67,0.113,54.75,1.1704166666666667,10.383333333333335,0.0,5.61
2023-02-24,27.5,10.9,0.0,6.1,27.97,0.113,54.041666666666664,1.2275,9.929166666666667,0.0,6.1
2023-02-25,25.5,13.5,0.0,5.48,24.66,0.11262500000000002,57.041666666666664,1.0895833333333333,10.716666666666667,0.0,5.48
2023-02-26,26.1,13.6,0.3,5.48,25.61,0.11412499999999999,60.0,1.0475,9.512500000000001,0.3,5.48
2023-02-27,24.5,14.6,2.5,4.4,21.91,0.13629166666666667,69.41666666666667,0.7208333333333333,8.9625,2.5,4.4
2023-02-28,25.0,10.8,0.8,4.7,23.95,0.17354166666666668,65.125,0.8154166666666667,7.233333333333333,0.8,4.7
2023-03-01,25.1,10.3,0.3,5.22,25.7,0.21662499999999998,65.25,0.8849999999999999,8.0875,0.3,5.22
2023-03-02,25.5,11.9,0.1,5.58,27.04,0.19599999999999998,59.166666666666664,1.0233333333333332,8.966666666666667,0.1,5.58
2023-03-03,26.0,13.6,1.1,5.13,24.9,0.18370833333333333,62.916666666666664,0.9620833333333333,7.925,1.1,5.13
2023-03-04,25.1,12.3,0.2,5.11,25.84,0.177625,60.75,0.9433333333333334,6.3625,0.2,5.11
2023-03-05,24.8,11.2,0.4,5.41,25.97,0.16483333333333336,58.0,1.0420833333333333,9.1625,0.4,5.41
2023-03-06,26.9,10.4,0.0,5.09,23.37,0.15266666666666664,56.583333333333336,1.12875,7.879166666666666,0.0,5.09
2023-03-07,26.6,10.1,0.0,5.62,26.02,0.14025,54.041666666666664,1.21875,8.429166666666667,0.0,5.62
2023-03-08,27.5,11.2,0.0,5.83,26.17,0.13041666666666665,55.0,1.2579166666666668,9.270833333333334,0.0,5.83
2023-03-09,27.2,12.5,0.0,5.87,26.38,0.123125,52.916666666666664,1.2870833333333334,9.679166666666667,0.0,5.87
2023-03-10,26.5,12.9,0.1,5.72,26.43,0.12183333333333334,55.791666666666664,1.1658333333333333,9.225,0.1,5.72
2023-03-11,26.0,13.2,0.2,5.7,26.05,0.11895833333333333,56.375,1.125,10.549999999999999,0.2,5.7
2023-03-12,26.0,13.4,0.0,5.42,25.51,0.11716666666666666,58.875,1.0683333333333334,9.379166666666666,0.0,5.42
2023-03-13,26.0,15.2,0.7,5.4,25.19,0.11729166666666667,60.666666666666664,1.0254166666666666,11.6875,0.7,5.4
2023-03-14,25.1,15.8,2.0,4.82,23.11,0.12354166666666666,64.29166666666667,0.8879166666666666,10.0375,2.0,4.82
2023-03-15,24.9,15.4,1.6,4.47,21.65,0.14104166666666665,66.16666666666667,0.8316666666666667,8.608333333333333,1.6,4.47
2023-03-16,22.8,13.6,9.1,3.47,18.75,0.19141666666666668,78.95833333333333,0.47374999999999995,6.7625,9.1,3.47
2023-03-17,22.9,12.7,1.6,4.23,21.91,0.17345833333333335,72.08333333333333,0.6291666666666667,12.9,1.6,4.23
2023-03-18,25.4,13.1,0.1,5.14,26.06,0.17104166666666668,63.416666666666664,0.8833333333333333,9.991666666666667,0.1,5.14
2023-03-19,24.2,14.1,0.7,4.79,23.73,0.15854166666666666,65.75,0.8345833333333333,9.741666666666665,0.7,4.79
2023-03-20,24.4,13.2,7.7,3.95,20.43,0.16058333333333333,72.75,0.63125,6.379166666666666,7.7,3.95
2023-03-21,24.8,14.1,9.4,2.55,12.85,0.269375,82.33333333333333,0.42250000000000004,5.308333333333334,9.4,2.55
2023-03-22,24.0,13.1,11.9,4.06,21.79,0.28250000000000003,80.54166666666667,0.48041666666666666,6.754166666666666,11.9,4.06
2023-03-23,24.2,13.8,5.8,4.28,23.21,0.2966666666666667,81.29166666666667,0.4566666666666667,9.141666666666667,5.8,4.28
2023-03-24,24.3,13.4,0.5,4.77,26.05,0.2710416666666667,77.04166666666667,0.5766666666666667,7.45,0.5,4.77
2023-03-25,23.3,14.4,5.8,3.05,15.88,0.26925,81.125,0.4370833333333333,6.404166666666666,5.8,3.05
2023-03-26,22.2,12.4,4.8,2.91,15.36,0.33879166666666666,83.125,0.35833333333333334,5.2749999999999995,4.8,2.91
2023-03-27,24.4,11.2,3.7,4.47,23.88,0.31979166666666664,76.08333333333333,0.5645833333333333,6.9624999999999995,3.7,4.47
2023-03-28,23.5,11.5,3.9,3.85,20.97,0.3124166666666667,80.95833333333333,0.44375000000000003,5.766666666666667,3.9,3.85
2023-03-29,23.0,14.4,3.2,4.24,22.8,0.33804166666666663,79.54166666666667,0.49500000000000005,8.341666666666667,3.2,4.24
2023-03-30,23.5,13.1,2.3,4.57,24.92,0.30083333333333334,77.75,0.5291666666666667,8.083333333333334,2.3,4.57
2023-03-31,22.1,13.8,7.8,4.08,22.42,0.319625,78.29166666666667,0.4916666666666667,8.058333333333334,7.8,4.08
2023-04-01,24.1,11.2,5.1,4.18,22.73,0.33545833333333336,78.75,0.4991666666666667,6.2749999999999995,5.1,4.18
2023-04-02,23.9,13.6,3.9,4.56,24.72,0.31595833333333334,76.54166666666667,0.56375,7.5249999999999995,3.9,4.56
2023-04-03,24.4,14.6,8.5,3.86,20.49,0.29362499999999997,80.66666666666667,0.4604166666666667,7.566666666666666,8.5,3.86
2023-04-04,21.4,14.5,6.7,2.86,15.89,0.3481666666666667,85.75,0.3116666666666667,6.808333333333334,6.7,2.86
2023-04-05,21.5,13.7,4.8,3.57,19.76,0.3285416666666667,82.95833333333333,0.37958333333333333,7.370833333333334,4.8,3.57
2023-04-06,22.2,12.1,2.4,3.56,19.59,0.355375,80.95833333333333,0.43083333333333335,5.6000000000000005,2.4,3.56
2023-04-07,22.1,12.9,2.9,3.94,21.9,0.35233333333333333,81.54166666666667,0.4179166666666667,7.629166666666666,2.9,3.94
2023-04-08,20.5,13.9,5.8,2.86,16.86,0.3702083333333333,85.29166666666667,0.29625,9.370833333333334,5.8,2.86
2023-04-09,22.5,14.4,2.9,3.75,20.59,0.35799999999999993,78.66666666666667,0.4604166666666667,8.674999999999999,2.9,3.75
2023-04-10,23.4,12.5,4.1,4.32,23.41,0.343625,79.875,0.48416666666666663,6.570833333333333,4.1,4.32
2023-04-11,21.9,14.3,27.6,3.09,17.74,0.39329166666666665,88.0,0.2575,5.55,27.6,3.09
2023-04-12,20.8,13.0,4.2,3.33,18.98,0.38479166666666664,83.25,0.3516666666666666,6.416666666666667,4.2,3.33
2023-04-13,20.3,13.9,1.2,2.46,13.56,0.38408333333333333,86.79166666666667,0.28,6.791666666666667,1.2,2.46
2023-04-14,21.5,13.1,4.3,3.22,18.92,0.3762083333333333,87.04166666666667,0.27416666666666667,8.770833333333334,4.3,3.22
2023-04-15,22.5,11.9,2.4,3.93,22.08,0.3617083333333333,81.5,0.42166666666666663,7.8875,2.4,3.93
2023-04-16,22.1,15.1,3.1,3.84,21.73,0.35237499999999994,82.20833333333333,0.4008333333333333,9.733333333333333,3.1,3.84
2023-04-17,21.9,14.4,4.7,3.07,16.75,0.3572916666666666,83.66666666666667,0.3666666666666667,9.379166666666666,4.7,3.07
2023-04-18,21.8,14.8,4.2,3.74,21.37,0.3599583333333333,83.41666666666667,0.37083333333333335,10.375,4.2,3.74
2023-04-19,23.1,14.1,1.7,3.85,21.61,0.34004166666666663,82.95833333333333,0.40375,8.070833333333333,1.7,3.85
2023-04-20,23.4,12.8,3.1,4.34,24.48,0.32516666666666666,82.16666666666667,0.4404166666666667,7.6000000000000005,3.1,4.34
2023-04-21,23.9,15.0,0.5,4.35,23.53,0.313125,78.41666666666667,0.5408333333333334,8.891666666666667,0.5,4.35
2023-04-22,22.5,15.0,8.7,2.43,13.26,0.3253333333333333,88.58333333333333,0.24208333333333332,7.391666666666667,8.7,2.43
2023-04-23,21.7,14.1,3.5,3.28,17.52,0.32779166666666665,81.20833333333333,0.43333333333333335,6.754166666666666,3.5,3.28
2023-04-24,24.4,12.1,20.0,3.59,19.43,0.37525000000000003,85.125,0.3575,4.683333333333334,20.0,3.59
2023-04-25,22.0,14.3,20.3,3.25,18.71,0.41712499999999997,86.95833333333333,0.2841666666666667,6.6875,20.3,3.25
2023-04-26,22.2,13.1,8.8,3.15,17.12,0.40575,87.41666666666667,0.29375,6.608333333333333,8.8,3.15
2023-04-27,23.1,11.7,2.8,4.27,24.0,0.3900416666666667,83.125,0.41124999999999995,7.4875,2.8,4.27
2023-04-28,21.6,14.1,6.2,3.3,19.75,0.3850833333333334,89.83333333333333,0.22499999999999998,7.441666666666666,6.2,3.3
2023-04-29,21.5,14.6,4.5,3.47,19.8,0.38729166666666665,84.58333333333333,0.34125,6.6499999999999995,4.5,3.47
2023-04-30,20.5,13.7,11.5,2.37,13.36,0.4009583333333333,91.25,0.18333333333333335,6.4375,11.5,2.37
2023-05-01,20.4,14.3,6.6,2.04,10.62,0.41120833333333334,90.20833333333333,0.20541666666666666,3.6500000000000004,6.6,2.04
2023-05-02,23.0,10.8,6.6,3.67,20.2,0.39999999999999997,85.95833333333333,0.3179166666666667,4.729166666666667,6.6,3.67
2023-05-03,20.5,14.6,15.8,2.35,13.37,0.4171666666666667,90.79166666666667,0.19499999999999998,7.595833333333334,15.8,2.35
2023-05-04,22.2,15.1,3.7,3.79,21.08,0.40025,83.41666666666667,0.3858333333333333,8.779166666666667,3.7,3.79
2023-05-05,22.0,14.8,8.2,3.46,19.75,0.4053333333333333,85.5,0.32,8.254166666666666,8.2,3.46
2023-05-06,22.6,13.9,2.8,3.92,22.26,0.3910833333333334,81.66666666666667,0.4254166666666667,9.695833333333335,2.8,3.92
2023-05-07,21.6,14.6,3.7,3.5,20.17,0.3855,85.625,0.3225,9.354166666666666,3.7,3.5
2023-05-08,21.7,14.6,2.7,3.48,19.97,0.38045833333333334,86.45833333333333,0.29833333333333334,7.620833333333334,2.7,3.48
2023-05-09,21.4,14.4,4.1,3.49,20.85,0.384875,86.95833333333333,0.28375,9.695833333333333,4.1,3.49
2023-05-10,21.0,14.2,13.2,3.36,20.03,0.404375,86.54166666666667,0.29125,11.216666666666667,13.2,3.36
2023-05-11,21.3,14.1,3.0,3.52,20.87,0.3872083333333334,86.33333333333333,0.2970833333333333,10.7125,3.0,3.52
2023-05-12,22.9,13.8,0.8,4.34,24.77,0.37399999999999994,80.66666666666667,0.4575,9.108333333333333,0.8,4.34
2023-05-13,22.0,12.5,0.8,3.85,22.16,0.3491666666666667,83.04166666666667,0.385,8.950000000000001,0.8,3.85
2023-05-14,22.2,15.4,1.3,3.78,21.4,0.345875,81.79166666666667,0.40791666666666665,9.65,1.3,3.78
2023-05-15,22.0,14.5,0.7,3.88,22.26,0.34158333333333335,82.20833333333333,0.40208333333333335,8.416666666666666,0.7,3.88
2023-05-16,22.0,15.2,2.1,3.8,22.04,0.34824999999999995,84.29166666666667,0.3541666666666667,9.258333333333333,2.1,3.8
2023-05-17,21.4,14.4,1.3,3.42,19.92,0.34004166666666663,84.66666666666667,0.32916666666666666,10.154166666666667,1.3,3.42
2023-05-18,21.9,14.3,1.3,3.47,20.03,0.34079166666666666,85.25,0.33416666666666667,9.520833333333334,1.3,3.47
2023-05-19,22.4,15.1,0.9,3.8,21.66,0.3322083333333334,79.91666666666667,0.4479166666666667,10.383333333333333,0.9,3.8
2023-05-20,23.0,11.4,0.1,4.41,24.88,0.32033333333333336,77.79166666666667,0.5175,7.308333333333334,0.1,4.41
2023-05-21,23.0,11.3,0.3,4.39,24.87,0.30524999999999997,77.875,0.5045833333333333,7.6125,0.3,4.39
2023-05-22,22.8,13.8,0.3,4.14,23.25,0.295875,80.70833333333333,0.45458333333333334,7.7375,0.3,4.14
2023-05-23,22.1,14.6,1.3,3.49,19.63,0.304125,82.25,0.39625,9.725,1.3,3.49
2023-05-24,21.8,15.0,3.2,3.31,18.98,0.3165833333333333,83.95833333333333,0.3475,10.420833333333333,3.2,3.31
2023-05-25,22.8,14.3,0.7,3.97,22.39,0.31345833333333334,77.66666666666667,0.50375,10.066666666666666,0.7,3.97
2023-05-26,19.9,13.6,4.6,2.66,15.49,0.3292916666666667,82.875,0.33416666666666667,11.183333333333332,4.6,2.66
2023-05-27,20.2,13.6,4.0,3.09,18.1,0.3385833333333333,82.95833333333333,0.34625,13.0625,4.0,3.09
2023-05-28,21.1,13.4,3.0,3.69,21.57,0.351875,80.20833333333333,0.42416666666666664,12.966666666666667,3.0,3.69
2023-05-29,20.1,14.2,8.6,2.96,18.46,0.38562500000000005,88.95833333333333,0.22875,12.008333333333333,8.6,2.96
2023-05-30,21.2,13.9,5.4,3.44,20.01,0.37795833333333334,84.41666666666667,0.34041666666666665,11.045833333333334,5.4,3.44
2023-05-31,20.4,11.6,2.3,3.3,19.38,0.36224999999999996,84.25,0.3358333333333334,8.2875,2.3,3.3
2023-06-01,21.3,13.9,3.0,3.58,20.69,0.3685833333333333,82.54166666666667,0.38208333333333333,10.470833333333333,3.0,3.58
2023-06-02,21.0,14.4,3.3,3.16,19.53,0.36533333333333334,84.79166666666667,0.3129166666666667,11.229166666666666,3.3,3.16
2023-06-03,20.9,14.1,4.1,3.34,20.51,0.36966666666666664,87.75,0.25958333333333333,11.299999999999999,4.1,3.34
2023-06-04,21.0,13.9,4.1,3.21,18.79,0.37762500000000004,84.66666666666667,0.32208333333333333,11.5875,4.1,3.21
2023-06-05,21.6,13.3,0.7,3.92,22.72,0.3542083333333333,79.79166666666667,0.44625000000000004,9.816666666666666,0.7,3.92
2023-06-06,20.8,13.9,1.7,2.88,17.27,0.3401666666666667,85.375,0.30541666666666667,10.595833333333333,1.7,2.88
2023-06-07,21.8,13.2,0.5,4.11,23.97,0.332125,79.75,0.455,9.237499999999999,0.5,4.11
2023-06-08,22.2,10.1,0.0,4.28,24.27,0.31295833333333334,74.375,0.5458333333333333,7.945833333333333,0.0,4.28
2023-06-09,20.9,13.3,2.5,3.53,20.74,0.30775,82.95833333333333,0.35833333333333334,9.204166666666667,2.5,3.53
2023-06-10,22.0,10.8,2.8,3.93,22.72,0.302375,81.25,0.40625,8.283333333333333,2.8,3.93
2023-06-11,21.5,11.8,4.4,3.59,20.93,0.31720833333333337,82.875,0.36125,7.175,4.4,3.59
2023-06-12,22.6,12.3,1.4,3.72,20.47,0.31516666666666665,76.54166666666667,0.5020833333333333,5.716666666666666,1.4,3.72
2023-06-13,22.3,10.8,0.3,3.69,21.35,0.29983333333333334,82.125,0.3804166666666667,7.708333333333333,0.3,3.69
2023-06-14,23.2,11.8,1.4,3.85,21.49,0.2936666666666667,81.29166666666667,0.4191666666666667,6.158333333333334,1.4,3.85
2023-06-15,21.3,12.6,1.2,3.19,18.14,0.29175,86.33333333333333,0.2941666666666667,5.733333333333333,1.2,3.19
2023-06-16,22.5,11.9,0.5,3.23,17.98,0.2997916666666666,83.875,0.34958333333333336,7.1499999999999995,0.5,3.23
2023-06-17,20.4,13.8,3.9,2.99,17.78,0.314625,85.125,0.30041666666666667,10.183333333333334,3.9,2.99
2023-06-18,19.5,12.6,3.3,2.79,16.42,0.34125,83.5,0.3179166666666667,9.729166666666666,3.3,2.79
2023-06-19,21.9,12.1,0.0,3.83,22.31,0.32779166666666665,79.41666666666667,0.4216666666666667,8.708333333333334,0.0,3.83
2023-06-20,22.8,12.8,0.6,3.91,21.83,0.3104166666666667,81.33333333333333,0.42,7.491666666666667,0.6,3.91
2023-06-21,21.5,13.6,1.7,3.03,17.77,0.3032916666666667,83.70833333333333,0.3345833333333333,9.016666666666667,1.7,3.03
2023-06-22,20.5,12.5,3.2,3.07,18.04,0.32216666666666666,84.66666666666667,0.3129166666666667,9.379166666666666,3.2,3.07
2023-06-23,20.8,12.4,4.8,3.37,19.61,0.3365833333333334,84.375,0.32583333333333336,8.904166666666667,4.8,3.37
2023-06-24,20.9,13.2,2.6,3.08,17.23,0.34025,83.20833333333333,0.3458333333333334,8.237499999999999,2.6,3.08
2023-06-25,21.9,11.8,1.3,3.87,21.97,0.3304166666666667,78.95833333333333,0.45458333333333334,6.529166666666666,1.3,3.87
2023-06-26,20.6,12.2,0.5,3.41,20.06,0.315625,82.625,0.345,7.816666666666666,0.5,3.41
2023-06-27,20.0,13.2,1.1,2.85,16.44,0.311375,83.125,0.33499999999999996,8.9125,1.1,2.85
2023-06-28,21.2,12.6,1.7,3.59,20.94,0.3089166666666667,81.54166666666667,0.3925,9.120833333333334,1.7,3.59
2023-06-29,21.5,13.4,1.8,3.41,19.64,0.30224999999999996,79.66666666666667,0.4141666666666666,11.137500000000001,1.8,3.41
2023-06-30,19.1,13.6,4.0,2.22,12.95,0.32433333333333336,85.0,0.28291666666666665,11.241666666666667,4.0,2.22
2023-07-01,20.1,12.6,1.3,2.73,15.48,0.3282083333333334,83.33333333333333,0.33083333333333337,11.950000000000001,1.3,2.73
2023-07-02,18.5,13.0,4.5,2.32,14.27,0.35070833333333334,86.625,0.24166666666666667,12.174999999999999,4.5,2.32
2023-07-03,19.1,12.4,3.3,2.77,16.74,0.35945833333333327,81.70833333333333,0.34208333333333335,12.083333333333334,3.3,2.77
2023-07-04,18.0,12.7,3.9,2.32,14.0,0.35624999999999996,85.70833333333333,0.25958333333333333,12.741666666666667,3.9,2.32
2023-07-05,20.5,11.4,0.1,3.48,20.95,0.33875000000000005,84.08333333333333,0.3120833333333333,8.4125,0.1,3.48
2023-07-06,18.4,11.4,1.2,2.48,14.7,0.32937500000000003,84.54166666666667,0.285,10.35,1.2,2.48
2023-07-07,17.1,12.2,5.0,1.81,11.03,0.35375,88.875,0.18875,11.858333333333334,5.0,1.81
2023-07-08,18.0,11.8,4.8,2.45,14.44,0.3780833333333333,82.95833333333333,0.3045833333333333,11.391666666666666,4.8,2.45
2023-07-09,21.6,11.9,0.5,3.79,21.71,0.35354166666666664,76.875,0.48333333333333334,9.075000000000001,0.5,3.79
2023-07-10,21.5,9.0,0.0,4.1,23.9,0.32779166666666665,78.125,0.45458333333333334,7.954166666666667,0.0,4.1
2023-07-11,22.0,9.6,0.0,4.19,24.43,0.3067083333333333,75.83333333333333,0.51,10.608333333333333,0.0,4.19
2023-07-12,20.3,12.8,0.6,3.33,18.54,0.29591666666666666,76.33333333333333,0.47291666666666665,12.370833333333332,0.6,3.33
2023-07-13,19.5,12.7,1.9,2.92,16.75,0.3007083333333333,79.125,0.3933333333333333,11.658333333333333,1.9,2.92
2023-07-14,20.0,12.6,1.8,3.29,18.72,0.3070833333333333,75.79166666666667,0.47375000000000006,11.504166666666668,1.8,3.29
2023-07-15,20.5,10.7,0.2,3.73,21.47,0.2975833333333333,73.41666666666667,0.52625,10.491666666666667,0.2,3.73
2023-07-16,20.0,11.0,0.0,3.36,19.9,0.289,79.04166666666667,0.39666666666666667,10.225,0.0,3.36
2023-07-17,19.2,11.7,0.4,2.93,17.54,0.2877083333333333,79.66666666666667,0.36375,12.029166666666667,0.4,2.93
2023-07-18,20.5,11.2,0.9,3.61,21.57,0.2890833333333333,78.125,0.41375,11.9375,0.9,3.61
2023-07-19,22.1,10.5,0.0,4.04,23.52,0.28458333333333335,75.75,0.48333333333333334,8.829166666666667,0.0,4.04
2023-07-20,22.9,11.4,0.1,3.94,22.57,0.27870833333333334,80.70833333333333,0.4283333333333333,6.8500000000000005,0.1,3.94
2023-07-21,21.8,10.4,0.0,4.09,23.14,0.2680416666666667,73.5,0.5579166666666667,9.991666666666667,0.0,4.09
2023-07-22,20.6,12.6,0.0,3.56,19.75,0.26258333333333334,72.45833333333333,0.54,12.545833333333334,0.0,3.56
2023-07-23,20.2,12.1,1.2,3.25,18.2,0.2644166666666667,77.25,0.45541666666666664,11.254166666666668,1.2,3.25
2023-07-24,21.4,12.4,0.8,3.48,19.84,0.27445833333333336,80.0,0.41291666666666665,10.370833333333334,0.8,3.48
2023-07-25,20.1,12.1,0.5,3.07,17.59,0.2697083333333334,82.04166666666667,0.35708333333333336,10.916666666666666,0.5,3.07
2023-07-26,18.6,11.4,2.5,2.14,12.46,0.28495833333333337,85.58333333333333,0.2658333333333333,11.9125,2.5,2.14
2023-07-27,20.4,10.6,0.3,3.33,19.52,0.295,79.0,0.4008333333333334,9.695833333333333,0.3,3.33
2023-07-28,18.3,12.5,3.7,2.3,13.31,0.30616666666666664,83.29166666666667,0.30333333333333334,11.475000000000001,3.7,2.3
2023-07-29,20.5,12.3,0.5,3.47,20.87,0.3065,80.95833333333333,0.37625,10.4125,0.5,3.47
2023-07-30,22.9,12.9,1.5,4.05,23.31,0.29483333333333334,79.41666666666667,0.44625000000000004,8.8375,1.5,4.05
2023-07-31,22.1,13.2,4.3,3.27,18.64,0.29291666666666666,86.875,0.2870833333333333,7.291666666666667,4.3,3.27
2023-08-01,18.4,12.8,1.4,1.89,10.66,0.2919583333333333,86.875,0.24333333333333332,11.512500000000001,1.4,1.89
2023-08-02,18.1,12.6,7.4,2.08,12.55,0.33725,87.66666666666667,0.22166666666666668,13.274999999999999,7.4,2.08
2023-08-03,18.4,13.1,5.4,2.41,14.93,0.354875,86.91666666666667,0.23500000000000001,12.825000000000001,5.4,2.41
2023-08-04,19.0,12.5,3.0,2.72,17.17,0.3581666666666667,86.66666666666667,0.24416666666666667,12.2875,3.0,2.72
2023-08-05,18.9,11.9,1.5,2.53,14.01,0.3539999999999999,78.45833333333333,0.38916666666666666,11.729166666666666,1.5,2.53
2023-08-06,18.6,11.9,2.7,2.29,13.31,0.35274999999999995,82.83333333333333,0.30333333333333334,12.758333333333333,2.7,2.29
2023-08-07,20.1,11.6,0.7,3.77,22.23,0.33958333333333335,76.58333333333333,0.455,11.604166666666666,0.7,3.77
2023-08-08,20.0,10.4,0.4,3.72,22.25,0.32054166666666667,77.29166666666667,0.4375,8.920833333333333,0.4,3.72
2023-08-09,18.9,11.4,0.7,2.8,16.56,0.31475000000000003,82.75,0.32416666666666666,9.954166666666667,0.7,2.8
2023-08-10,18.2,13.1,2.5,2.48,14.81,0.322875,85.79166666666667,0.26458333333333334,9.9125,2.5,2.48
2023-08-11,19.8,12.3,0.6,3.02,17.79,0.3122916666666667,81.95833333333333,0.345,8.866666666666667,0.6,3.02
2023-08-12,19.0,12.3,2.1,3.17,19.33,0.3065833333333333,80.83333333333333,0.35916666666666663,10.154166666666667,2.1,3.17
2023-08-13,20.5,12.3,1.3,3.41,19.84,0.30204166666666665,78.875,0.4070833333333333,9.208333333333334,1.3,3.41
2023-08-14,21.6,12.1,0.1,4.06,22.69,0.2927083333333333,71.91666666666667,0.58,9.575000000000001,0.1,4.06
2023-08-15,22.6,12.1,0.3,4.3,23.26,0.2730416666666667,71.79166666666667,0.6279166666666667,10.408333333333333,0.3,4.3
2023-08-16,21.9,12.8,1.2,3.86,22.06,0.26945833333333336,81.375,0.42083333333333334,11.316666666666668,1.2,3.86
2023-08-17,21.6,13.6,2.2,3.66,20.52,0.27729166666666666,77.83333333333333,0.46541666666666665,12.141666666666666,2.2,3.66
2023-08-18,21.3,13.1,2.1,3.9,22.17,0.2831666666666666,77.0,0.4779166666666667,11.795833333333334,2.1,3.9
2023-08-19,22.1,10.2,0.1,4.7,25.94,0.27320833333333333,68.29166666666667,0.67125,10.262500000000001,0.1,4.7
2023-08-20,22.9,10.1,0.0,4.81,25.44,0.25275,63.5,0.7820833333333334,10.25,0.0,4.81
2023-08-21,22.9,8.9,0.0,4.7,24.86,0.23379166666666665,62.125,0.7770833333333332,10.208333333333334,0.0,4.7
2023-08-22,22.2,12.6,0.1,4.19,23.04,0.22125000000000003,72.20833333333333,0.61125,10.275,0.1,4.19
2023-08-23,23.0,12.4,0.1,4.63,24.35,0.20825000000000002,66.95833333333333,0.73,11.825000000000001,0.1,4.63
2023-08-24,22.0,12.6,0.5,4.05,22.94,0.20575,73.45833333333333,0.5504166666666667,11.108333333333334,0.5,4.05
2023-08-25,23.0,9.2,0.0,4.75,25.86,0.194375,66.66666666666667,0.7133333333333334,10.166666666666666,0.0,4.75
2023-08-26,23.5,13.4,0.5,4.82,25.17,0.19033333333333333,67.79166666666667,0.7395833333333334,12.1,0.5,4.82
2023-08-27,24.1,14.1,0.2,4.87,24.42,0.18908333333333335,64.04166666666667,0.8458333333333333,12.4,0.2,4.87
2023-08-28,22.2,13.4,1.1,4.04,22.15,0.200375,71.25,0.5916666666666667,13.716666666666667,1.1,4.04
2023-08-29,22.1,12.9,4.2,3.9,21.88,0.226375,74.625,0.5304166666666666,12.320833333333333,4.2,3.9
2023-08-30,21.5,13.4,3.4,3.73,21.97,0.248625,80.54166666666667,0.3970833333333333,11.966666666666667,3.4,3.73
2023-08-31,21.6,13.4,2.3,3.73,21.01,0.2788333333333333,78.95833333333333,0.44166666666666665,9.258333333333335,2.3,3.73
2023-09-01,22.0,13.3,1.1,4.0,22.25,0.29233333333333333,79.16666666666667,0.45166666666666666,9.166666666666666,1.1,4.0
2023-09-02,23.0,13.9,1.4,4.3,23.59,0.3007916666666666,75.45833333333333,0.5554166666666667,10.120833333333334,1.4,4.3
2023-09-03,22.9,13.3,0.8,4.8,25.94,0.27616666666666667,68.95833333333333,0.6858333333333334,11.375,0.8,4.8
2023-09-04,23.0,11.6,0.1,4.75,25.95,0.24941666666666665,70.16666666666667,0.6570833333333334,11.370833333333332,0.1,4.75
2023-09-05,23.6,13.8,0.9,4.58,24.88,0.235125,73.70833333333333,0.5995833333333334,9.325000000000001,0.9,4.58
2023-09-06,25.7,11.2,1.0,4.56,24.27,0.255625,72.08333333333333,0.6483333333333333,6.654166666666666,1.0,4.56
2023-09-07,24.0,11.2,5.2,4.42,23.99,0.2846666666666667,78.04166666666667,0.51375,5.8374999999999995,5.2,4.42
2023-09-08,22.5,13.7,1.5,3.71,20.79,0.28091666666666665,82.70833333333333,0.38208333333333333,6.8625,1.5,3.71
2023-09-09,20.8,14.1,2.0,2.85,16.21,0.3212916666666667,85.0,0.30375,10.308333333333334,2.0,2.85
2023-09-10,22.5,13.5,0.8,4.45,25.15,0.30945833333333334,76.04166666666667,0.53125,9.845833333333333,0.8,4.45
2023-09-11,22.9,14.8,1.4,4.47,24.74,0.29079166666666667,73.375,0.5966666666666667,9.270833333333334,1.4,4.47
2023-09-12,24.5,12.4,0.4,4.87,26.19,0.26158333333333333,72.04166666666667,0.6729166666666666,7.566666666666666,0.4,4.87
2023-09-13,22.5,14.3,2.7,4.17,23.23,0.24329166666666666,78.5,0.4908333333333334,11.633333333333333,2.7,4.17
2023-09-14,22.9,13.4,5.0,4.26,23.66,0.26816666666666666,74.54166666666667,0.55875,13.104166666666666,5.0,4.26
2023-09-15,21.5,13.6,2.2,3.74,21.06,0.251125,77.75,0.46625,10.908333333333333,2.2,3.74
2023-09-16,23.5,13.1,1.0,4.55,24.87,0.242375,73.83333333333333,0.5945833333333334,10.091666666666667,1.0,4.55
2023-09-17,24.2,13.6,0.7,4.77,25.05,0.22583333333333333,70.95833333333333,0.7079166666666666,8.604166666666666,0.7,4.77
2023-09-18,24.1,13.7,0.0,4.57,24.2,0.206875,72.95833333333333,0.64,9.254166666666666,0.0,4.57
2023-09-19,24.0,13.6,7.9,4.62,25.23,0.22383333333333333,75.75,0.5658333333333333,8.191666666666666,7.9,4.62
2023-09-20,24.6,14.1,3.9,4.46,23.57,0.227625,76.875,0.5516666666666666,7.9375,3.9,4.46
2023-09-21,25.4,13.9,0.8,4.98,25.92,0.2293333333333333,72.41666666666667,0.7070833333333333,10.654166666666667,0.8,4.98
2023-09-22,22.9,13.9,2.8,4.36,23.34,0.22691666666666666,71.95833333333333,0.63625,11.0,2.8,4.36
2023-09-23,24.0,14.1,0.4,4.98,25.99,0.21816666666666665,66.08333333333333,0.7720833333333333,12.0375,0.4,4.98
2023-09-24,23.1,13.9,2.6,4.34,23.3,0.22108333333333333,72.41666666666667,0.6304166666666666,12.458333333333334,2.6,4.34
2023-09-25,23.9,13.6,1.0,4.87,25.97,0.20654166666666665,69.79166666666667,0.7266666666666667,10.137500000000001,1.0,4.87
2023-09-26,24.3,12.7,5.9,4.83,26.07,0.2285,73.375,0.61875,7.983333333333333,5.9,4.83
2023-09-27,23.4,14.3,2.4,4.39,23.98,0.2532083333333333,76.58333333333333,0.555,9.299999999999999,2.4,4.39
2023-09-28,22.8,13.4,0.2,4.4,23.97,0.2539166666666667,72.625,0.6129166666666667,10.700000000000001,0.2,4.4
2023-09-29,23.7,13.9,1.0,5.05,26.96,0.2512083333333333,72.20833333333333,0.6887500000000001,10.916666666666666,1.0,5.05
2023-09-30,23.5,14.7,9.3,3.98,21.46,0.2710416666666667,78.29166666666667,0.5108333333333334,11.229166666666666,9.3,3.98
2023-10-01,23.1,14.2,2.6,4.5,24.27,0.2459583333333333,72.54166666666667,0.64125,9.833333333333334,2.6,4.5
2023-10-02,25.4,11.4,0.7,5.26,26.66,0.22520833333333334,68.16666666666667,0.8070833333333334,10.191666666666666,0.7,5.26
2023-10-03,23.6,14.0,0.8,5.18,26.58,0.205875,62.5,0.87125,12.545833333333334,0.8,5.18
2023-10-04,17.5,13.8,5.1,1.92,11.06,0.21820833333333334,85.29166666666667,0.26333333333333336,11.841666666666667,5.1,1.92
2023-10-05,21.5,13.6,3.8,3.15,18.12,0.24975,82.25,0.37833333333333335,11.475,3.8,3.15
2023-10-06,23.4,14.3,1.7,4.45,23.95,0.25004166666666666,74.375,0.6041666666666666,12.008333333333333,1.7,4.45
2023-10-07,23.5,14.2,3.0,4.26,22.22,0.263125,73.33333333333333,0.6358333333333334,10.983333333333334,3.0,4.26
2023-10-08,25.5,10.4,0.7,4.95,25.33,0.24445833333333333,67.54166666666667,0.7758333333333334,8.354166666666666,0.7,4.95
2023-10-09,26.0,11.1,0.1,5.1,25.57,0.21833333333333335,68.04166666666667,0.8408333333333333,8.404166666666667,0.1,5.1
2023-10-10,24.5,15.6,4.4,4.31,21.58,0.2040833333333333,71.29166666666667,0.68125,9.179166666666667,4.4,4.31
2023-10-11,23.5,14.2,0.1,4.39,22.92,0.2628333333333333,72.25,0.6479166666666667,9.137500000000001,0.1,4.39
2023-10-12,24.6,12.1,10.1,4.23,21.57,0.29183333333333333,71.625,0.6558333333333334,7.579166666666667,10.1,4.23
2023-10-13,24.5,11.9,0.1,4.41,22.04,0.2574166666666667,67.875,0.7633333333333333,8.145833333333334,0.1,4.41
2023-10-14,26.3,14.4,0.3,5.22,26.18,0.23095833333333335,68.75,0.7879166666666667,7.8875,0.3,5.22
2023-10-15,24.7,13.9,0.2,4.67,23.5,0.21691666666666665,74.0,0.6733333333333333,9.129166666666666,0.2,4.67
2023-10-16,23.0,14.8,3.9,3.68,20.13,0.21912500000000001,79.79166666666667,0.4666666666666666,8.541666666666666,3.9,3.68
2023-10-17,24.6,12.6,13.3,3.99,21.28,0.237625,82.08333333333333,0.44249999999999995,5.125,13.3,3.99
2023-10-18,23.2,14.8,2.6,3.93,21.27,0.23316666666666666,81.70833333333333,0.44,10.158333333333333,2.6,3.93
2023-10-19,22.3,14.1,9.4,3.09,17.51,0.286875,86.04166666666667,0.31,10.241666666666667,9.4,3.09
2023-10-20,23.6,14.6,1.0,4.57,24.88,0.27991666666666665,75.95833333333333,0.5679166666666667,12.570833333333333,1.0,4.57
2023-10-21,22.1,13.6,2.2,3.57,19.59,0.26445833333333335,79.58333333333333,0.46,8.929166666666667,2.2,3.57
2023-10-22,23.5,14.8,1.6,4.1,21.74,0.252875,72.41666666666667,0.6337499999999999,9.404166666666667,1.6,4.1
2023-10-23,24.7,15.2,0.3,4.94,26.21,0.22783333333333333,70.04166666666667,0.7191666666666667,9.020833333333334,0.3,4.94
2023-10-24,25.2,14.1,3.4,4.81,24.47,0.22166666666666668,69.70833333333333,0.7329166666666667,8.299999999999999,3.4,4.81
2023-10-25,23.3,14.9,2.1,3.87,20.73,0.232625,78.375,0.5004166666666666,9.583333333333334,2.1,3.87
2023-10-26,21.3,14.9,6.0,3.0,17.67,0.34149999999999997,85.33333333333333,0.3075,12.674999999999999,6.0,3.0
2023-10-27,23.0,14.2,1.9,4.33,24.13,0.322875,78.66666666666667,0.5012500000000001,12.129166666666668,1.9,4.33
2023-10-28,23.1,13.6,1.0,4.19,23.29,0.298125,78.41666666666667,0.5008333333333334,9.875,1.0,4.19
2023-10-29,22.8,14.6,3.4,4.03,22.16,0.28441666666666665,77.625,0.5079166666666667,10.229166666666666,3.4,4.03
2023-10-30,23.3,14.6,1.0,4.36,23.97,0.2760416666666667,77.41666666666667,0.5266666666666667,11.85,1.0,4.36
2023-10-31,22.7,14.8,3.3,3.91,22.47,0.2783333333333334,82.25,0.4025,12.029166666666667,3.3,3.91
2023-11-01,22.7,14.3,1.4,3.49,19.11,0.27345833333333336,81.25,0.42625,10.887500000000001,1.4,3.49
2023-11-02,24.0,13.2,10.4,3.88,21.82,0.27587500000000004,83.25,0.38625,8.216666666666667,10.4,3.88
2023-11-03,20.2,14.9,11.0,2.07,11.17,0.30024999999999996,89.08333333333333,0.22833333333333336,8.445833333333333,11.0,2.07
2023-11-04,21.4,14.4,5.9,2.74,14.47,0.3614583333333334,83.95833333333333,0.35083333333333333,9.862499999999999,5.9,2.74
2023-11-05,22.5,14.9,2.1,3.58,20.1,0.35333333333333333,85.58333333333333,0.33208333333333334,7.929166666666667,2.1,3.58
2023-11-06,23.4,13.6,9.2,3.75,20.76,0.36441666666666667,85.66666666666667,0.33666666666666667,5.820833333333333,9.2,3.75
2023-11-07,23.4,13.8,11.7,3.35,18.49,0.39245833333333335,88.16666666666667,0.27458333333333335,5.875,11.7,3.35
2023-11-08,22.1,14.9,22.3,2.96,16.52,0.40804166666666664,88.58333333333333,0.25,4.925,22.3,2.96
2023-11-09,24.3,11.9,13.3,3.98,21.59,0.4139583333333334,83.25,0.39958333333333335,6.429166666666667,13.3,3.98
2023-11-10,23.2,11.6,15.6,3.81,21.0,0.41075,84.0,0.37333333333333335,5.620833333333334,15.6,3.81
2023-11-11,21.4,14.4,8.5,3.51,19.34,0.40537500000000004,82.66666666666667,0.38999999999999996,7.5249999999999995,8.5,3.51
2023-11-12,22.5,14.9,13.5,3.37,18.5,0.40770833333333334,85.25,0.33749999999999997,7.3374999999999995,13.5,3.37
2023-11-13,21.2,14.4,5.3,3.5,19.8,0.4091666666666667,85.91666666666667,0.3154166666666666,6.575,5.3,3.5
2023-11-14,22.2,14.8,3.3,2.95,15.96,0.39725000000000005,87.75,0.2833333333333333,6.55,3.3,2.95
2023-11-15,20.6,14.8,4.8,3.61,21.2,0.3885,85.95833333333333,0.30833333333333335,9.954166666666667,4.8,3.61
2023-11-16,21.2,14.9,4.5,3.5,21.06,0.38679166666666664,86.79166666666667,0.28750000000000003,10.891666666666666,4.5,3.5
2023-11-17,22.1,15.2,3.9,3.86,22.5,0.3780833333333333,84.66666666666667,0.35083333333333333,11.775,3.9,3.86
2023-11-18,22.0,14.9,4.6,4.03,23.41,0.3794583333333333,83.75,0.38083333333333336,12.0375,4.6,4.03
2023-11-19,21.6,14.9,5.0,3.34,19.81,0.37525000000000003,86.75,0.29083333333333333,11.1,5.0,3.34
2023-11-20,21.6,15.1,6.4,2.64,14.35,0.39929166666666666,85.04166666666667,0.31625,9.629166666666666,6.4,2.64
2023-11-21,20.9,15.0,5.4,2.58,14.51,0.4053333333333333,89.625,0.22541666666666668,7.116666666666667,5.4,2.58
2023-11-22,21.1,14.0,28.2,2.76,15.04,0.41458333333333336,88.33333333333333,0.2525,5.041666666666667,28.2,2.76
2023-11-23,21.4,15.0,12.7,3.05,16.6,0.42241666666666666,85.875,0.3045833333333333,6.9125000000000005,12.7,3.05
2023-11-24,18.6,15.1,6.5,1.83,10.03,0.4218333333333333,88.70833333333333,0.22041666666666668,6.2749999999999995,6.5,1.83
2023-11-25,23.0,11.2,23.2,3.92,21.98,0.41616666666666663,85.66666666666667,0.3275,4.2375,23.2,3.92
2023-11-26,22.2,14.4,7.4,3.25,18.1,0.41816666666666663,85.79166666666667,0.3266666666666667,5.766666666666667,7.4,3.25
2023-11-27,23.9,13.9,1.4,4.07,22.2,0.40170833333333333,81.125,0.46166666666666667,7.045833333333333,1.4,4.07
2023-11-28,22.9,13.4,4.9,3.92,21.46,0.39083333333333337,79.25,0.4875,7.270833333333333,4.9,3.92
2023-11-29,24.2,10.7,1.9,4.76,25.22,0.3745833333333333,69.66666666666667,0.7125,9.875,1.9,4.76
2023-11-30,24.0,11.7,0.0,4.86,25.96,0.358125,70.66666666666667,0.7108333333333333,9.575000000000001,0.0,4.86
2023-12-01,24.0,12.4,0.1,4.75,25.05,0.33579166666666665,66.625,0.7654166666666667,10.6,0.1,4.75
2023-12-02,24.0,11.6,1.2,4.4,23.67,0.322375,78.04166666666667,0.5483333333333333,7.791666666666667,1.2,4.4
2023-12-03,22.3,12.8,2.2,4.14,23.13,0.325625,81.33333333333333,0.44125,6.129166666666666,2.2,4.14
2023-12-04,22.2,12.2,1.7,3.83,21.13,0.3362083333333334,79.33333333333333,0.48041666666666666,6.458333333333333,1.7,3.83
2023-12-05,24.0,12.1,0.0,4.65,25.43,0.32679166666666665,74.95833333333333,0.6220833333333333,7.116666666666667,0.0,4.65
2023-12-06,25.4,10.9,2.4,4.53,24.34,0.31716666666666665,75.45833333333333,0.5991666666666667,7.383333333333333,2.4,4.53
2023-12-07,25.4,9.1,0.5,5.02,26.44,0.30295833333333333,66.625,0.8079166666666667,6.229166666666667,0.5,5.02
2023-12-08,25.5,8.9,0.0,5.17,27.25,0.282875,65.25,0.8424999999999999,6.983333333333333,0.0,5.17
2023-12-09,24.1,10.8,1.4,4.56,24.99,0.2697916666666667,77.33333333333333,0.5208333333333334,6.1000000000000005,1.4,4.56
2023-12-10,23.2,12.6,3.1,3.87,21.46,0.2997916666666667,81.04166666666667,0.43,6.079166666666667,3.1,3.87
2023-12-11,23.8,12.5,0.7,4.02,21.9,0.327625,81.16666666666667,0.4475,7.754166666666666,0.7,4.02
2023-12-12,23.2,12.8,0.5,4.01,21.72,0.3094166666666667,81.41666666666667,0.43416666666666665,4.9624999999999995,0.5,4.01
2023-12-13,25.2,13.8,4.9,4.43,24.37,0.29441666666666666,82.91666666666667,0.43041666666666667,4.891666666666667,4.9,4.43
2023-12-14,22.6,12.1,6.0,3.89,21.75,0.32325,85.875,0.33791666666666664,5.633333333333333,6.0,3.89
2023-12-15,21.6,13.6,5.1,3.3,18.98,0.37554166666666666,88.0,0.2675,7.2875000000000005,5.1,3.3
2023-12-16,21.3,13.7,3.9,3.02,16.24,0.387375,84.95833333333333,0.32375,5.108333333333333,3.9,3.02
2023-12-17,23.5,13.1,1.1,3.86,20.25,0.3725,75.41666666666667,0.5725,9.604166666666666,1.1,3.86
2023-12-18,23.6,11.4,0.8,4.43,24.44,0.3549166666666667,78.33333333333333,0.52375,7.004166666666666,0.8,4.43
2023-12-19,22.7,12.1,0.7,3.86,21.02,0.33508333333333334,78.45833333333333,0.5120833333333333,5.995833333333334,0.7,3.86
2023-12-20,24.0,11.3,1.7,4.23,23.4,0.32295833333333335,78.41666666666667,0.51,6.3625,1.7,4.23
2023-12-21,24.0,11.8,1.6,4.5,24.18,0.3259166666666667,75.20833333333333,0.62375,6.925,1.6,4.5
2023-12-22,23.1,9.8,2.3,4.31,23.22,0.3157083333333333,75.375,0.5675,6.3625,2.3,4.31
2023-12-23,23.1,12.4,0.3,3.85,21.16,0.3560833333333333,80.16666666666667,0.47125,6.391666666666667,0.3,3.85
2023-12-24,22.9,11.2,10.9,3.58,19.81,0.3832083333333333,82.375,0.39125000000000004,5.079166666666667,10.9,3.58
2023-12-25,23.6,12.5,2.2,4.06,22.2,0.3720833333333333,82.66666666666667,0.425,6.054166666666667,2.2,4.06
2023-12-26,22.2,13.8,7.6,3.35,18.44,0.385375,84.5,0.3545833333333333,5.733333333333333,7.6,3.35
2023-12-27,24.4,11.6,0.9,4.05,21.59,0.38645833333333335,75.25,0.6020833333333333,7.229166666666667,0.9,4.05
2023-12-28,24.8,12.3,0.3,4.93,25.71,0.362875,68.58333333333333,0.7779166666666667,9.904166666666667,0.3,4.93
2023-12-29,23.9,13.4,0.9,4.22,22.41,0.34604166666666664,76.125,0.5812499999999999,4.75,0.9,4.22
2023-12-30,24.2,13.1,8.0,3.86,20.59,0.35370833333333335,81.5,0.4429166666666667,5.6125,8.0,3.86
2023-12-31,24.0,13.9,1.8,4.35,23.47,0.37204166666666666,80.04166666666667,0.5004166666666666,6.358333333333333,1.8,4.35
2024-01-01,23.0,13.4,4.3,4.08,22.38,0.3599583333333333,81.95833333333333,0.4270833333333333,4.625,4.3,4.08
2024-01-02,24.6,14.1,1.7,4.48,24.03,0.3602916666666667,78.45833333333333,0.5554166666666667,7.3625,1.7,4.48
2024-01-03,24.5,13.7,0.9,4.64,24.64,0.35412499999999997,76.41666666666667,0.6154166666666666,7.745833333333334,0.9,4.64
2024-01-04,24.8,13.4,0.2,4.73,25.36,0.33066666666666666,75.08333333333333,0.6516666666666667,7.141666666666667,0.2,4.73
2024-01-05,24.1,12.5,2.6,4.49,23.99,0.325125,77.29166666666667,0.5812499999999999,6.383333333333333,2.6,4.49
2024-01-06,24.0,12.4,3.9,4.05,21.47,0.3369583333333333,78.54166666666667,0.5333333333333333,6.125,3.9,4.05
2024-01-07,23.2,14.0,5.4,4.1,22.15,0.3739166666666667,81.0,0.4670833333333333,6.6625000000000005,5.4,4.1
2024-01-08,22.2,14.0,8.6,3.75,20.55,0.38995833333333335,81.0,0.4395833333333334,5.595833333333334,8.6,3.75
2024-01-09,23.0,15.1,3.4,3.7,20.03,0.3861666666666667,81.25,0.42333333333333334,4.679166666666666,3.4,3.7
2024-01-10,23.6,13.1,6.7,3.91,21.28,0.384125,82.58333333333333,0.4166666666666667,5.566666666666666,6.7,3.91
2024-01-11,24.6,13.7,0.2,3.91,20.41,0.3765833333333333,80.79166666666667,0.48291666666666666,4.695833333333334,0.2,3.91
2024-01-12,21.9,14.9,5.4,3.1,16.92,0.3674583333333333,80.875,0.4166666666666667,5.533333333333332,5.4,3.1
2024-01-13,23.0,14.6,7.7,2.85,14.9,0.382875,84.83333333333333,0.3575,6.6125,7.7,2.85
2024-01-14,25.0,13.2,2.5,4.27,23.2,0.3489583333333333,80.83333333333333,0.4775,6.783333333333334,2.5,4.27
2024-01-15,24.8,12.0,10.6,4.25,23.63,0.3670833333333334,82.66666666666667,0.4254166666666666,6.166666666666667,10.6,4.25
2024-01-16,24.2,12.1,1.5,4.42,23.8,0.3794583333333333,77.54166666666667,0.5625,6.641666666666667,1.5,4.42
2024-01-17,25.2,11.9,0.4,4.33,22.58,0.3555833333333333,77.0,0.6004166666666667,7.729166666666667,0.4,4.33
2024-01-18,23.1,13.6,9.2,3.36,18.0,0.3685416666666666,80.91666666666667,0.4283333333333334,5.7875000000000005,9.2,3.36
2024-01-19,24.7,13.7,8.4,4.22,22.54,0.39362500000000006,79.375,0.51625,9.033333333333333,8.4,4.22
2024-01-20,23.1,14.9,2.4,3.43,18.74,0.391125,81.54166666666667,0.43333333333333335,8.254166666666666,2.4,3.43
2024-01-21,24.5,15.1,1.5,3.99,19.98,0.3822083333333333,73.33333333333333,0.6520833333333333,9.5,1.5,3.99
2024-01-22,25.0,11.6,0.0,4.58,23.47,0.3705833333333333,68.625,0.7891666666666667,9.133333333333335,0.0,4.58
2024-01-23,25.2,10.4,0.0,4.9,25.2,0.33949999999999997,68.625,0.7983333333333333,9.341666666666667,0.0,4.9
2024-01-24,26.0,9.4,0.0,5.1,25.97,0.3145833333333333,66.16666666666667,0.8479166666666668,7.8125,0.0,5.1
2024-01-25,25.1,10.9,0.4,4.73,24.63,0.29954166666666665,71.29166666666667,0.7229166666666668,6.720833333333334,0.4,4.73
2024-01-26,25.0,10.6,2.2,4.62,24.11,0.2977916666666666,75.79166666666667,0.6258333333333334,5.808333333333334,2.2,4.62
2024-01-27,23.5,11.1,1.9,4.46,23.94,0.30875,77.75,0.5325,4.9624999999999995,1.9,4.46
2024-01-28,24.2,10.4,0.8,4.68,25.01,0.306125,75.33333333333333,0.6095833333333334,7.029166666666666,0.8,4.68
2024-01-29,25.0,11.0,1.0,4.9,25.87,0.2914583333333333,73.91666666666667,0.6708333333333334,6.7250000000000005,1.0,4.9
2024-01-30,25.7,11.2,2.5,4.76,25.2,0.28425,74.58333333333333,0.6295833333333333,6.75,2.5,4.76
2024-01-31,26.4,10.9,0.5,4.87,25.21,0.2860416666666667,73.16666666666667,0.7075,7.862500000000001,0.5,4.87
2024-02-01,24.4,13.9,1.3,4.82,25.3,0.285375,73.75,0.6566666666666666,7.6499999999999995,1.3,4.82
2024-02-02,25.4,9.8,0.0,5.17,26.81,0.26408333333333334,65.91666666666667,0.835,7.1499999999999995,0.0,5.17
2024-02-03,24.4,12.2,0.3,4.77,24.65,0.2517916666666667,69.58333333333333,0.7391666666666666,6.95,0.3,4.77
2024-02-04,23.7,13.6,2.0,4.24,22.29,0.24975,74.5,0.5933333333333334,6.320833333333333,2.0,4.24
2024-02-05,24.9,12.6,0.6,4.68,24.63,0.244125,71.45833333333333,0.7070833333333333,5.866666666666667,0.6,4.68
2024-02-06,26.4,11.6,0.1,4.66,22.9,0.23299999999999998,65.20833333333333,0.8479166666666668,7.408333333333334,0.1,4.66
2024-02-07,23.9,11.9,0.5,4.59,24.22,0.22658333333333336,72.41666666666667,0.6504166666666668,5.991666666666667,0.5,4.59
2024-02-08,23.2,12.6,1.1,4.41,23.7,0.22387500000000002,74.54166666666667,0.5908333333333333,7.229166666666667,1.1,4.41
2024-02-09,25.0,12.2,3.7,4.8,24.7,0.22595833333333334,75.375,0.65125,6.1625000000000005,3.7,4.8
2024-02-10,24.9,13.0,3.4,4.31,22.78,0.22829166666666667,78.5,0.5416666666666666,6.7875000000000005,3.4,4.31
2024-02-11,24.2,11.4,1.3,4.54,23.5,0.23791666666666667,73.54166666666667,0.6554166666666666,6.091666666666666,1.3,4.54
2024-02-12,25.3,11.6,1.0,4.91,25.61,0.2383333333333333,71.83333333333333,0.7004166666666666,7.145833333333333,1.0,4.91
2024-02-13,25.7,10.9,0.4,5.09,26.32,0.232375,69.70833333333333,0.7858333333333333,6.558333333333334,0.4,5.09
2024-02-14,25.0,12.1,0.9,5.15,26.42,0.22654166666666667,71.625,0.7445833333333334,6.9125000000000005,0.9,5.15
2024-02-15,26.3,13.2,0.1,5.37,26.56,0.21129166666666666,65.54166666666667,0.9104166666666668,9.033333333333333,0.1,5.37
2024-02-16,25.5,11.3,0.5,5.16,26.22,0.1945416666666667,64.33333333333333,0.8733333333333334,7.716666666666666,0.5,5.16
2024-02-17,25.7,11.2,0.3,5.08,25.55,0.18729166666666666,67.375,0.8562500000000001,6.95,0.3,5.08
2024-02-18,29.0,11.6,0.0,5.56,25.71,0.18408333333333335,55.791666666666664,1.2370833333333333,9.229166666666666,0.0,5.56
2024-02-19,28.4,12.1,0.2,5.29,25.19,0.17733333333333334,61.75,1.0854166666666667,8.545833333333333,0.2,5.29
2024-02-20,25.9,11.4,1.1,4.83,24.54,0.18437499999999998,71.83333333333333,0.7654166666666667,5.620833333333334,1.1,4.83
2024-02-21,26.5,13.6,2.0,4.93,24.9,0.22720833333333335,69.08333333333333,0.82125,7.416666666666667,2.0,4.93
2024-02-22,25.6,13.2,0.0,4.98,24.75,0.2207916666666667,63.25,0.94,7.4375,0.0,4.98
2024-02-23,24.2,12.6,0.1,4.61,22.2,0.217,65.04166666666667,0.8166666666666668,10.862499999999999,0.1,4.61
2024-02-24,21.7,14.4,2.1,3.09,16.47,0.22679166666666664,75.83333333333333,0.5070833333333333,7.6875,2.1,3.09
2024-02-25,26.8,11.4,1.4,5.05,24.9,0.24070833333333333,68.70833333333333,0.8770833333333333,7.25,1.4,5.05
2024-02-26,27.6,12.6,0.0,4.82,22.53,0.223625,65.29166666666667,1.0,6.875,0.0,4.82
2024-02-27,27.1,12.6,5.3,4.05,21.05,0.23645833333333333,73.83333333333333,0.6649999999999999,5.779166666666666,5.3,4.05
2024-02-28,24.5,13.1,15.5,3.86,20.44,0.32029166666666664,82.70833333333333,0.42291666666666666,5.1375,15.5,3.86
2024-02-29,26.5,10.9,9.2,4.87,25.84,0.35925,79.58333333333333,0.54625,5.683333333333334,9.2,4.87
2024-03-01,26.1,13.4,3.6,5.03,26.36,0.3626666666666667,76.33333333333333,0.6395833333333333,5.266666666666667,3.6,5.03
2024-03-02,25.8,12.1,0.5,5.15,26.6,0.3473333333333333,69.95833333333333,0.78625,6.304166666666667,0.5,5.15
2024-03-03,26.5,10.0,0.6,5.21,26.24,0.31175,65.83333333333333,0.9058333333333333,7.508333333333333,0.6,5.21
2024-03-04,26.1,12.3,0.2,4.98,25.61,0.288125,72.33333333333333,0.7254166666666667,5.716666666666666,0.2,4.98
2024-03-05,24.6,11.4,4.6,4.59,24.95,0.30575,79.70833333333333,0.49666666666666665,6.5625,4.6,4.59
2024-03-06,23.0,15.4,1.1,4.18,22.1,0.33825,74.16666666666667,0.5858333333333333,9.179166666666667,1.1,4.18
2024-03-07,24.1,11.1,0.4,5.01,26.27,0.31854166666666667,68.33333333333333,0.7720833333333333,9.125,0.4,5.01
2024-03-08,24.8,13.6,3.5,4.46,23.58,0.3056666666666667,75.91666666666667,0.5995833333333334,6.4750000000000005,3.5,4.46
2024-03-09,24.5,13.7,4.3,4.16,22.24,0.31983333333333336,77.66666666666667,0.5208333333333334,8.183333333333334,4.3,4.16
2024-03-10,24.5,13.4,0.9,4.95,25.14,0.34958333333333336,69.75,0.7575,7.408333333333334,0.9,4.95
2024-03-11,25.4,12.6,0.3,4.94,24.93,0.3196666666666667,66.375,0.8354166666666667,8.15,0.3,4.94
2024-03-12,24.5,11.6,0.2,5.07,26.4,0.2945,65.70833333333333,0.8045833333333333,6.770833333333333,0.2,5.07
2024-03-13,23.9,13.5,3.5,4.57,23.84,0.29475,71.70833333333333,0.6554166666666666,8.683333333333334,3.5,4.57
2024-03-14,23.2,15.1,22.7,3.64,18.45,0.3458333333333334,76.04166666666667,0.5333333333333333,9.033333333333333,22.7,3.64
2024-03-15,23.9,12.2,0.6,4.75,24.35,0.36483333333333334,67.91666666666667,0.72625,9.920833333333333,0.6,4.75
2024-03-16,24.8,10.8,0.0,5.17,26.88,0.328625,69.25,0.7487499999999999,6.895833333333333,0.0,5.17
2024-03-17,26.1,12.4,0.0,5.55,26.93,0.2995833333333333,61.333333333333336,1.00125,7.845833333333334,0.0,5.55
2024-03-18,25.5,12.3,0.2,5.06,25.24,0.2774166666666667,65.33333333333333,0.8470833333333333,7.383333333333333,0.2,5.06
2024-03-19,25.6,15.4,0.4,5.17,25.41,0.26175,69.25,0.7966666666666667,8.216666666666667,0.4,5.17
2024-03-20,24.8,12.2,0.3,5.07,25.5,0.2565,66.0,0.8445833333333334,8.516666666666667,0.3,5.07
2024-03-21,25.8,14.5,0.2,5.24,26.43,0.24816666666666665,65.79166666666667,0.8754166666666667,7.0249999999999995,0.2,5.24
2024-03-22,24.9,14.4,1.6,5.08,24.88,0.23483333333333334,63.208333333333336,0.9166666666666666,8.216666666666667,1.6,5.08
2024-03-23,26.4,14.1,0.8,4.93,24.86,0.21516666666666664,70.79166666666667,0.7287500000000001,9.008333333333333,0.8,4.93
2024-03-24,25.6,13.8,1.7,4.76,24.23,0.213125,76.125,0.6395833333333333,8.737499999999999,1.7,4.76
2024-03-25,25.4,15.1,2.7,4.64,24.32,0.21454166666666666,77.0,0.6108333333333333,7.679166666666667,2.7,4.64
2024-03-26,24.6,16.1,1.7,4.41,22.98,0.215,75.16666666666667,0.6245833333333334,8.983333333333333,1.7,4.41
2024-03-27,23.5,15.9,4.6,3.89,20.71,0.22145833333333334,79.58333333333333,0.48374999999999996,9.65,4.6,3.89
2024-03-28,24.2,14.2,2.9,4.28,22.01,0.22066666666666668,73.91666666666667,0.63875,8.0875,2.9,4.28
2024-03-29,24.0,12.4,3.4,4.35,23.23,0.22316666666666665,77.20833333333333,0.54875,6.5874999999999995,3.4,4.35
2024-03-30,22.2,13.8,7.0,3.59,20.13,0.313375,85.625,0.33749999999999997,6.4624999999999995,7.0,3.59
2024-03-31,22.8,16.0,2.4,4.32,23.37,0.33445833333333336,79.16666666666667,0.49374999999999997,10.804166666666667,2.4,4.32
2024-04-01,23.3,13.4,0.5,3.83,21.04,0.3212916666666667,78.875,0.48833333333333334,9.279166666666667,0.5,3.83
2024-04-02,24.5,15.6,1.8,4.54,24.79,0.32558333333333334,78.125,0.5379166666666667,9.766666666666667,1.8,4.54
2024-04-03,25.0,13.5,4.6,4.83,26.09,0.31904166666666667,79.66666666666667,0.5233333333333333,7.141666666666667,4.6,4.83
2024-04-04,22.1,14.9,35.1,2.47,12.44,0.3965,83.79166666666667,0.3758333333333333,5.3875,35.1,2.47
2024-04-05,23.1,13.2,3.1,3.83,21.04,0.354875,81.5,0.4370833333333333,6.708333333333333,3.1,3.83
2024-04-06,22.0,15.4,8.4,3.02,16.47,0.3769166666666666,86.95833333333333,0.29541666666666666,6.604166666666667,8.4,3.02
2024-04-07,24.0,13.7,6.0,3.68,20.16,0.36308333333333337,86.04166666666667,0.34041666666666665,4.8625,6.0,3.68
2024-04-08,24.5,12.6,15.1,3.77,20.59,0.3914583333333333,86.125,0.3408333333333333,4.841666666666667,15.1,3.77
2024-04-09,23.2,14.5,10.0,2.44,11.8,0.41029166666666667,82.70833333333333,0.4166666666666667,4.8500000000000005,10.0,2.44
2024-04-10,24.8,10.6,5.6,4.38,23.22,0.3713333333333333,77.54166666666667,0.54875,5.404166666666666,5.6,4.38
2024-04-11,24.9,14.0,5.9,3.89,20.85,0.392375,83.0,0.41875,5.2875000000000005,5.9,3.89
2024-04-12,24.6,15.0,8.8,3.9,21.49,0.408,85.70833333333333,0.35000000000000003,5.791666666666667,8.8,3.9
2024-04-13,23.0,15.4,6.3,3.55,19.49,0.40720833333333334,87.54166666666667,0.30041666666666667,6.079166666666667,6.3,3.55
2024-04-14,23.2,15.6,8.0,3.61,19.81,0.41483333333333333,87.25,0.3095833333333333,6.304166666666667,8.0,3.61
2024-04-15,24.2,14.7,7.3,3.93,21.59,0.416375,87.16666666666667,0.32875000000000004,6.4875,7.3,3.93
2024-04-16,23.2,14.9,0.5,4.17,23.16,0.39362500000000006,82.375,0.43250000000000005,6.904166666666668,0.5,4.17
2024-04-17,23.8,14.9,1.2,4.34,23.58,0.372125,78.875,0.5270833333333333,9.450000000000001,1.2,4.34
2024-04-18,23.4,14.6,0.6,4.22,23.56,0.3579583333333333,83.08333333333333,0.4295833333333334,9.133333333333333,0.6,4.22
2024-04-19,23.6,15.2,3.6,3.86,21.45,0.345875,85.20833333333333,0.36125,7.466666666666668,3.6,3.86
2024-04-20,25.6,14.2,4.4,3.88,21.12,0.3838333333333333,84.54166666666667,0.39291666666666664,5.004166666666666,4.4,3.88
2024-04-21,23.0,14.8,8.4,3.27,18.39,0.4045,88.33333333333333,0.27,5.720833333333334,8.4,3.27
2024-04-22,24.0,13.9,8.6,4.02,22.26,0.41583333333333333,86.91666666666667,0.3275,6.266666666666667,8.6,4.02
2024-04-23,23.9,14.6,6.2,3.62,20.21,0.40608333333333335,86.95833333333333,0.3183333333333333,6.4375,6.2,3.62
2024-04-24,24.2,14.2,7.8,4.12,23.5,0.4110833333333333,86.91666666666667,0.33041666666666664,7.408333333333334,7.8,4.12
2024-04-25,24.0,14.2,11.6,3.77,21.03,0.41091666666666665,87.91666666666667,0.29458333333333336,4.845833333333333,11.6,3.77
2024-04-26,22.2,15.5,17.4,2.72,14.22,0.42991666666666667,89.91666666666667,0.22916666666666666,3.4291666666666667,17.4,2.72
2024-04-27,23.1,15.2,6.8,3.72,20.35,0.4202916666666667,88.375,0.27999999999999997,4.925,6.8,3.72
2024-04-28,22.0,15.1,11.3,3.07,16.76,0.42008333333333336,89.625,0.23708333333333334,6.245833333333334,11.3,3.07
2024-04-29,23.2,14.9,13.3,3.42,18.61,0.4210833333333333,87.45833333333333,0.2966666666666667,4.033333333333333,13.3,3.42
2024-04-30,24.4,13.1,11.4,4.03,21.61,0.409875,86.16666666666667,0.3545833333333333,3.279166666666667,11.4,4.03
2024-05-01,24.8,15.0,18.8,3.69,20.37,0.4144583333333333,88.5,0.28541666666666665,5.220833333333333,18.8,3.69
2024-05-02,23.0,15.8,23.7,2.53,13.02,0.42966666666666664,88.125,0.27999999999999997,3.7125,23.7,2.53
2024-05-03,22.4,16.0,13.2,3.2,17.49,0.4214166666666666,87.58333333333333,0.29041666666666666,4.945833333333334,13.2,3.2
2024-05-04,19.5,15.9,23.2,1.46,6.83,0.427625,89.58333333333333,0.215,5.583333333333333,23.2,1.46
2024-05-05,22.8,15.1,5.4,3.1,16.47,0.4070833333333333,84.79166666666667,0.3645833333333333,5.0874999999999995,5.4,3.1
2024-05-06,22.4,15.0,5.7,2.45,13.08,0.41850000000000004,89.20833333333333,0.24875,6.795833333333333,5.7,2.45
2024-05-07,21.6,15.4,8.0,2.85,16.43,0.41287500000000005,90.25,0.21416666666666664,9.270833333333334,8.0,2.85
2024-05-08,22.0,14.1,3.0,3.76,22.02,0.3946666666666667,86.66666666666667,0.3179166666666667,10.179166666666667,3.0,3.76
2024-05-09,22.2,14.7,7.3,3.74,22.06,0.40575,85.20833333333333,0.34791666666666665,13.208333333333334,7.3,3.74
2024-05-10,23.0,14.9,4.2,3.8,22.11,0.3965,85.75,0.33416666666666667,10.283333333333333,4.2,3.8
2024-05-11,22.6,13.2,0.5,4.13,23.42,0.37766666666666665,83.5,0.4008333333333333,8.141666666666667,0.5,4.13
2024-05-12,23.2,13.9,1.4,4.24,23.37,0.3629166666666666,79.83333333333333,0.49041666666666667,7.416666666666667,1.4,4.24
2024-05-13,23.4,12.3,0.1,4.31,24.32,0.3498333333333334,80.5,0.4583333333333333,7.916666666666667,0.1,4.31
2024-05-14,23.9,13.8,0.2,4.2,23.28,0.3310416666666667,79.75,0.48125,8.929166666666667,0.2,4.2
2024-05-15,23.0,11.6,0.5,4.28,24.14,0.31883333333333336,81.58333333333333,0.4295833333333334,7.345833333333334,0.5,4.28
2024-05-16,22.9,11.4,0.9,4.08,22.97,0.31216666666666665,82.75,0.3925,6.216666666666666,0.9,4.08
2024-05-17,23.3,11.9,0.0,4.32,24.47,0.30754166666666666,82.5,0.4283333333333333,6.816666666666666,0.0,4.32
2024-05-18,23.9,15.1,2.0,4.2,22.62,0.2940833333333333,80.25,0.4970833333333333,6.945833333333333,2.0,4.2
2024-05-19,24.2,14.4,8.4,4.01,22.23,0.31954166666666667,82.54166666666667,0.4091666666666667,6.191666666666666,8.4,4.01
2024-05-20,24.3,11.9,21.6,4.28,23.75,0.34825,84.04166666666667,0.37958333333333333,4.3625,21.6,4.28
2024-05-21,22.8,13.6,13.3,3.69,21.07,0.3957916666666667,85.45833333333333,0.3325,6.029166666666666,13.3,3.69
2024-05-22,22.2,14.3,2.0,3.5,19.5,0.38258333333333333,83.375,0.375,9.308333333333334,2.0,3.5
2024-05-23,22.9,14.9,4.5,3.85,22.31,0.3877916666666667,85.41666666666667,0.3475,12.558333333333332,4.5,3.85
2024-05-24,22.1,13.8,1.8,3.83,22.28,0.38066666666666665,84.45833333333333,0.35874999999999996,9.533333333333333,1.8,3.83
2024-05-25,22.9,12.7,1.3,4.03,23.08,0.3621666666666667,83.16666666666667,0.38166666666666665,7.45,1.3,4.03
2024-05-26,22.8,10.9,2.0,3.93,21.96,0.3645,85.04166666666667,0.35125,5.429166666666667,2.0,3.93
2024-05-27,23.0,12.1,4.4,4.24,23.83,0.3622916666666667,84.08333333333333,0.38666666666666666,6.9750000000000005,4.4,4.24
2024-05-28,22.9,13.8,0.3,4.13,23.31,0.3485833333333333,81.875,0.42375,8.154166666666667,0.3,4.13
2024-05-29,22.6,12.9,2.2,3.89,22.2,0.34016666666666673,83.25,0.3766666666666667,7.466666666666666,2.2,3.89
2024-05-30,22.3,11.2,4.1,4.05,23.17,0.33795833333333336,82.45833333333333,0.39166666666666666,7.820833333333333,4.1,4.05
2024-05-31,23.2,10.9,1.3,4.07,22.82,0.33033333333333337,78.625,0.47500000000000003,7.8,1.3,4.07
2024-06-01,23.5,12.4,0.7,4.19,23.01,0.32608333333333334,80.41666666666667,0.4579166666666667,7.483333333333333,0.7,4.19
2024-06-02,22.9,12.9,0.9,4.02,22.62,0.32508333333333334,83.41666666666667,0.3875,6.908333333333334,0.9,4.02
2024-06-03,23.4,12.6,0.0,3.92,21.96,0.31345833333333334,83.70833333333333,0.3841666666666667,6.825,0.0,3.92
2024-06-04,23.0,11.9,3.1,3.89,21.81,0.31275000000000003,83.83333333333333,0.38375000000000004,6.95,3.1,3.89
2024-06-05,23.7,10.9,0.7,4.21,23.35,0.32575000000000004,81.875,0.43875,6.708333333333333,0.7,4.21
2024-06-06,22.0,12.9,1.5,3.69,21.21,0.3260416666666667,83.91666666666667,0.3541666666666667,7.7625,1.5,3.69
2024-06-07,23.6,11.1,1.0,4.1,22.71,0.31495833333333334,80.16666666666667,0.45625000000000004,7.129166666666666,1.0,4.1
2024-06-08,22.6,14.0,2.0,3.75,21.73,0.31120833333333336,84.375,0.34874999999999995,9.487499999999999,2.0,3.75
2024-06-09,19.7,14.1,4.8,2.37,13.89,0.325875,88.54166666666667,0.22875,11.033333333333333,4.8,2.37
2024-06-10,21.1,12.1,1.5,3.49,20.54,0.32841666666666663,83.75,0.3475,8.254166666666666,1.5,3.49
2024-06-11,20.0,13.4,4.3,3.5,20.82,0.3350416666666667,82.75,0.35125,9.558333333333334,4.3,3.5
2024-06-12,21.0,11.4,0.9,3.72,21.78,0.32945833333333335,80.625,0.39875,7.875,0.9,3.72
2024-06-13,21.8,9.9,0.0,4.11,23.88,0.30895833333333333,79.0,0.44166666666666665,8.295833333333333,0.0,4.11
2024-06-14,21.1,10.2,0.0,4.08,24.29,0.2907916666666666,78.79166666666667,0.425,8.054166666666667,0.0,4.08
2024-06-15,21.1,11.4,0.7,4.03,23.62,0.27999999999999997,80.20833333333333,0.4066666666666667,7.891666666666667,0.7,4.03
2024-06-16,22.2,13.4,0.9,3.85,21.84,0.2764583333333333,79.66666666666667,0.4354166666666666,8.9,0.9,3.85
2024-06-17,22.5,12.8,1.3,3.98,22.54,0.27395833333333336,78.875,0.45375000000000004,9.033333333333333,1.3,3.98
2024-06-18,21.5,10.8,0.0,4.01,23.36,0.290125,76.33333333333333,0.48833333333333334,8.8125,0.0,4.01
2024-06-19,22.4,12.1,1.2,3.98,21.92,0.27920833333333334,76.45833333333333,0.5275,10.0625,1.2,3.98
2024-06-20,19.4,13.7,4.7,3.02,18.42,0.289375,85.91666666666667,0.2891666666666666,13.383333333333333,4.7,3.02
2024-06-21,20.3,13.1,2.8,3.1,18.36,0.3328333333333333,81.75,0.3641666666666667,12.895833333333334,2.8,3.1
2024-06-22,20.8,12.8,0.5,3.79,22.45,0.31479166666666664,78.58333333333333,0.43083333333333335,10.429166666666667,0.5,3.79
2024-06-23,20.6,8.8,0.0,4.03,23.8,0.29141666666666666,74.66666666666667,0.5058333333333334,8.883333333333333,0.0,4.03
2024-06-24,20.3,10.4,0.0,3.75,22.84,0.2784583333333333,79.08333333333333,0.40458333333333335,10.137500000000001,0.0,3.75
2024-06-25,20.5,8.9,0.0,3.99,24.33,0.26666666666666666,73.91666666666667,0.4825,8.745833333333334,0.0,3.99
2024-06-26,22.2,8.6,0.0,3.86,22.15,0.25558333333333333,71.70833333333333,0.5420833333333334,9.104166666666666,0.0,3.86
2024-06-27,19.1,12.4,1.7,2.84,16.68,0.256875,80.875,0.35375,11.920833333333334,1.7,2.84
2024-06-28,20.8,9.8,0.1,3.62,21.03,0.25658333333333333,76.875,0.4633333333333334,9.904166666666667,0.1,3.62
2024-06-29,21.5,11.3,0.0,3.91,23.06,0.24945833333333334,78.75,0.4320833333333334,10.012500000000001,0.0,3.91
2024-06-30,21.0,11.6,0.1,3.72,21.88,0.24420833333333333,77.29166666666667,0.45166666666666666,11.0,0.1,3.72
2024-07-01,21.3,10.4,0.0,4.08,23.61,0.24,75.375,0.5087499999999999,9.908333333333333,0.0,4.08
2024-07-02,22.0,10.1,0.0,4.09,23.32,0.22824999999999998,73.29166666666667,0.5537500000000001,8.887500000000001,0.0,4.09
2024-07-03,22.0,10.9,0.7,4.19,23.55,0.21983333333333333,76.16666666666667,0.5204166666666666,7.279166666666666,0.7,4.19
2024-07-04,22.1,12.0,0.1,3.92,22.03,0.21824999999999997,76.70833333333333,0.5091666666666667,9.545833333333333,0.1,3.92
2024-07-05,22.8,12.4,0.7,4.02,22.54,0.21462499999999998,77.125,0.49125,9.120833333333334,0.7,4.02
2024-07-06,22.7,12.4,1.7,3.6,20.92,0.209875,83.66666666666667,0.35375,6.995833333333334,1.7,3.6
2024-07-07,22.4,12.9,14.9,3.18,17.97,0.3173333333333333,86.20833333333333,0.30875,5.395833333333333,14.9,3.18
2024-07-08,22.2,11.4,9.8,3.27,18.81,0.37266666666666665,86.70833333333333,0.29541666666666666,6.308333333333334,9.8,3.27
2024-07-09,21.0,12.9,2.8,3.02,17.64,0.37879166666666664,88.58333333333333,0.2404166666666667,6.570833333333333,2.8,3.02
2024-07-10,19.7,12.7,1.6,2.7,15.54,0.362875,82.83333333333333,0.33625,11.691666666666668,1.6,2.7
2024-07-11,20.3,11.6,0.0,3.6,21.32,0.3369166666666667,80.08333333333333,0.3875,10.075000000000001,0.0,3.6
2024-07-12,21.2,8.1,0.0,4.16,24.18,0.31483333333333335,72.875,0.545,9.75,0.0,4.16
2024-07-13,19.3,13.1,1.0,2.89,16.69,0.3027916666666666,82.08333333333333,0.3558333333333334,11.166666666666666,1.0,2.89
2024-07-14,21.4,12.2,0.9,3.39,19.74,0.29916666666666664,83.875,0.34041666666666665,8.387500000000001,0.9,3.39
2024-07-15,22.8,11.4,0.0,3.86,22.1,0.28941666666666666,78.16666666666667,0.46416666666666667,7.1375,0.0,3.86
2024-07-16,19.2,12.8,0.6,2.52,14.54,0.28604166666666664,85.45833333333333,0.27791666666666665,8.091666666666667,0.6,2.52
2024-07-17,18.9,13.8,6.8,1.77,10.05,0.32745833333333335,90.83333333333333,0.1729166666666667,10.754166666666668,6.8,1.77
2024-07-18,18.3,13.1,2.2,1.82,10.12,0.3518333333333333,89.66666666666667,0.18875,11.029166666666667,2.2,1.82
2024-07-19,19.4,12.2,0.8,2.49,14.57,0.34508333333333335,85.16666666666667,0.27791666666666665,10.141666666666667,0.8,2.49
2024-07-20,19.2,11.7,0.5,2.66,15.98,0.3332083333333334,84.45833333333333,0.29916666666666664,9.570833333333333,0.5,2.66
2024-07-21,21.4,12.4,0.3,3.52,20.55,0.31925,82.83333333333333,0.35708333333333336,8.5875,0.3,3.52
2024-07-22,21.4,13.9,2.3,3.01,17.46,0.3176666666666667,84.91666666666667,0.315,11.454166666666666,2.3,3.01
2024-07-23,20.2,12.2,0.3,3.55,21.03,0.31,77.5,0.4366666666666667,10.954166666666666,0.3,3.55
2024-07-24,21.9,10.9,0.4,3.89,22.56,0.2930833333333333,77.54166666666667,0.4395833333333334,7.1875,0.4,3.89
2024-07-25,22.0,10.6,3.1,3.63,20.69,0.29083333333333333,83.875,0.33875000000000005,4.7250000000000005,3.1,3.63
2024-07-26,21.5,14.1,6.0,2.79,15.78,0.31908333333333333,89.125,0.23166666666666666,7.733333333333333,6.0,2.79
2024-07-27,19.9,13.1,1.5,2.46,14.53,0.32875000000000004,88.95833333333333,0.21541666666666667,10.637500000000001,1.5,2.46
2024-07-28,21.3,12.3,2.8,3.45,19.72,0.31704166666666667,86.125,0.29791666666666666,6.595833333333334,2.8,3.45
2024-07-29,22.2,13.9,6.4,3.18,17.58,0.31783333333333336,85.875,0.3095833333333333,4.3,6.4,3.18
2024-07-30,20.8,11.9,4.2,2.92,17.23,0.35541666666666666,88.20833333333333,0.24833333333333332,7.779166666666666,4.2,2.92
2024-07-31,19.0,11.8,0.6,2.28,12.9,0.3604583333333333,85.95833333333333,0.26708333333333334,11.245833333333332,0.6,2.28
2024-08-01,19.7,11.6,0.0,3.3,18.86,0.34,78.20833333333333,0.42041666666666666,9.854166666666666,0.0,3.3
2024-08-02,20.5,11.5,0.1,3.63,21.29,0.323125,81.25,0.3695833333333333,8.654166666666667,0.1,3.63
2024-08-03,20.1,12.8,1.5,3.13,18.12,0.3127083333333333,82.08333333333333,0.34541666666666665,11.833333333333334,1.5,3.13
2024-08-04,20.1,13.4,2.8,2.6,14.9,0.3332083333333334,85.20833333333333,0.2916666666666667,10.608333333333333,2.8,2.6
2024-08-05,21.9,10.1,0.4,4.29,24.68,0.3115,80.75,0.4066666666666667,7.179166666666667,0.4,4.29
2024-08-06,23.5,10.8,10.2,3.84,22.07,0.329875,80.95833333333333,0.3979166666666667,6.0249999999999995,10.2,3.84
2024-08-07,21.2,11.5,0.0,3.92,22.79,0.35029166666666667,76.16666666666667,0.4891666666666667,10.575,0.0,3.92
2024-08-08,20.0,13.4,3.1,2.68,15.4,0.3332916666666667,85.79166666666667,0.28208333333333335,10.758333333333333,3.1,2.68
2024-08-09,18.9,13.8,3.6,2.28,13.23,0.343,88.375,0.2225,11.450000000000001,3.6,2.28
2024-08-10,19.7,13.1,1.5,2.86,16.78,0.33916666666666667,84.20833333333333,0.3066666666666667,11.720833333333333,1.5,2.86
2024-08-11,19.4,13.0,1.6,2.48,14.08,0.32837500000000003,84.25,0.29750000000000004,10.858333333333334,1.6,2.48
2024-08-12,19.8,13.8,2.4,2.57,14.42,0.3300416666666667,85.41666666666667,0.2816666666666667,10.279166666666667,2.4,2.57
2024-08-13,19.0,12.9,5.5,2.46,14.36,0.3360416666666666,85.875,0.26708333333333334,10.5625,5.5,2.46
2024-08-14,20.6,11.8,0.0,3.33,19.51,0.325625,82.66666666666667,0.3433333333333333,9.279166666666667,0.0,3.33
2024-08-15,20.5,12.4,0.6,3.14,19.17,0.30520833333333336,85.91666666666667,0.27875,10.237499999999999,0.6,3.14
2024-08-16,19.9,13.7,4.0,2.65,15.51,0.3195,87.75,0.24208333333333334,10.670833333333334,4.0,2.65
2024-08-17,21.8,11.6,0.1,3.87,21.91,0.3174166666666667,74.95833333333333,0.5045833333333333,10.233333333333333,0.1,3.87
2024-08-18,18.4,12.0,1.1,2.73,15.75,0.3112916666666667,78.08333333333333,0.3904166666666667,13.154166666666667,1.1,2.73
2024-08-19,20.8,10.3,0.0,4.08,24.78,0.29675,75.54166666666667,0.48,10.7875,0.0,4.08
2024-08-20,20.9,10.4,1.8,3.41,19.27,0.28720833333333334,78.29166666666667,0.42291666666666666,6.9375,1.8,3.41
2024-08-21,18.8,11.9,1.4,2.16,12.2,0.3175,85.08333333333333,0.2708333333333333,13.666666666666666,1.4,2.16
2024-08-22,19.2,12.3,1.2,2.28,12.3,0.3274166666666667,83.41666666666667,0.30791666666666667,11.6875,1.2,2.28
2024-08-23,18.7,12.4,0.7,2.1,11.26,0.3299166666666667,83.375,0.305,12.129166666666668,0.7,2.1
2024-08-24,20.0,13.0,1.9,2.93,17.02,0.33045833333333335,83.125,0.32625,11.033333333333333,1.9,2.93
2024-08-25,17.6,12.3,3.1,2.28,13.01,0.339375,81.04166666666667,0.3333333333333333,12.8375,3.1,2.28
2024-08-26,20.9,12.6,0.1,3.96,22.88,0.3287083333333333,75.08333333333333,0.4925,10.125,0.1,3.96
2024-08-27,22.2,13.2,2.1,3.69,20.96,0.31804166666666667,82.41666666666667,0.37958333333333333,10.329166666666667,2.1,3.69
2024-08-28,21.7,13.9,3.7,3.53,19.93,0.3364583333333333,82.70833333333333,0.39041666666666663,11.579166666666666,3.7,3.53
2024-08-29,22.1,14.1,2.6,4.23,23.84,0.3292916666666667,79.16666666666667,0.47458333333333336,11.875,2.6,4.23
2024-08-30,21.8,12.2,0.4,4.54,26.67,0.30695833333333333,75.875,0.5245833333333333,10.7875,0.4,4.54
2024-08-31,22.1,9.3,0.3,4.51,25.6,0.28375,72.25,0.5883333333333333,10.950000000000001,0.3,4.51
2024-09-01,20.6,13.6,2.1,3.63,21.3,0.29341666666666666,80.91666666666667,0.3954166666666667,12.729166666666666,2.1,3.63
2024-09-02,20.5,12.1,1.3,3.35,19.18,0.316625,78.91666666666667,0.41625,11.879166666666668,1.3,3.35
2024-09-03,21.0,13.3,1.8,3.45,19.71,0.3109166666666667,82.58333333333333,0.3645833333333333,10.737499999999999,1.8,3.45
2024-09-04,19.8,13.1,5.4,2.82,16.92,0.337875,84.875,0.29083333333333333,12.733333333333334,5.4,2.82
2024-09-05,20.4,12.4,0.8,3.65,21.42,0.32783333333333337,78.375,0.4345833333333333,10.4625,0.8,3.65
2024-09-06,19.8,12.8,2.5,3.28,20.47,0.3182916666666667,83.08333333333333,0.3225,11.504166666666668,2.5,3.28
2024-09-07,21.8,12.9,0.4,4.46,25.61,0.30904166666666666,75.875,0.52375,10.820833333333333,0.4,4.46
2024-09-08,22.0,12.7,1.4,4.61,26.29,0.29091666666666666,74.58333333333333,0.5508333333333334,10.4,1.4,4.61
2024-09-09,23.4,10.2,0.0,4.97,27.93,0.26933333333333337,73.25,0.6079166666666667,9.579166666666667,0.0,4.97
2024-09-10,23.2,12.9,0.5,4.84,26.36,0.24925,73.04166666666667,0.6141666666666666,11.216666666666667,0.5,4.84
2024-09-11,23.1,10.1,0.0,5.02,26.6,0.23645833333333333,65.5,0.7754166666666666,9.816666666666666,0.0,5.02
2024-09-12,23.0,10.7,0.0,4.54,25.73,0.22424999999999998,72.70833333333333,0.5841666666666666,9.725,0.0,4.54
2024-09-13,23.2,10.4,0.0,4.95,27.59,0.21129166666666666,71.33333333333333,0.6391666666666667,9.9125,0.0,4.95
2024-09-14,22.9,8.9,0.0,5.3,28.38,0.199875,62.375,0.8250000000000001,10.674999999999999,0.0,5.3
2024-09-15,23.5,10.7,0.1,4.98,27.34,0.1845,70.45833333333333,0.6583333333333333,8.950000000000001,0.1,4.98
2024-09-16,23.0,10.6,0.2,4.38,24.52,0.18016666666666667,74.20833333333333,0.5454166666666667,9.700000000000001,0.2,4.38
2024-09-17,23.0,12.9,0.0,4.43,24.15,0.18237499999999998,70.08333333333333,0.6470833333333333,11.366666666666667,0.0,4.43
2024-09-18,23.2,13.0,0.1,4.64,25.68,0.18037499999999998,70.66666666666667,0.65875,9.579166666666667,0.1,4.64
2024-09-19,24.0,11.1,0.7,4.58,24.66,0.17279166666666668,75.08333333333333,0.5791666666666667,6.966666666666666,0.7,4.58
2024-09-20,23.6,13.5,0.7,4.59,24.18,0.19170833333333334,71.91666666666667,0.66,8.504166666666666,0.7,4.59
2024-09-21,23.9,13.4,0.2,4.64,24.34,0.18995833333333334,71.16666666666667,0.67375,10.4125,0.2,4.64
2024-09-22,23.6,14.4,0.4,4.77,26.01,0.1854583333333333,72.66666666666667,0.6366666666666667,10.304166666666667,0.4,4.77
2024-09-23,22.1,12.0,0.2,4.55,24.86,0.18825,68.79166666666667,0.6608333333333333,12.716666666666667,0.2,4.55
2024-09-24,23.0,12.9,0.1,4.73,25.44,0.19204166666666667,66.625,0.7374999999999999,11.820833333333333,0.1,4.73
2024-09-25,22.5,11.6,1.2,4.62,25.85,0.18604166666666666,72.04166666666667,0.6104166666666667,9.725,1.2,4.62
2024-09-26,24.4,10.9,0.3,4.72,25.62,0.18216666666666667,71.79166666666667,0.6479166666666667,7.7749999999999995,0.3,4.72
2024-09-27,24.4,14.5,1.7,4.49,24.25,0.19291666666666665,76.04166666666667,0.56125,6.7625,1.7,4.49
2024-09-28,26.2,13.6,8.7,4.11,21.93,0.24729166666666666,81.0,0.47208333333333335,5.291666666666667,8.7,4.11
2024-09-29,21.5,12.4,9.0,3.42,18.75,0.35079166666666667,81.41666666666667,0.405,5.141666666666667,9.0,3.42
2024-09-30,23.8,10.8,2.6,4.0,21.57,0.34079166666666666,78.58333333333333,0.49875,6.45,2.6,4.0
2024-10-01,23.3,11.7,0.7,4.53,23.91,0.300625,74.125,0.6195833333333333,6.841666666666666,0.7,4.53
2024-10-02,22.8,13.3,3.3,4.36,23.8,0.27945833333333336,74.33333333333333,0.57875,10.716666666666667,3.3,4.36
2024-10-03,21.6,13.9,6.2,3.87,22.08,0.307625,77.58333333333333,0.47583333333333333,11.479166666666666,6.2,3.87
2024-10-04,23.8,10.8,0.0,5.34,28.47,0.28420833333333334,63.083333333333336,0.8525,9.658333333333333,0.0,5.34
2024-10-05,22.0,14.1,1.1,4.21,23.34,0.2620416666666667,72.66666666666667,0.5816666666666667,11.820833333333333,1.1,4.21
2024-10-06,22.3,14.1,1.6,4.16,23.41,0.2597083333333334,77.54166666666667,0.4875,10.729166666666666,1.6,4.16
2024-10-07,22.6,13.9,2.9,4.0,22.83,0.26245833333333335,79.45833333333333,0.4483333333333333,10.320833333333333,2.9,4.0
2024-10-08,22.9,14.1,1.1,4.45,24.49,0.26125000000000004,74.29166666666667,0.5883333333333333,9.420833333333333,1.1,4.45
2024-10-09,22.9,13.9,0.8,4.65,25.52,0.252,68.45833333333333,0.7004166666666666,10.370833333333334,0.8,4.65
2024-10-10,23.8,13.6,0.3,4.9,26.32,0.234125,66.70833333333333,0.7566666666666667,11.004166666666668,0.3,4.9
2024-10-11,23.1,14.0,0.8,4.61,24.87,0.22408333333333333,69.79166666666667,0.6741666666666667,11.700000000000001,0.8,4.61
2024-10-12,24.0,13.2,1.0,5.21,27.63,0.21491666666666664,67.75,0.7733333333333333,12.379166666666668,1.0,5.21
2024-10-13,22.6,13.1,8.2,4.46,24.59,0.2657083333333333,74.20833333333333,0.5845833333333333,12.945833333333333,8.2,4.46
2024-10-14,23.5,11.9,0.1,4.58,24.72,0.24025,69.625,0.7029166666666667,8.0,0.1,4.58
2024-10-15,24.9,12.8,0.9,4.42,23.81,0.22091666666666665,76.33333333333333,0.5620833333333334,6.029166666666666,0.9,4.42
2024-10-16,25.1,12.9,0.2,4.24,21.78,0.2670416666666667,71.58333333333333,0.7054166666666667,4.6125,0.2,4.24
2024-10-17,24.4,14.6,1.7,4.05,21.02,0.25345833333333334,73.25,0.645,4.804166666666666,1.7,4.05
2024-10-18,24.3,11.8,3.8,4.19,22.52,0.29254166666666664,76.25,0.5533333333333333,4.970833333333333,3.8,4.19
2024-10-19,23.2,12.4,13.2,3.54,19.93,0.348875,82.875,0.37833333333333335,5.420833333333333,13.2,3.54
2024-10-20,23.1,14.4,1.7,3.69,20.6,0.350875,82.79166666666667,0.3958333333333333,7.729166666666667,1.7,3.69
2024-10-21,22.6,14.4,0.7,4.03,21.84,0.33058333333333334,76.375,0.5391666666666667,10.075000000000001,0.7,4.03
2024-10-22,23.1,12.1,1.6,4.84,26.69,0.3065833333333333,71.20833333333333,0.6670833333333334,10.225,1.6,4.84
2024-10-23,23.6,14.6,0.1,4.84,26.02,0.28079166666666666,69.0,0.7245833333333334,10.658333333333333,0.1,4.84
2024-10-24,23.1,13.4,0.3,4.49,24.35,0.25733333333333336,71.83333333333333,0.6483333333333333,7.929166666666667,0.3,4.49
2024-10-25,24.0,13.4,0.7,4.52,24.16,0.24608333333333332,71.0,0.6841666666666667,9.008333333333333,0.7,4.52
2024-10-26,24.6,12.1,0.2,4.91,26.08,0.22620833333333334,69.20833333333333,0.7362500000000001,8.275,0.2,4.91
2024-10-27,24.6,14.1,0.4,4.82,25.25,0.21125000000000002,68.375,0.7658333333333333,7.9375,0.4,4.82
2024-10-28,24.5,15.1,0.0,4.91,24.9,0.20233333333333334,65.33333333333333,0.8529166666666667,9.183333333333334,0.0,4.91
2024-10-29,25.9,11.9,0.0,5.49,27.75,0.19345833333333332,61.875,0.9545833333333333,9.183333333333334,0.0,5.49
2024-10-30,26.9,11.9,0.0,5.98,28.55,0.17708333333333334,53.833333333333336,1.2058333333333333,9.333333333333334,0.0,5.98
2024-10-31,25.9,12.7,0.1,5.43,27.22,0.16383333333333336,59.708333333333336,1.0120833333333332,9.116666666666667,0.1,5.43
2024-11-01,23.9,14.6,1.1,4.84,24.82,0.16258333333333333,65.25,0.7995833333333334,11.5625,1.1,4.84
2024-11-02,23.6,13.2,2.5,4.29,22.79,0.17708333333333334,73.54166666666667,0.61875,10.645833333333334,2.5,4.29
2024-11-03,24.6,14.1,0.6,4.93,25.55,0.1805,67.08333333333333,0.8058333333333333,10.658333333333333,0.6,4.93
2024-11-04,25.1,13.9,0.4,4.96,25.7,0.17983333333333332,65.08333333333333,0.8416666666666667,7.495833333333334,0.4,4.96
2024-11-05,22.7,14.3,1.6,3.64,18.94,0.18441666666666667,75.04166666666667,0.5554166666666667,9.5625,1.6,3.64
2024-11-06,22.3,12.4,18.8,3.39,18.96,0.27258333333333334,82.08333333333333,0.3925,6.8374999999999995,18.8,3.39
2024-11-07,21.8,13.9,1.4,3.26,18.22,0.2925,82.125,0.3825,9.916666666666666,1.4,3.26
2024-11-08,22.0,11.8,1.7,3.88,21.87,0.283375,75.75,0.5141666666666667,9.491666666666667,1.7,3.88
2024-11-09,22.7,11.1,0.6,4.21,22.85,0.2719166666666667,73.20833333333333,0.5845833333333333,9.558333333333334,0.6,4.21
2024-11-10,22.2,13.9,7.7,3.86,21.94,0.29120833333333335,83.125,0.3804166666666667,7.154166666666666,7.7,3.86
2024-11-11,19.8,13.8,4.9,1.91,10.38,0.3160833333333333,86.45833333333333,0.26916666666666667,4.066666666666667,4.9,1.91
2024-11-12,22.8,12.0,0.3,4.32,23.5,0.32158333333333333,75.25,0.5591666666666667,5.4750000000000005,0.3,4.32
2024-11-13,22.4,12.1,5.4,3.9,22.25,0.30641666666666667,84.04166666666667,0.3445833333333333,5.0375000000000005,5.4,3.9
2024-11-14,23.8,11.9,9.3,3.95,22.23,0.35074999999999995,84.91666666666667,0.34625,5.308333333333334,9.3,3.95
2024-11-15,19.1,13.2,5.6,1.98,11.61,0.36041666666666666,90.83333333333333,0.18375,7.487500000000001,5.6,1.98
2024-11-16,21.1,12.3,1.5,2.13,11.1,0.3585,85.20833333333333,0.2970833333333333,4.858333333333333,1.5,2.13
2024-11-17,22.8,10.9,1.5,4.17,22.46,0.3535,73.66666666666667,0.5945833333333334,8.241666666666667,1.5,4.17
2024-11-18,24.0,10.9,0.1,4.79,25.61,0.320625,69.66666666666667,0.7116666666666666,6.395833333333333,0.1,4.79
2024-11-19,21.6,13.4,8.9,3.33,18.74,0.3209166666666667,84.875,0.3279166666666667,8.166666666666666,8.9,3.33
2024-11-20,21.5,12.7,3.1,3.44,19.28,0.287,84.20833333333333,0.35625,5.616666666666667,3.1,3.44
2024-11-21,21.9,12.6,14.7,3.01,17.3,0.30912500000000004,88.58333333333333,0.2504166666666667,5.504166666666666,14.7,3.01
2024-11-22,23.2,13.9,13.0,3.79,21.12,0.371125,85.29166666666667,0.3545833333333333,5.879166666666666,13.0,3.79
2024-11-23,23.3,12.5,5.5,4.23,23.21,0.37045833333333333,79.41666666666667,0.48041666666666666,5.7250000000000005,5.5,4.23
2024-11-24,22.9,12.7,20.7,3.29,18.6,0.3792083333333333,88.95833333333333,0.25,5.416666666666667,20.7,3.29
2024-11-25,21.5,14.2,5.8,3.08,17.17,0.40454166666666663,88.33333333333333,0.26333333333333336,5.091666666666667,5.8,3.08
2024-11-26,21.6,14.0,3.4,3.99,23.02,0.3805,84.0,0.3641666666666667,6.8625,3.4,3.99
2024-11-27,21.3,12.6,4.3,3.09,17.6,0.36483333333333334,87.79166666666667,0.2704166666666667,5.6875,4.3,3.09
2024-11-28,22.9,12.7,17.5,3.51,19.87,0.3905416666666666,86.70833333333333,0.2970833333333333,4.741666666666666,17.5,3.51
2024-11-29,22.7,12.3,5.0,3.95,22.42,0.36920833333333336,82.875,0.3904166666666667,6.170833333333333,5.0,3.95
2024-11-30,22.9,13.2,1.2,3.85,21.0,0.3325416666666667,77.83333333333333,0.4995833333333333,11.404166666666667,1.2,3.85
2024-12-01,21.9,11.8,0.8,3.8,21.22,0.325,76.91666666666667,0.5079166666666667,5.879166666666666,0.8,3.8
2024-12-02,22.2,13.1,0.5,3.98,21.9,0.31083333333333335,78.58333333333333,0.49374999999999997,7.408333333333334,0.5,3.98
2024-12-03,23.7,13.1,0.0,4.87,26.34,0.29420833333333335,70.79166666666667,0.6974999999999999,12.370833333333332,0.0,4.87
2024-12-04,24.0,11.6,0.0,4.94,26.58,0.269125,69.58333333333333,0.71875,11.450000000000001,0.0,4.94
2024-12-05,24.2,11.5,0.1,4.71,25.26,0.252125,72.16666666666667,0.6679166666666667,7.9125000000000005,0.1,4.71
2024-12-06,24.5,12.7,0.5,4.79,25.07,0.24825,73.25,0.68125,8.833333333333334,0.5,4.79
2024-12-07,24.3,11.5,0.0,5.19,26.42,0.23795833333333336,63.75,0.8574999999999999,12.450000000000001,0.0,5.19
2024-12-08,24.5,11.0,0.0,4.81,25.25,0.22841666666666668,66.33333333333333,0.7854166666666668,9.783333333333333,0.0,4.81
2024-12-09,24.7,11.1,0.4,4.41,23.23,0.22824999999999998,71.95833333333333,0.6683333333333333,7.9624999999999995,0.4,4.41
2024-12-10,22.2,13.9,4.6,4.09,21.93,0.24,78.54166666666667,0.5133333333333333,6.283333333333334,4.6,4.09
2024-12-11,22.6,14.6,1.4,4.13,22.26,0.251375,78.04166666666667,0.5366666666666666,7.916666666666667,1.4,4.13
2024-12-12,23.8,14.4,0.6,4.33,22.91,0.239,75.95833333333333,0.5925,8.729166666666666,0.6,4.33
2024-12-13,24.1,14.2,0.1,4.62,24.94,0.22875,71.375,0.72125,7.558333333333334,0.1,4.62
2024-12-14,25.1,12.3,0.6,4.67,24.38,0.22816666666666666,71.33333333333333,0.7445833333333334,7.954166666666667,0.6,4.67
2024-12-15,24.0,15.1,1.2,4.54,23.71,0.22716666666666666,74.16666666666667,0.6604166666666667,8.816666666666666,1.2,4.54
2024-12-16,23.8,13.4,1.5,4.32,22.54,0.231375,73.625,0.6545833333333334,6.616666666666667,1.5,4.32
2024-12-17,24.1,13.1,2.6,4.25,22.48,0.249,74.08333333333333,0.6325,6.8125,2.6,4.25
2024-12-18,24.5,12.6,1.8,4.49,23.96,0.2619166666666667,75.04166666666667,0.6308333333333334,7.854166666666667,1.8,4.49
2024-12-19,21.6,14.6,13.5,3.21,17.7,0.291375,85.125,0.32541666666666663,6.3,13.5,3.21
2024-12-20,24.5,14.2,3.1,3.97,21.22,0.339,83.95833333333333,0.39958333333333335,5.320833333333334,3.1,3.97
2024-12-21,21.5,14.2,5.3,3.41,20.01,0.3295416666666667,89.25,0.24541666666666664,8.387500000000001,5.3,3.41
2024-12-22,21.9,13.6,0.7,3.38,18.86,0.33908333333333335,85.83333333333333,0.32625,7.1125,0.7,3.38
2024-12-23,22.5,14.0,1.7,3.54,19.34,0.31275000000000003,81.75,0.42083333333333334,8.341666666666667,1.7,3.54
2024-12-24,22.7,13.9,3.0,3.98,21.98,0.28983333333333333,82.16666666666667,0.4179166666666667,7.133333333333333,3.0,3.98
2024-12-25,21.7,14.6,2.9,3.51,20.07,0.28429166666666666,83.08333333333333,0.375,10.3375,2.9,3.51
2024-12-26,23.1,12.6,2.1,4.2,22.19,0.2670416666666667,77.125,0.53875,6.420833333333333,2.1,4.2
2024-12-27,23.8,10.9,0.4,4.42,22.94,0.26033333333333336,72.20833333333333,0.6791666666666667,5.3125,0.4,4.42
2024-12-28,25.0,11.1,0.0,4.78,24.74,0.24854166666666666,66.70833333333333,0.7933333333333333,10.066666666666666,0.0,4.78
2024-12-29,25.3,10.8,0.1,4.77,24.73,0.23324999999999999,65.58333333333333,0.8454166666666666,7.6875,0.1,4.77
2024-12-30,25.8,11.1,0.1,4.78,24.28,0.225625,64.66666666666667,0.8766666666666666,7.320833333333333,0.1,4.78
2024-12-31,23.9,12.0,1.8,4.48,23.68,0.2363333333333333,69.125,0.7195833333333334,5.858333333333333,1.8,4.48
2025-01-01,25.9,11.4,0.6,4.47,22.63,0.2363333333333333,66.875,0.8183333333333334,7.05,0.6,4.47
2025-01-02,24.8,10.1,0.1,4.32,22.67,0.23091666666666666,67.16666666666667,0.765,4.641666666666667,0.1,4.32
2025-01-03,23.5,10.9,0.3,4.44,23.44,0.221625,66.83333333333333,0.7416666666666667,5.7875000000000005,0.3,4.44
2025-01-04,23.7,12.2,4.7,4.18,22.35,0.2255,76.33333333333333,0.55125,6.204166666666667,4.7,4.18
2025-01-05,24.8,10.9,0.8,4.33,22.4,0.20295833333333335,70.08333333333333,0.7091666666666666,7.5375000000000005,0.8,4.33
2025-01-06,25.4,9.9,0.1,4.85,25.59,0.2157083333333333,65.08333333333333,0.78625,8.924999999999999,0.1,4.85
2025-01-07,25.5,9.4,0.2,5.15,26.97,0.22129166666666666,66.41666666666667,0.8258333333333333,7.8625,0.2,5.15
2025-01-08,24.3,10.1,0.5,4.87,25.37,0.21804166666666666,67.75,0.7683333333333334,6.995833333333334,0.5,4.87
2025-01-09,24.4,11.5,3.7,4.54,24.85,0.23958333333333334,73.45833333333333,0.6016666666666667,6.995833333333334,3.7,4.54
2025-01-10,22.7,13.1,3.5,4.0,21.78,0.2577916666666667,75.83333333333333,0.5379166666666667,7.845833333333334,3.5,4.0
2025-01-11,23.7,12.0,1.8,4.52,24.12,0.27545833333333336,73.04166666666667,0.6491666666666667,4.570833333333334,1.8,4.52
2025-01-12,25.8,12.1,1.0,4.96,25.75,0.263125,69.0,0.8245833333333333,6.195833333333333,1.0,4.96
2025-01-13,25.8,12.5,0.6,4.89,25.25,0.24966666666666668,66.08333333333333,0.8520833333333333,6.5625,0.6,4.89
2025-01-14,25.0,12.9,0.4,4.79,23.84,0.24941666666666665,62.208333333333336,0.87,10.887500000000001,0.4,4.79
2025-01-15,22.9,10.6,0.0,4.07,21.29,0.2511666666666667,61.958333333333336,0.7683333333333334,7.604166666666667,0.0,4.07
2025-01-16,22.5,8.8,0.0,4.72,25.5,0.2552083333333333,67.75,0.7016666666666667,8.608333333333333,0.0,4.72
2025-01-17,24.5,9.1,0.2,4.66,24.73,0.25425000000000003,66.91666666666667,0.76375,6.283333333333334,0.2,4.66
2025-01-18,25.0,11.3,0.0,4.84,24.43,0.25154166666666666,62.291666666666664,0.8979166666666667,7.233333333333333,0.0,4.84
2025-01-19,25.0,12.1,0.3,4.65,23.89,0.25475,65.41666666666667,0.82875,7.0625,0.3,4.65
2025-01-20,27.3,10.1,0.0,5.66,27.58,0.24633333333333332,59.041666666666664,1.0687499999999999,9.3125,0.0,5.66
2025-01-21,26.4,10.4,0.0,5.13,25.58,0.23954166666666665,63.541666666666664,0.9166666666666666,7.945833333333333,0.0,5.13
2025-01-22,25.0,9.9,0.3,4.55,22.72,0.230625,65.0,0.8083333333333332,8.229166666666666,0.3,4.55
2025-01-23,25.8,10.9,0.8,4.78,23.87,0.22204166666666666,62.291666666666664,0.9191666666666668,8.491666666666667,0.8,4.78
2025-01-24,25.9,11.4,4.0,4.74,24.49,0.234625,69.04166666666667,0.7670833333333333,5.766666666666667,4.0,4.74
2025-01-25,26.5,11.5,0.1,4.88,25.02,0.243125,65.20833333333333,0.8725,7.570833333333333,0.1,4.88
2025-01-26,26.0,11.1,1.0,4.67,23.6,0.24225,69.04166666666667,0.7916666666666666,7.354166666666667,1.0,4.67
2025-01-27,22.5,14.4,8.4,3.32,17.54,0.28983333333333333,78.29166666666667,0.5045833333333333,5.033333333333333,8.4,3.32
2025-01-28,22.2,12.9,7.3,3.15,17.77,0.3325416666666667,85.95833333333333,0.3066666666666667,5.791666666666667,7.3,3.15
2025-01-29,23.6,12.9,12.8,3.54,18.96,0.3780833333333333,81.29166666666667,0.43625,6.2749999999999995,12.8,3.54
2025-01-30,22.1,12.7,27.7,3.21,18.05,0.4023333333333334,85.95833333333333,0.3025,5.954166666666667,27.7,3.21
2025-01-31,25.2,10.6,1.0,4.86,25.43,0.37237499999999996,71.08333333333333,0.7374999999999999,7.079166666666667,1.0,4.86
2025-02-01,23.5,12.4,1.4,4.59,24.6,0.34070833333333334,73.875,0.6216666666666667,5.8374999999999995,1.4,4.59
2025-02-02,24.1,11.8,0.4,4.41,23.61,0.33575,76.5,0.55625,4.358333333333333,0.4,4.41
2025-02-03,25.2,10.3,0.6,5.05,25.74,0.3385416666666667,67.0,0.8045833333333333,8.025,0.6,5.05
2025-02-04,24.6,10.4,0.0,5.0,26.18,0.32675000000000004,67.375,0.7833333333333333,9.029166666666667,0.0,5.0
2025-02-05,25.0,9.6,0.0,5.39,28.09,0.31720833333333337,63.208333333333336,0.8833333333333333,10.566666666666666,0.0,5.39
2025-02-06,25.2,10.9,0.2,5.17,26.59,0.3037083333333333,63.833333333333336,0.8479166666666668,8.6625,0.2,5.17
2025-02-07,23.6,15.4,0.9,4.63,23.86,0.29741666666666666,70.79166666666667,0.6708333333333334,9.654166666666667,0.9,4.63
2025-02-08,25.2,11.1,0.0,5.05,25.52,0.2965833333333333,66.29166666666667,0.82375,8.075000000000001,0.0,5.05
2025-02-09,26.0,10.9,0.0,5.25,25.94,0.29216666666666663,63.416666666666664,0.9,8.391666666666667,0.0,5.25
2025-02-10,24.8,12.6,0.0,5.19,26.24,0.2830833333333333,66.16666666666667,0.8070833333333334,9.495833333333334,0.0,5.19
2025-02-11,24.0,10.4,0.8,5.07,25.81,0.2816666666666667,65.875,0.8095833333333333,7.825,0.8,5.07
2025-02-12,21.5,12.4,2.0,3.4,19.15,0.28325,78.125,0.46416666666666667,10.558333333333334,2.0,3.4
2025-02-13,22.4,13.5,3.6,4.12,22.05,0.28441666666666665,76.66666666666667,0.54125,7.8875,3.6,4.12
2025-02-14,24.3,9.7,0.0,5.04,26.17,0.269125,65.16666666666667,0.80875,8.9625,0.0,5.04
2025-02-15,25.0,11.7,0.1,4.93,24.46,0.25729166666666664,63.083333333333336,0.9129166666666667,7.666666666666667,0.1,4.93
2025-02-16,24.7,13.9,0.7,4.92,24.53,0.24720833333333334,67.95833333333333,0.7883333333333334,8.370833333333334,0.7,4.92
2025-02-17,24.0,13.7,1.0,5.03,24.72,0.25558333333333333,64.91666666666667,0.8424999999999999,10.045833333333333,1.0,5.03
2025-02-18,25.5,10.1,0.0,5.47,26.99,0.25866666666666666,58.458333333333336,1.0,8.116666666666667,0.0,5.47
2025-02-19,26.3,9.8,0.0,5.78,28.21,0.24858333333333335,54.958333333333336,1.1,9.15,0.0,5.78
2025-02-20,27.7,9.8,0.0,5.99,28.76,0.23454166666666665,52.583333333333336,1.1983333333333335,8.870833333333334,0.0,5.99
2025-02-21,26.9,11.1,0.5,5.69,26.96,0.22541666666666668,47.458333333333336,1.2558333333333334,7.808333333333334,0.5,5.69
2025-02-22,25.0,12.6,0.4,5.85,27.17,0.21641666666666667,50.291666666666664,1.1554166666666668,11.429166666666667,0.4,5.85
2025-02-23,25.0,8.7,0.1,5.41,26.61,0.2070833333333333,56.791666666666664,1.0091666666666665,8.054166666666667,0.1,5.41
2025-02-24,25.5,10.0,0.5,5.03,24.34,0.20174999999999998,55.916666666666664,1.0554166666666667,7.354166666666667,0.5,5.03
2025-02-25,26.4,11.6,0.2,5.41,25.59,0.19433333333333333,53.875,1.1170833333333332,8.299999999999999,0.2,5.41
2025-02-26,24.6,10.6,0.3,5.48,25.93,0.19762500000000002,51.291666666666664,1.1104166666666666,9.695833333333333,0.3,5.48
2025-02-27,28.0,11.2,0.0,5.56,27.06,0.191125,48.166666666666664,1.3320833333333333,6.0,0.0,5.56
2025-02-28,26.5,9.9,0.0,5.41,24.87,0.18237499999999998,48.791666666666664,1.2404166666666667,8.375,0.0,5.41
2025-03-01,27.6,9.8,0.1,5.02,22.54,0.1748333333333333,52.875,1.2237500000000001,8.091666666666667,0.1,5.02
2025-03-02,24.5,11.9,1.5,5.17,24.61,0.16962500000000003,58.291666666666664,1.0183333333333333,10.120833333333334,1.5,5.17
2025-03-03,25.9,13.8,0.0,5.68,26.41,0.14729166666666665,56.458333333333336,1.1270833333333334,10.004166666666666,0.0,5.68
2025-03-04,25.3,12.6,0.0,5.7,26.79,0.151875,57.083333333333336,1.0866666666666667,12.020833333333334,0.0,5.7
2025-03-05,25.5,15.4,0.0,5.56,26.9,0.14945833333333333,60.416666666666664,1.0058333333333334,12.304166666666667,0.0,5.56
2025-03-06,25.9,12.8,0.0,5.55,27.23,0.16191666666666668,59.0,1.0379166666666666,10.191666666666666,0.0,5.55
2025-03-07,27.5,15.3,0.1,5.74,25.98,0.16041666666666668,57.916666666666664,1.12375,10.775,0.1,5.74
2025-03-08,26.1,15.9,0.4,4.99,24.05,0.16304166666666667,69.29166666666667,0.7870833333333334,10.8375,0.4,4.99
2025-03-09,25.2,14.6,6.5,4.5,23.53,0.24975,77.20833333333333,0.5879166666666666,7.129166666666666,6.5,4.5
2025-03-10,23.2,14.3,15.1,3.6,19.51,0.3304166666666667,82.75,0.39875,5.429166666666667,15.1,3.6
2025-03-11,24.0,13.2,17.7,4.03,22.02,0.3661666666666667,82.25,0.4320833333333333,7.229166666666667,17.7,4.03
2025-03-12,24.5,12.1,1.9,4.79,24.65,0.3605833333333333,74.16666666666667,0.6483333333333333,6.0625,1.9,4.79
2025-03-13,23.8,13.6,0.7,4.3,22.57,0.33425,75.29166666666667,0.5866666666666667,5.883333333333333,0.7,4.3
2025-03-14,27.1,11.2,0.0,5.52,26.32,0.32379166666666664,62.0,1.0379166666666666,9.320833333333333,0.0,5.52
2025-03-15,27.2,12.8,0.4,5.77,26.9,0.29254166666666664,54.791666666666664,1.2241666666666666,8.825000000000001,0.4,5.77
2025-03-16,25.8,13.6,0.1,5.31,26.05,0.274625,62.083333333333336,0.9500000000000001,7.920833333333333,0.1,5.31
2025-03-17,24.1,14.3,3.7,4.5,24.16,0.28079166666666666,75.08333333333333,0.5883333333333333,8.408333333333333,3.7,4.5
2025-03-18,22.9,15.2,1.8,4.0,22.22,0.2786666666666667,80.45833333333333,0.445,10.795833333333334,1.8,4.0
2025-03-19,21.9,15.1,7.6,3.19,17.89,0.34795833333333337,85.91666666666667,0.31583333333333335,9.120833333333334,7.6,3.19
2025-03-20,22.1,13.8,3.8,3.29,18.75,0.3501666666666667,84.625,0.34208333333333335,6.304166666666667,3.8,3.29
2025-03-21,23.3,12.1,0.8,4.45,24.03,0.34625,75.79166666666667,0.5658333333333333,7.541666666666667,0.8,4.45
2025-03-22,22.5,13.0,4.7,3.92,21.97,0.330125,80.58333333333333,0.4383333333333333,8.141666666666667,4.7,3.92
2025-03-23,23.1,12.6,1.9,4.28,22.89,0.3209166666666667,78.95833333333333,0.5066666666666667,7.808333333333334,1.9,4.28
2025-03-24,24.0,13.9,4.1,4.32,23.68,0.31520833333333337,80.375,0.4716666666666667,6.641666666666667,4.1,4.32
2025-03-25,22.8,13.3,2.3,4.38,23.89,0.2934583333333333,79.25,0.5,7.191666666666666,2.3,4.38
2025-03-26,23.0,13.9,3.8,3.68,19.82,0.3227083333333333,83.5,0.3804166666666666,5.741666666666667,3.8,3.68
2025-03-27,23.4,12.9,7.1,3.6,19.72,0.33487500000000003,83.83333333333333,0.37166666666666665,6.229166666666667,7.1,3.6
2025-03-28,20.4,14.4,27.9,2.2,11.95,0.4075416666666667,91.91666666666667,0.17333333333333334,4.954166666666667,27.9,2.2
2025-03-29,22.9,14.9,25.3,3.21,17.2,0.4051666666666667,87.70833333333333,0.2841666666666667,3.7916666666666665,25.3,3.21
2025-03-30,22.1,14.1,10.7,3.59,20.33,0.38566666666666666,86.375,0.3070833333333333,6.795833333333333,10.7,3.59
2025-03-31,20.9,14.1,3.5,3.13,18.23,0.3857083333333333,85.79166666666667,0.3,10.058333333333334,3.5,3.13
2025-04-01,22.6,12.9,1.0,4.39,23.99,0.3550416666666667,74.45833333333333,0.5758333333333333,8.029166666666667,1.0,4.39
2025-04-02,24.4,11.5,10.8,4.32,23.39,0.348875,79.70833333333333,0.5008333333333334,5.9875,10.8,4.32
2025-04-03,22.5,13.6,5.5,3.86,21.82,0.3814583333333333,84.625,0.36000000000000004,7.554166666666667,5.5,3.86
2025-04-04,22.9,14.6,13.1,3.7,21.02,0.35874999999999996,86.91666666666667,0.3154166666666667,8.233333333333333,13.1,3.7
2025-04-05,23.4,13.8,12.5,3.91,22.0,0.39916666666666667,87.79166666666667,0.2975,6.691666666666666,12.5,3.91
2025-04-06,20.8,15.4,13.6,2.28,12.86,0.41554166666666664,89.75,0.21375,10.379166666666666,13.6,2.28
2025-04-07,22.1,14.1,1.5,4.13,23.4,0.3865,78.95833333333333,0.47375000000000006,10.966666666666667,1.5,4.13
2025-04-08,23.2,12.4,1.6,4.49,24.27,0.3403333333333333,79.375,0.48125,5.2375,1.6,4.49
2025-04-09,24.4,11.8,1.3,4.83,25.79,0.3132916666666667,76.75,0.5704166666666667,5.591666666666666,1.3,4.83
2025-04-10,24.3,14.2,6.7,3.69,20.93,0.35504166666666664,85.83333333333333,0.32,5.829166666666667,6.7,3.69
2025-04-11,24.7,11.6,9.7,4.28,23.88,0.3629166666666666,81.25,0.4270833333333333,5.929166666666667,9.7,4.28
2025-04-12,22.7,13.7,4.9,4.02,22.56,0.3509583333333333,83.29166666666667,0.3933333333333333,8.041666666666666,4.9,4.02
2025-04-13,22.7,14.3,4.5,4.14,23.71,0.367125,84.33333333333333,0.3766666666666667,10.179166666666667,4.5,4.14
2025-04-14,22.9,13.9,1.1,4.42,24.88,0.33625,80.08333333333333,0.47750000000000004,8.512500000000001,1.1,4.42
2025-04-15,22.4,14.8,4.6,4.01,23.2,0.32179166666666664,82.875,0.3970833333333333,10.670833333333334,4.6,4.01
2025-04-16,22.2,12.2,1.6,4.29,24.45,0.2982916666666667,81.125,0.44875,9.591666666666667,1.6,4.29
2025-04-17,23.2,14.1,0.5,4.59,25.04,0.27616666666666667,76.45833333333333,0.5695833333333333,8.15,0.5,4.59
2025-04-18,23.5,14.1,1.2,4.33,23.76,0.25545833333333334,81.45833333333333,0.45458333333333334,8.3125,1.2,4.33
2025-04-19,23.1,14.2,5.2,4.14,23.5,0.258,85.91666666666667,0.33958333333333335,7.791666666666667,5.2,4.14
2025-04-20,22.2,14.4,32.6,2.93,16.06,0.350125,89.5,0.23875000000000002,5.908333333333334,32.6,2.93
2025-04-21,23.0,14.8,10.0,3.53,19.61,0.38358333333333333,86.91666666666667,0.3066666666666667,5.8374999999999995,10.0,3.53
2025-04-22,21.0,14.8,2.8,3.07,17.76,0.35904166666666665,87.5,0.27708333333333335,9.5375,2.8,3.07
2025-04-23,20.3,14.9,22.7,1.92,10.76,0.38675,93.04166666666667,0.1425,9.362499999999999,22.7,1.92
2025-04-24,20.2,14.4,1.1,2.18,11.93,0.385375,83.125,0.33249999999999996,8.475,1.1,2.18
2025-04-25,22.0,12.6,1.6,3.87,21.83,0.357375,79.04166666666667,0.4629166666666667,10.354166666666666,1.6,3.87
2025-04-26,22.6,11.6,0.3,4.43,24.9,0.3445833333333333,76.83333333333333,0.5204166666666666,8.191666666666666,0.3,4.43
2025-04-27,22.9,14.4,0.8,4.64,26.52,0.331625,78.83333333333333,0.4970833333333333,10.591666666666667,0.8,4.64
2025-04-28,23.2,12.4,0.5,4.48,25.1,0.31245833333333334,79.875,0.4920833333333334,8.933333333333334,0.5,4.48
2025-04-29,23.4,13.8,1.2,4.1,22.95,0.27829166666666666,81.875,0.4254166666666667,9.016666666666667,1.2,4.1
2025-04-30,21.5,14.2,6.4,3.46,20.44,0.321,86.79166666666667,0.29625,10.291666666666666,6.4,3.46
2025-05-01,22.6,14.1,2.0,4.01,22.46,0.35341666666666666,82.45833333333333,0.4245833333333333,9.679166666666667,2.0,4.01
2025-05-02,23.0,13.8,0.1,4.32,23.85,0.32708333333333334,78.41666666666667,0.5133333333333333,8.704166666666667,0.1,4.32
2025-05-03,23.2,13.6,0.5,4.17,23.01,0.3047916666666666,80.125,0.48458333333333337,8.125,0.5,4.17
2025-05-04,23.0,14.2,7.1,4.04,22.91,0.3204166666666667,84.70833333333333,0.3766666666666667,8.620833333333334,7.1,4.04
2025-05-05,21.1,13.9,9.8,3.45,20.5,0.38666666666666666,87.45833333333333,0.28125,8.516666666666667,9.8,3.45
2025-05-06,22.0,13.9,5.7,3.85,23.01,0.3810833333333334,86.91666666666667,0.30541666666666667,10.708333333333334,5.7,3.85
2025-05-07,22.0,13.6,7.4,3.97,23.53,0.36308333333333337,86.45833333333333,0.31416666666666665,9.120833333333334,7.4,3.97
2025-05-08,21.4,14.1,4.0,3.75,22.31,0.35204166666666664,85.95833333333333,0.31583333333333335,7.825,4.0,3.75
2025-05-09,21.7,14.5,5.7,3.42,19.58,0.35712499999999997,85.58333333333333,0.32125,8.279166666666667,5.7,3.42
2025-05-10,21.9,14.3,3.7,3.4,19.31,0.339625,86.41666666666667,0.30583333333333335,6.354166666666667,3.7,3.4
2025-05-11,23.5,13.0,9.7,3.7,20.38,0.33441666666666664,86.16666666666667,0.3179166666666667,5.658333333333334,9.7,3.7
2025-05-12,22.5,13.3,3.8,4.07,23.19,0.369125,83.79166666666667,0.37375,5.045833333333333,3.8,4.07
2025-05-13,22.4,13.7,6.2,3.49,20.78,0.3411666666666667,88.29166666666667,0.26,8.266666666666667,6.2,3.49
2025-05-14,21.1,13.6,1.3,3.59,21.27,0.3602916666666667,83.75,0.3566666666666667,10.987499999999999,1.3,3.59
2025-05-15,21.4,14.1,2.8,3.78,22.06,0.34270833333333334,83.70833333333333,0.36083333333333334,10.262500000000001,2.8,3.78
2025-05-16,21.6,14.4,3.7,3.68,21.33,0.33512500000000006,83.16666666666667,0.3754166666666667,11.008333333333333,3.7,3.68
2025-05-17,21.8,14.2,1.8,3.87,22.22,0.3262083333333334,81.70833333333333,0.4175,11.479166666666666,1.8,3.87
2025-05-18,22.3,14.4,4.6,4.09,23.56,0.3055833333333333,83.5,0.39083333333333337,10.195833333333333,4.6,4.09
2025-05-19,21.4,13.9,1.9,3.53,21.12,0.286125,87.5,0.2904166666666667,9.854166666666666,1.9,3.53
2025-05-20,22.8,14.3,0.8,3.84,21.93,0.2803333333333333,84.41666666666667,0.3675,8.895833333333334,0.8,3.84
2025-05-21,22.5,14.8,0.8,3.94,22.13,0.258875,82.29166666666667,0.42083333333333334,8.258333333333333,0.8,3.94
2025-05-22,22.2,14.0,1.9,3.69,21.51,0.26495833333333335,84.08333333333333,0.3558333333333333,9.608333333333333,1.9,3.69
2025-05-23,21.8,13.6,1.9,3.54,20.28,0.27837500000000004,83.91666666666667,0.36791666666666667,8.520833333333334,1.9,3.54
2025-05-24,22.3,12.4,1.1,3.95,22.57,0.2715416666666667,81.41666666666667,0.41791666666666666,7.675,1.1,3.95
2025-05-25,20.5,13.6,1.8,3.36,19.62,0.2689166666666667,79.66666666666667,0.41041666666666665,11.233333333333334,1.8,3.36
2025-05-26,22.4,14.0,1.6,3.75,20.62,0.2684166666666667,77.95833333333333,0.49541666666666667,12.450000000000001,1.6,3.75
2025-05-27,21.0,14.2,7.5,3.26,19.92,0.27795833333333336,87.33333333333333,0.2733333333333334,12.512500000000001,7.5,3.26
2025-05-28,22.5,13.8,0.6,3.94,22.3,0.290875,80.08333333333333,0.46208333333333335,11.329166666666666,0.6,3.94
2025-05-29,20.2,14.1,3.9,3.19,19.27,0.2890833333333333,85.625,0.3,11.4,3.9,3.19
2025-05-30,21.9,13.3,0.8,4.01,23.12,0.286,76.625,0.5045833333333333,10.575,0.8,4.01
2025-05-31,21.7,12.1,0.8,3.94,22.27,0.27691666666666664,73.54166666666667,0.555,11.116666666666667,0.8,3.94
2025-06-01,21.5,12.4,0.9,3.67,21.39,0.275125,80.16666666666667,0.4283333333333334,10.683333333333332,0.9,3.67
2025-06-02,21.2,13.4,1.8,3.53,20.63,0.27066666666666667,82.16666666666667,0.38166666666666665,9.620833333333334,1.8,3.53
2025-06-03,21.0,13.8,4.4,3.52,20.63,0.29420833333333335,82.70833333333333,0.3670833333333334,9.783333333333333,4.4,3.52
2025-06-04,21.6,13.6,1.1,3.68,20.84,0.311,80.66666666666667,0.4270833333333333,10.4625,1.1,3.68
2025-06-05,21.0,14.0,7.2,3.2,19.15,0.3212083333333334,86.41666666666667,0.28875,11.5875,7.2,3.2
2025-06-06,19.8,13.6,28.4,2.69,16.26,0.40429166666666666,89.375,0.215,10.583333333333334,28.4,2.69
2025-06-07,20.2,13.4,4.4,3.54,21.14,0.39329166666666665,82.70833333333333,0.3658333333333333,10.833333333333334,4.4,3.54
2025-06-08,21.1,12.7,1.4,3.53,20.64,0.37375,82.66666666666667,0.3775,10.637500000000001,1.4,3.53
2025-06-09,21.8,13.8,1.5,3.86,22.73,0.35179166666666667,84.70833333333333,0.35624999999999996,12.0625,1.5,3.86
2025-06-10,22.0,13.8,1.4,3.85,22.07,0.34070833333333334,80.33333333333333,0.4366666666666667,10.854166666666666,1.4,3.85
2025-06-11,20.9,11.6,0.0,3.61,21.2,0.32158333333333333,77.45833333333333,0.455,11.033333333333333,0.0,3.61
2025-06-12,20.9,13.9,5.3,3.27,19.27,0.333375,84.91666666666667,0.32583333333333336,10.858333333333334,5.3,3.27
2025-06-13,21.1,13.3,0.2,3.78,22.12,0.31595833333333334,75.125,0.51,11.266666666666666,0.2,3.78
2025-06-14,21.0,11.6,0.1,3.74,21.96,0.29675,77.95833333333333,0.45083333333333336,9.683333333333334,0.1,3.74
2025-06-15,20.4,11.6,0.0,3.38,19.56,0.29462499999999997,77.29166666666667,0.4391666666666667,10.35,0.0,3.38
2025-06-16,20.1,12.4,1.5,3.46,20.21,0.28879166666666667,78.04166666666667,0.43583333333333335,11.216666666666667,1.5,3.46
2025-06-17,19.9,12.8,4.0,3.01,18.29,0.301375,86.04166666666667,0.27166666666666667,9.070833333333333,4.0,3.01
2025-06-18,20.2,13.4,3.2,3.32,19.44,0.3292083333333334,83.45833333333333,0.345,9.795833333333333,3.2,3.32
2025-06-19,21.0,12.9,3.7,3.12,18.37,0.32254166666666667,84.79166666666667,0.30916666666666665,8.641666666666667,3.7,3.12
2025-06-20,21.8,12.5,6.5,3.09,17.7,0.33870833333333333,86.375,0.2808333333333333,5.483333333333333,6.5,3.09
2025-06-21,21.5,11.2,1.9,3.61,21.0,0.34079166666666666,84.625,0.3333333333333333,6.279166666666666,1.9,3.61
2025-06-22,20.4,11.8,2.1,3.39,20.1,0.33487500000000003,84.16666666666667,0.325,8.5375,2.1,3.39
2025-06-23,20.5,13.6,2.3,3.4,19.85,0.32658333333333334,82.04166666666667,0.37166666666666665,10.216666666666667,2.3,3.4
2025-06-24,21.1,9.1,0.3,4.08,23.63,0.3160833333333333,76.625,0.5016666666666666,9.637500000000001,0.3,4.08
2025-06-25,22.2,11.0,0.3,3.97,22.54,0.2977916666666666,76.125,0.5104166666666666,10.833333333333334,0.3,3.97
2025-06-26,21.2,13.1,3.7,3.37,19.78,0.2993333333333333,84.04166666666667,0.34791666666666665,11.370833333333332,3.7,3.37
2025-06-27,22.5,14.6,2.4,3.87,21.46,0.29504166666666665,80.54166666666667,0.4495833333333334,9.645833333333334,2.4,3.87
2025-06-28,20.8,13.6,1.3,3.14,18.36,0.2846666666666667,83.70833333333333,0.33625,11.483333333333334,1.3,3.14
2025-06-29,18.5,13.2,4.9,2.0,11.77,0.31504166666666666,87.66666666666667,0.2325,12.254166666666668,4.9,2.0
2025-06-30,18.8,13.0,2.6,2.74,16.08,0.318125,80.58333333333333,0.365,12.299999999999999,2.6,2.74
2025-07-01,19.5,12.8,2.0,3.15,18.55,0.3249166666666667,79.875,0.39083333333333337,10.458333333333334,2.0,3.15
2025-07-02,20.1,12.4,0.8,3.35,19.5,0.31904166666666667,77.45833333333333,0.4429166666666667,11.137500000000001,0.8,3.35
2025-07-03,20.2,13.2,3.4,2.84,16.79,0.32066666666666666,82.45833333333333,0.3458333333333334,10.65,3.4,2.84
2025-07-04,20.3,12.9,1.8,3.34,19.36,0.320875,82.125,0.3745833333333333,10.516666666666667,1.8,3.34
2025-07-05,19.2,13.6,3.6,2.53,15.06,0.32383333333333336,85.125,0.2870833333333333,11.104166666666666,3.6,2.53
2025-07-06,19.5,13.3,4.5,2.99,18.17,0.3422083333333334,85.08333333333333,0.29833333333333334,10.358333333333333,4.5,2.99
2025-07-07,18.8,13.4,4.8,2.32,13.52,0.3505833333333333,87.125,0.24583333333333335,11.183333333333332,4.8,2.32
2025-07-08,18.2,13.1,3.4,2.18,12.69,0.3392916666666667,86.0,0.26208333333333333,12.725,3.4,2.18
2025-07-09,17.6,12.1,3.3,2.06,12.09,0.33908333333333335,84.95833333333333,0.26833333333333337,11.366666666666667,3.3,2.06
2025-07-10,20.1,11.5,5.0,3.51,20.81,0.3398333333333334,79.08333333333333,0.4166666666666667,8.529166666666667,5.0,3.51
2025-07-11,20.0,12.4,1.9,3.35,19.35,0.3382083333333334,81.58333333333333,0.3775,10.770833333333334,1.9,3.35
2025-07-12,20.4,13.0,2.9,3.35,19.51,0.33066666666666666,81.45833333333333,0.3804166666666667,9.908333333333333,2.9,3.35
2025-07-13,19.4,13.4,3.6,2.91,17.33,0.3390416666666667,83.95833333333333,0.31916666666666665,11.395833333333334,3.6,2.91
2025-07-14,20.3,12.6,2.2,3.2,18.55,0.33216666666666667,79.33333333333333,0.41124999999999995,11.329166666666666,2.2,3.2
2025-07-15,20.5,12.6,1.7,3.38,19.63,0.3222916666666667,79.125,0.42124999999999996,11.275,1.7,3.38
2025-07-16,20.5,12.2,1.1,3.04,17.18,0.3104166666666667,80.16666666666667,0.40125000000000005,9.829166666666667,1.1,3.04
2025-07-17,20.5,11.4,4.0,3.32,19.52,0.30495833333333333,83.0,0.3520833333333333,8.1875,4.0,3.32
2025-07-18,20.4,13.6,2.5,3.05,18.0,0.304125,85.375,0.29833333333333334,10.904166666666667,2.5,3.05
2025-07-19,20.1,13.3,1.0,2.77,16.18,0.301375,83.91666666666667,0.31916666666666665,11.195833333333333,1.0,2.77
2025-07-20,18.9,11.4,0.7,2.71,16.57,0.32354166666666667,84.08333333333333,0.29833333333333334,11.0375,0.7,2.71
2025-07-21,21.0,9.9,0.0,3.59,20.87,0.3234166666666667,81.66666666666667,0.38000000000000006,8.641666666666667,0.0,3.59
2025-07-22,19.4,10.9,1.1,3.27,19.71,0.30983333333333335,83.375,0.3233333333333333,12.291666666666666,1.1,3.27
2025-07-23,18.2,12.4,1.6,2.5,14.7,0.31233333333333335,85.16666666666667,0.27791666666666665,12.258333333333333,1.6,2.5
2025-07-24,20.8,11.6,0.2,3.85,22.87,0.3030833333333333,78.79166666666667,0.4345833333333333,10.4375,0.2,3.85
2025-07-25,21.5,10.4,0.0,3.93,22.91,0.2865,78.70833333333333,0.4558333333333333,11.950000000000001,0.0,3.93
2025-07-26,21.6,10.1,0.0,3.77,21.81,0.2763333333333334,74.375,0.5225,13.170833333333334,0.0,3.77
2025-07-27,20.3,9.4,0.0,3.94,24.17,0.2757083333333334,76.5,0.4579166666666667,10.854166666666666,0.0,3.94
2025-07-28,19.5,10.4,0.3,3.37,20.27,0.280125,77.20833333333333,0.4245833333333333,12.245833333333332,0.3,3.37
2025-07-29,17.0,11.8,4.3,2.16,12.37,0.3084166666666667,83.75,0.2808333333333333,14.395833333333334,4.3,2.16
2025-07-30,19.5,11.9,2.4,3.3,18.36,0.319,74.20833333333333,0.48374999999999996,14.404166666666667,2.4,3.3
2025-07-31,20.6,12.4,0.0,3.94,22.5,0.3033333333333333,71.95833333333333,0.5491666666666667,12.220833333333333,0.0,3.94
2025-08-01,18.9,12.5,1.0,2.54,14.46,0.3085833333333333,81.25,0.3491666666666667,11.804166666666667,1.0,2.54
2025-08-02,19.4,12.4,1.1,2.46,13.9,0.32875000000000004,82.625,0.32625,11.733333333333334,1.1,2.46
2025-08-03,18.9,12.6,2.4,2.28,13.54,0.339625,87.04166666666667,0.24333333333333332,11.424999999999999,2.4,2.28
2025-08-04,18.0,11.2,0.9,2.4,14.39,0.33737500000000004,84.54166666666667,0.28291666666666665,9.104166666666666,0.9,2.4
2025-08-05,18.6,10.4,0.2,2.98,18.3,0.33433333333333337,83.79166666666667,0.29458333333333336,10.4,0.2,2.98
2025-08-06,20.4,11.1,0.4,3.78,21.9,0.31216666666666665,74.5,0.49625,12.112499999999999,0.4,3.78
2025-08-07,21.1,13.1,3.4,3.42,19.93,0.30433333333333334,85.95833333333333,0.2970833333333333,7.791666666666667,3.4,3.42
2025-08-08,19.1,12.6,4.5,2.71,16.36,0.3601666666666667,89.41666666666667,0.20458333333333334,7.8875,4.5,2.71
2025-08-09,17.6,12.4,2.2,2.19,13.09,0.3600833333333333,87.20833333333333,0.22708333333333333,11.695833333333333,2.2,2.19
2025-08-10,20.1,11.7,0.7,3.41,20.29,0.3317083333333333,82.08333333333333,0.35375,8.720833333333333,0.7,3.41
2025-08-11,19.9,11.9,0.8,3.23,18.69,0.31620833333333337,80.45833333333333,0.3775,12.016666666666666,0.8,3.23
2025-08-12,18.1,12.2,1.8,2.6,15.75,0.32245833333333335,83.29166666666667,0.29833333333333334,13.008333333333333,1.8,2.6
2025-08-13,20.5,11.8,0.2,3.69,21.66,0.30616666666666664,76.16666666666667,0.4579166666666667,11.299999999999999,0.2,3.69
2025-08-14,21.4,10.6,0.3,4.16,23.9,0.27616666666666667,73.83333333333333,0.5391666666666667,10.154166666666667,0.3,4.16
2025-08-15,20.6,13.3,1.2,3.22,18.01,0.25904166666666667,80.83333333333333,0.39749999999999996,10.133333333333333,1.2,3.22
2025-08-16,20.3,13.3,7.2,3.0,16.83,0.278625,86.04166666666667,0.28875,7.8875,7.2,3.0
2025-08-17,20.5,13.8,5.2,2.85,16.01,0.3369166666666667,87.125,0.2658333333333333,6.079166666666667,5.2,2.85
2025-08-18,17.1,13.8,12.7,1.69,9.93,0.3735,92.20833333333333,0.13791666666666666,10.1875,12.7,1.69
2025-08-19,18.1,12.6,5.1,1.9,11.59,0.370875,91.20833333333333,0.15916666666666665,15.041666666666666,5.1,1.9
2025-08-20,18.4,12.1,0.8,2.21,11.84,0.35391666666666666,82.875,0.32,12.841666666666667,0.8,2.21
2025-08-21,17.7,12.1,1.8,1.99,11.07,0.341625,85.375,0.2579166666666667,13.329166666666666,1.8,1.99
2025-08-22,18.3,11.6,1.4,2.61,15.0,0.33837500000000004,81.41666666666667,0.33916666666666667,13.779166666666667,1.4,2.61
2025-08-23,17.4,11.1,1.3,2.57,14.49,0.3232083333333334,77.58333333333333,0.3933333333333333,13.433333333333332,1.3,2.57
2025-08-24,20.6,12.3,0.4,3.89,22.29,0.29970833333333335,75.16666666666667,0.51,11.979166666666666,0.4,3.89
2025-08-25,21.0,13.4,7.4,4.0,22.86,0.3287083333333333,79.875,0.43875,12.25,7.4,4.0
2025-08-26,20.6,13.1,0.8,3.8,21.73,0.31175,76.58333333333333,0.4779166666666667,12.725,0.8,3.8
2025-08-27,22.5,12.9,5.9,3.96,22.12,0.30133333333333334,79.79166666666667,0.43041666666666667,8.716666666666667,5.9,3.96
2025-08-28,20.8,12.7,1.6,3.51,20.22,0.28229166666666666,79.125,0.4266666666666667,11.608333333333334,1.6,3.51
2025-08-29,20.8,10.9,0.1,4.18,24.87,0.26866666666666666,76.83333333333333,0.4708333333333334,13.145833333333334,0.1,4.18
2025-08-30,21.5,12.0,1.7,4.15,23.88,0.262375,76.79166666666667,0.48541666666666666,12.387500000000001,1.7,4.15
2025-08-31,20.2,11.4,0.0,4.08,23.23,0.24275,69.75,0.5816666666666667,12.012500000000001,0.0,4.08
2025-09-01,21.5,12.6,1.7,4.03,23.08,0.24183333333333334,77.20833333333333,0.48208333333333336,12.958333333333334,1.7,4.03
2025-09-02,21.6,10.4,1.3,4.11,24.03,0.24050000000000002,79.29166666666667,0.44208333333333333,10.520833333333334,1.3,4.11
2025-09-03,21.5,10.4,0.0,4.12,23.48,0.22875,72.875,0.55125,10.704166666666666,0.0,4.12
2025-09-04,22.3,11.9,0.3,4.29,24.36,0.21624999999999997,75.95833333333333,0.5145833333333333,11.383333333333333,0.3,4.29
2025-09-05,21.9,12.1,0.9,3.96,22.64,0.21841666666666668,77.25,0.4879166666666667,10.9125,0.9,3.96
2025-09-06,22.5,9.2,1.0,4.26,24.08,0.21624999999999997,75.95833333333333,0.5216666666666666,7.55,1.0,4.26
2025-09-07,22.5,9.9,0.0,4.42,24.83,0.2197083333333333,72.08333333333333,0.5979166666666667,10.904166666666667,0.0,4.42
2025-09-08,22.4,12.1,0.2,4.74,25.93,0.20916666666666664,69.41666666666667,0.6766666666666666,11.329166666666666,0.2,4.74
2025-09-09,21.2,14.1,3.1,3.9,22.51,0.21279166666666668,80.375,0.42124999999999996,12.108333333333334,3.1,3.9
2025-09-10,22.5,13.4,4.7,4.0,22.86,0.29150000000000004,79.58333333333333,0.4466666666666667,11.141666666666666,4.7,4.0
2025-09-11,21.8,12.7,0.6,3.78,21.82,0.32683333333333336,80.91666666666667,0.4083333333333334,12.091666666666667,0.6,3.78
2025-09-12,21.7,11.4,0.0,4.07,22.92,0.30016666666666664,75.625,0.51,11.354166666666666,0.0,4.07
2025-09-13,22.9,9.7,5.1,3.62,20.54,0.30304166666666665,81.04166666666667,0.39791666666666664,6.029166666666666,5.1,3.62
2025-09-14,23.0,10.0,3.5,4.57,25.53,0.300125,74.625,0.54625,6.854166666666667,3.5,4.57
2025-09-15,22.5,10.3,0.5,4.57,25.76,0.27666666666666667,74.625,0.5579166666666667,9.379166666666666,0.5,4.57
2025-09-16,23.6,10.9,0.9,4.51,24.23,0.27275,72.875,0.6229166666666667,8.720833333333333,0.9,4.51
2025-09-17,24.0,10.1,0.0,5.14,27.49,0.26658333333333334,66.33333333333333,0.7920833333333334,8.179166666666667,0.0,5.14
2025-09-18,22.8,13.9,2.7,4.03,22.41,0.26295833333333335,78.16666666666667,0.4875,12.641666666666666,2.7,4.03
2025-09-19,23.0,13.5,2.3,4.56,24.09,0.25908333333333333,73.0,0.63625,12.862499999999999,2.3,4.56
2025-09-20,22.8,12.2,0.5,5.2,27.98,0.24029166666666665,65.66666666666667,0.765,14.308333333333332,0.5,5.2
2025-09-21,22.2,13.1,2.6,3.8,20.44,0.24433333333333332,74.70833333333333,0.54875,12.65,2.6,3.8
2025-09-22,22.9,13.2,0.7,4.63,24.76,0.23945833333333333,70.04166666666667,0.6708333333333334,12.6875,0.7,4.63
2025-09-23,22.1,13.7,4.0,4.2,22.33,0.24404166666666668,71.75,0.61125,13.654166666666667,4.0,4.2
2025-09-24,22.9,9.7,0.0,5.06,27.6,0.23429166666666668,66.66666666666667,0.73,10.354166666666666,0.0,5.06
2025-09-25,23.7,9.6,2.1,4.57,24.81,0.23087500000000002,70.625,0.6458333333333334,8.366666666666667,2.1,4.57
2025-09-26,22.8,12.4,3.4,4.29,23.89,0.265625,77.75,0.49333333333333335,7.270833333333333,3.4,4.29
2025-09-27,23.0,10.9,1.6,4.51,24.93,0.29654166666666665,75.04166666666667,0.5670833333333333,8.570833333333333,1.6,4.51
2025-09-28,21.6,12.8,0.4,4.33,25.01,0.28720833333333334,76.0,0.5041666666666667,10.879166666666668,0.4,4.33
2025-09-29,24.4,11.1,0.3,4.71,24.72,0.265375,67.91666666666667,0.7479166666666667,7.504166666666666,0.3,4.71
2025-09-30,24.4,11.6,2.3,4.55,24.27,0.24850000000000003,72.45833333333333,0.6379166666666667,8.933333333333334,2.3,4.55
2025-10-01,23.5,11.9,0.0,4.91,26.04,0.24733333333333332,63.125,0.82,8.495833333333334,0.0,4.91
2025-10-02,24.5,10.1,0.4,5.07,27.12,0.22304166666666667,64.25,0.81625,6.445833333333333,0.4,5.07
2025-10-03,23.5,13.6,10.2,3.5,18.15,0.2187916666666667,68.54166666666667,0.6666666666666666,5.354166666666667,10.2,3.5
2025-10-04,21.5,12.8,6.1,3.15,18.01,0.30816666666666664,85.58333333333333,0.30541666666666667,7.008333333333333,6.1,3.15
2025-10-05,22.0,13.5,5.7,3.76,21.49,0.35233333333333333,84.70833333333333,0.3425,9.479166666666666,5.7,3.76
2025-10-06,21.2,11.6,1.6,3.83,21.93,0.31516666666666665,81.875,0.3879166666666667,10.595833333333333,1.6,3.83
2025-10-07,22.0,12.9,2.8,3.98,22.47,0.3187083333333333,80.54166666666667,0.43333333333333335,12.725,2.8,3.98
2025-10-08,21.4,13.8,8.4,3.69,20.93,0.32425,80.875,0.41875,12.075000000000001,8.4,3.69
2025-10-09,21.7,12.7,3.7,4.05,22.64,0.3005833333333333,77.83333333333333,0.4916666666666667,11.762500000000001,3.7,4.05
2025-10-10,22.0,13.5,4.1,4.17,23.59,0.2889583333333333,76.75,0.5125000000000001,12.429166666666667,4.1,4.17
2025-10-11,22.3,12.7,0.6,4.71,25.53,0.26066666666666666,70.45833333333333,0.6733333333333333,11.595833333333333,0.6,4.71
2025-10-12,21.7,12.6,0.5,4.49,24.09,0.24429166666666666,69.83333333333333,0.6575,11.625,0.5,4.49
2025-10-13,23.1,12.1,0.2,4.52,24.74,0.22691666666666666,70.75,0.64,10.745833333333332,0.2,4.52
2025-10-14,22.4,14.1,0.4,4.62,25.0,0.22583333333333333,70.375,0.6520833333333333,11.3375,0.4,4.62
2025-10-15,23.3,10.8,0.1,4.94,26.68,0.21824999999999997,68.04166666666667,0.71875,9.116666666666667,0.1,4.94
2025-10-16,22.5,13.9,4.1,4.09,22.69,0.22416666666666665,75.83333333333333,0.5175,9.304166666666667,4.1,4.09
2025-10-17,22.8,13.7,6.0,4.11,23.01,0.2565,77.125,0.5008333333333334,9.191666666666666,6.0,4.11
2025-10-18,22.5,13.4,2.0,3.87,21.03,0.2652083333333333,76.58333333333333,0.5175,11.0,2.0,3.87
2025-10-19,21.6,13.1,1.0,3.41,18.38,0.2505,73.83333333333333,0.5475,10.408333333333333,1.0,3.41
2025-10-20,23.2,11.6,0.7,4.72,25.56,0.232625,70.08333333333333,0.6716666666666667,9.633333333333333,0.7,4.72
2025-10-21,24.0,12.3,2.0,4.56,24.39,0.21375,70.79166666666667,0.665,8.591666666666667,2.0,4.56
2025-10-22,23.9,13.4,0.5,4.48,23.21,0.209875,67.875,0.7295833333333334,10.716666666666667,0.5,4.48
2025-10-23,23.2,13.2,3.6,3.66,19.68,0.21191666666666667,78.58333333333333,0.4775,8.245833333333334,3.6,3.66
2025-10-24,21.5,13.7,5.1,3.19,17.93,0.3090833333333333,85.125,0.3229166666666667,6.379166666666666,5.1,3.19
2025-10-25,23.3,13.9,17.7,3.62,20.24,0.348125,84.45833333333333,0.34375,7.208333333333333,17.7,3.62
2025-10-26,22.6,12.4,12.7,3.42,18.68,0.33712499999999995,82.41666666666667,0.39208333333333334,4.0875,12.7,3.42
2025-10-27,23.1,12.8,0.8,4.23,22.9,0.29533333333333334,77.29166666666667,0.5354166666666667,8.120833333333334,0.8,4.23
2025-10-28,23.4,14.8,16.0,3.7,20.59,0.29816666666666664,83.16666666666667,0.39041666666666663,8.566666666666666,16.0,3.7
2025-10-29,22.2,14.4,8.9,3.06,18.01,0.3392916666666667,89.16666666666667,0.24458333333333335,9.445833333333333,8.9,3.06
2025-10-30,22.2,13.9,11.1,3.6,21.09,0.3685416666666667,86.08333333333333,0.2995833333333333,9.579166666666667,11.1,3.6
2025-10-31,22.4,14.4,9.8,3.21,18.28,0.40487500000000004,89.70833333333333,0.23583333333333334,9.745833333333334,9.8,3.21
2025-11-01,18.8,14.6,5.4,2.01,11.75,0.40245833333333336,90.91666666666667,0.17416666666666666,8.708333333333334,5.4,2.01
2025-11-02,22.0,13.1,1.8,3.66,20.69,0.36920833333333336,84.29166666666667,0.34791666666666665,9.558333333333334,1.8,3.66
2025-11-03,21.2,13.6,1.7,3.81,22.08,0.3468333333333333,83.83333333333333,0.35833333333333334,11.254166666666668,1.7,3.81
2025-11-04,21.5,13.9,0.9,4.13,23.61,0.3384583333333333,78.83333333333333,0.46416666666666667,10.191666666666666,0.9,4.13
2025-11-05,23.0,14.2,0.6,4.65,25.34,0.318625,74.70833333333333,0.5912499999999999,9.433333333333334,0.6,4.65
2025-11-06,22.1,14.3,0.5,4.22,23.6,0.3000833333333333,79.45833333333333,0.45916666666666667,10.275,0.5,4.22
2025-11-07,22.3,13.7,4.5,4.03,23.04,0.29475,82.875,0.3875,10.033333333333333,4.5,4.03
2025-11-08,21.0,13.4,2.0,3.69,21.47,0.297625,84.08333333333333,0.3445833333333333,10.658333333333333,2.0,3.69
2025-11-09,19.2,12.8,6.0,2.43,14.52,0.322625,89.375,0.20791666666666667,8.629166666666666,6.0,2.43
2025-11-10,21.8,10.6,0.6,4.31,24.16,0.3255416666666667,80.95833333333333,0.4254166666666667,6.229166666666667,0.6,4.31
2025-11-11,21.6,9.5,1.3,4.11,23.48,0.3025,77.66666666666667,0.47500000000000003,7.491666666666667,1.3,4.11
2025-11-12,21.7,11.4,1.1,4.25,24.13,0.27408333333333335,75.54166666666667,0.5258333333333334,8.595833333333333,1.1,4.25
2025-11-13,20.4,12.3,3.5,3.33,19.39,0.2665416666666667,81.70833333333333,0.3725,8.345833333333333,3.5,3.33
2025-11-14,21.8,11.0,9.4,3.74,21.15,0.28508333333333336,81.625,0.37291666666666673,5.183333333333334,9.4,3.74
2025-11-15,22.3,10.9,0.0,4.29,23.4,0.28654166666666664,78.75,0.4841666666666667,6.7,0.0,4.29
2025-11-16,21.5,12.8,0.6,3.82,21.62,0.2678333333333333,79.79166666666667,0.4495833333333334,9.866666666666667,0.6,3.82
2025-11-17,21.8,11.9,0.8,3.94,22.08,0.24004166666666668,81.29166666666667,0.42,6.008333333333333,0.8,3.94
2025-11-18,21.5,10.3,10.6,3.66,20.71,0.258625,85.45833333333333,0.32583333333333336,4.395833333333333,10.6,3.66
2025-11-19,22.9,11.1,2.8,4.02,21.91,0.2932916666666667,80.16666666666667,0.43375,5.208333333333333,2.8,4.02
2025-11-20,24.5,10.4,0.3,4.47,24.0,0.28429166666666666,73.58333333333333,0.6258333333333334,5.466666666666666,0.3,4.47
2025-11-21,23.5,9.9,0.5,4.75,24.98,0.25808333333333333,69.66666666666667,0.6916666666666668,8.237499999999999,0.5,4.75
2025-11-22,22.0,9.6,0.5,4.33,23.56,0.23216666666666666,70.79166666666667,0.6166666666666666,7.279166666666666,0.5,4.33
2025-11-23,21.8,11.8,1.2,3.97,21.81,0.2197083333333333,72.70833333333333,0.5695833333333333,8.554166666666667,1.2,3.97
2025-11-24,21.7,9.6,1.5,4.09,22.74,0.21554166666666666,75.58333333333333,0.5170833333333333,7.508333333333333,1.5,4.09
2025-11-25,22.2,14.4,1.3,4.27,23.52,0.23304166666666667,77.29166666666667,0.5133333333333333,12.0875,1.3,4.27
2025-11-26,21.5,13.9,3.3,3.67,21.08,0.23104166666666667,80.95833333333333,0.41583333333333333,12.950000000000001,3.3,3.67
2025-11-27,20.9,14.6,3.6,3.3,18.22,0.23291666666666666,81.375,0.3954166666666667,11.308333333333332,3.6,3.3
2025-11-28,22.6,13.4,2.2,4.39,23.5,0.21562499999999998,74.33333333333333,0.5912499999999999,7.5874999999999995,2.2,4.39
2025-11-29,22.2,11.2,1.5,3.94,20.92,0.18858333333333333,74.33333333333333,0.5691666666666667,7.8500000000000005,1.5,3.94
2025-11-30,23.2,11.6,1.2,4.2,21.67,0.19387500000000002,70.625,0.6841666666666666,7.370833333333334,1.2,4.2
2025-12-01,23.1,9.4,0.0,4.88,25.96,0.1894583333333333,68.25,0.7258333333333334,8.0,0.0,4.88
2025-12-02,23.9,8.6,0.0,4.98,26.26,0.1688333333333333,64.70833333333333,0.8083333333333332,7.845833333333334,0.0,4.98
2025-12-03,23.5,10.4,0.6,4.64,24.44,0.16329166666666667,70.29166666666667,0.695,8.604166666666666,0.6,4.64
2025-12-04,23.6,12.1,1.0,4.02,20.61,0.16695833333333332,72.625,0.635,7.2749999999999995,1.0,4.02
2025-12-05,22.9,12.0,0.3,4.16,20.91,0.16929166666666665,69.66666666666667,0.6829166666666667,10.625,0.3,4.16
2025-12-06,22.1,11.6,0.4,3.84,19.32,0.16337500000000002,70.20833333333333,0.6616666666666667,10.262500000000001,0.4,3.84
2025-12-07,22.6,14.1,1.6,4.16,21.42,0.16641666666666666,70.79166666666667,0.6354166666666666,13.708333333333334,1.6,4.16
2025-12-08,21.7,13.0,1.9,3.94,21.16,0.1758333333333333,74.16666666666667,0.5566666666666666,9.5625,1.9,3.94
2025-12-09,23.5,10.1,1.7,4.41,23.49,0.18479166666666666,69.33333333333333,0.7125,5.170833333333333,1.7,4.41
2025-12-10,23.1,10.4,2.0,4.13,22.37,0.20141666666666666,77.25,0.5191666666666667,5.2375,2.0,4.13
2025-12-11,23.0,10.4,1.4,4.26,23.3,0.19791666666666666,75.91666666666667,0.5483333333333333,5.608333333333333,1.4,4.26
2025-12-12,22.4,13.1,12.2,3.29,18.14,0.22029166666666666,80.91666666666667,0.41583333333333333,4.416666666666667,12.2,3.29
2025-12-13,23.4,10.9,3.1,3.6,19.63,0.23625,81.125,0.42416666666666664,5.633333333333333,3.1,3.6
2025-12-14,21.5,13.8,15.8,3.18,17.63,0.313125,84.625,0.34708333333333335,9.304166666666667,15.8,3.18
2025-12-15,22.5,13.3,0.5,4.3,23.19,0.23829166666666668,75.16666666666667,0.5766666666666667,9.520833333333334,0.5,4.3
2025-12-16,23.3,14.0,2.2,4.22,22.4,0.19975,76.95833333333333,0.5670833333333333,7.983333333333333,2.2,4.22
2025-12-17,23.6,13.1,2.3,4.26,22.79,0.19233333333333333,75.29166666666667,0.6041666666666666,5.4875,2.3,4.26
2025-12-18,23.3,12.9,2.2,4.01,21.54,0.17804166666666665,77.875,0.5241666666666667,7.55,2.2,4.01
2025-12-19,23.6,15.0,5.8,3.86,20.6,0.18425,78.58333333333333,0.5108333333333334,6.758333333333333,5.8,3.86
2025-12-20,23.1,12.6,12.1,4.1,22.22,0.27616666666666667,79.41666666666667,0.49875,5.383333333333333,12.1,4.1
2025-12-21,21.0,13.6,11.8,3.26,19.55,0.2890833333333333,88.29166666666667,0.2508333333333333,6.9375,11.8,3.26
2025-12-22,22.7,12.1,4.8,3.98,21.6,0.27225000000000005,79.45833333333333,0.4816666666666667,5.420833333333333,4.8,3.98
2025-12-23,23.5,11.1,1.0,4.36,23.27,0.26758333333333334,74.875,0.5920833333333334,4.729166666666667,1.0,4.36
2025-12-24,23.8,11.6,9.5,4.14,22.17,0.2745416666666667,77.29166666666667,0.5483333333333333,5.441666666666666,9.5,4.14
2025-12-25,24.8,11.4,1.4,4.61,24.52,0.3017916666666667,74.375,0.6745833333333334,5.870833333333334,1.4,4.61
2025-12-26,25.4,10.4,0.0,4.78,24.78,0.24816666666666667,69.66666666666667,0.7975,5.608333333333333,0.0,4.78
2025-12-27,26.3,12.6,2.7,4.42,22.65,0.21416666666666664,75.66666666666667,0.66125,8.237499999999999,2.7,4.42
2025-12-28,23.4,14.6,13.9,3.53,19.53,0.25429166666666664,88.20833333333333,0.28125,5.095833333333333,13.9,3.53
2025-12-29,23.8,12.9,3.7,3.9,20.89,0.31945833333333334,79.83333333333333,0.4979166666666666,6.3500000000000005,3.7,3.9
2025-12-30,22.9,12.3,9.1,3.99,22.21,0.318875,83.08333333333333,0.41,6.716666666666666,9.1,3.99
2025-12-31,23.4,12.2,3.1,4.44,23.99,0.30020833333333335,78.125,0.5320833333333334,6.691666666666666,3.1,4.44
